<root>
  <Event xmlns="http://schemas.microsoft.com/win/2004/08/events/event">
    <System>
      <Provider Name="Microsoft-Windows-Eventlog" Guid="{fc65ddd8-d6ef-4962-83d5-6e5cfe9ce148}" />
      <EventID>1102</EventID>
      <Version>0</Version>
      <Level>4</Level>
      <Task>104</Task>
      <Opcode>0</Opcode>
      <Keywords>0x4020000000000000</Keywords>
      <TimeCreated SystemTime="2019-03-25T09:09:14.916619400Z" />
      <EventRecordID>198238040</EventRecordID>
      <Correlation />
      <Execution ProcessID="744" ThreadID="2028" />
      <Channel>Security</Channel>
      <Computer>DC1.insecurebank.local</Computer>
      <Security />
    </System>
    <UserData>
      <LogFileCleared xmlns="http://manifests.microsoft.com/win/2004/08/windows/eventlog">
        <SubjectUserSid>S-1-5-21-738609754-2819869699-4189121830-1108</SubjectUserSid>
        <SubjectUserName>bob</SubjectUserName>
        <SubjectDomainName>insecurebank</SubjectDomainName>
        <SubjectLogonId>0x8d7099</SubjectLogonId>
      </LogFileCleared>
    </UserData>
  </Event>
  <Event xmlns="http://schemas.microsoft.com/win/2004/08/events/event">
    <System>
      <Provider Name="Microsoft-Windows-Security-Auditing" Guid="{54849625-5478-4994-A5BA-3E3B0328C30D}" />
      <EventID>4662</EventID>
      <Version>0</Version>
      <Level>0</Level>
      <Task>14080</Task>
      <Opcode>0</Opcode>
      <Keywords>0x8020000000000000</Keywords>
      <TimeCreated SystemTime="2019-03-25T10:05:30.695604300Z" />
      <EventRecordID>198238041</EventRecordID>
      <Correlation />
      <Execution ProcessID="444" ThreadID="4200" />
      <Channel>Security</Channel>
      <Computer>DC1.insecurebank.local</Computer>
      <Security />
    </System>
    <EventData>
      <Data Name="SubjectUserSid">S-1-5-18</Data>
      <Data Name="SubjectUserName">DC1$</Data>
      <Data Name="SubjectDomainName">insecurebank</Data>
      <Data Name="SubjectLogonId">0xb3ac2</Data>
      <Data Name="ObjectServer">DS</Data>
      <Data Name="ObjectType">%{19195a5b-6da0-11d0-afd3-00c04fd930c9}</Data>
      <Data Name="ObjectName">%{c6faf700-bfe4-452a-a766-424f84c29583}</Data>
      <Data Name="OperationType">Object Access</Data>
      <Data Name="HandleId">0x0</Data>
      <Data Name="AccessList">%%7688
				</Data>
      <Data Name="AccessMask">0x100</Data>
      <Data Name="Properties">%%7688
		{1131f6aa-9c07-11d1-f79f-00c04fc2dcd2}
	{19195a5b-6da0-11d0-afd3-00c04fd930c9}
</Data>
      <Data Name="AdditionalInfo">-</Data>
      <Data Name="AdditionalInfo2">
      </Data>
    </EventData>
  </Event>
  <Event xmlns="http://schemas.microsoft.com/win/2004/08/events/event">
    <System>
      <Provider Name="Microsoft-Windows-Security-Auditing" Guid="{54849625-5478-4994-A5BA-3E3B0328C30D}" />
      <EventID>4662</EventID>
      <Version>0</Version>
      <Level>0</Level>
      <Task>14080</Task>
      <Opcode>0</Opcode>
      <Keywords>0x8020000000000000</Keywords>
      <TimeCreated SystemTime="2019-03-25T10:33:53.024617500Z" />
      <EventRecordID>198238042</EventRecordID>
      <Correlation />
      <Execution ProcessID="444" ThreadID="3616" />
      <Channel>Security</Channel>
      <Computer>DC1.insecurebank.local</Computer>
      <Security />
    </System>
    <EventData>
      <Data Name="SubjectUserSid">S-1-5-21-738609754-2819869699-4189121830-1108</Data>
      <Data Name="SubjectUserName">bob</Data>
      <Data Name="SubjectDomainName">insecurebank</Data>
      <Data Name="SubjectLogonId">0x8d7099</Data>
      <Data Name="ObjectServer">DS</Data>
      <Data Name="ObjectType">%{f30e3bc2-9ff0-11d1-b603-0000f80367c1}</Data>
      <Data Name="ObjectName">%{6cdecdb5-7515-4511-8141-c34a7c3d4a0a}</Data>
      <Data Name="OperationType">Object Access</Data>
      <Data Name="HandleId">0x0</Data>
      <Data Name="AccessList">%%7685
				</Data>
      <Data Name="AccessMask">0x20</Data>
      <Data Name="Properties">%%7685
		{771727b1-31b8-4cdf-ae62-4fe39fadf89e}
			{bf967a76-0de6-11d0-a285-00aa003049e2}
	{f30e3bc2-9ff0-11d1-b603-0000f80367c1}
</Data>
      <Data Name="AdditionalInfo">-</Data>
      <Data Name="AdditionalInfo2">
      </Data>
    </EventData>
  </Event>
  <Event xmlns="http://schemas.microsoft.com/win/2004/08/events/event">
    <System>
      <Provider Name="Microsoft-Windows-Security-Auditing" Guid="{54849625-5478-4994-A5BA-3E3B0328C30D}" />
      <EventID>5136</EventID>
      <Version>0</Version>
      <Level>0</Level>
      <Task>14081</Task>
      <Opcode>0</Opcode>
      <Keywords>0x8020000000000000</Keywords>
      <TimeCreated SystemTime="2019-03-25T10:33:56.457629700Z" />
      <EventRecordID>198238043</EventRecordID>
      <Correlation />
      <Execution ProcessID="444" ThreadID="3488" />
      <Channel>Security</Channel>
      <Computer>DC1.insecurebank.local</Computer>
      <Security />
    </System>
    <EventData>
      <Data Name="OpCorrelationID">{780EA6E1-6307-48D6-8B0D-8C45CC7534AE}</Data>
      <Data Name="AppCorrelationID">-</Data>
      <Data Name="SubjectUserSid">S-1-5-21-738609754-2819869699-4189121830-1108</Data>
      <Data Name="SubjectUserName">bob</Data>
      <Data Name="SubjectDomainName">insecurebank</Data>
      <Data Name="SubjectLogonId">0x8d7099</Data>
      <Data Name="DSName">insecurebank.local</Data>
      <Data Name="DSType">%%14676</Data>
      <Data Name="ObjectDN">CN={6AC1786C-016F-11D2-945F-00C04FB984F9},CN=POLICIES,CN=SYSTEM,DC=INSECUREBANK,DC=LOCAL</Data>
      <Data Name="ObjectGUID">{6CDECDB5-7515-4511-8141-C34A7C3D4A0A}</Data>
      <Data Name="ObjectClass">groupPolicyContainer</Data>
      <Data Name="AttributeLDAPDisplayName">versionNumber</Data>
      <Data Name="AttributeSyntaxOID">2.5.5.9</Data>
      <Data Name="AttributeValue">5</Data>
      <Data Name="OperationType">%%14675</Data>
    </EventData>
  </Event>
  <Event xmlns="http://schemas.microsoft.com/win/2004/08/events/event">
    <System>
      <Provider Name="Microsoft-Windows-Security-Auditing" Guid="{54849625-5478-4994-A5BA-3E3B0328C30D}" />
      <EventID>5136</EventID>
      <Version>0</Version>
      <Level>0</Level>
      <Task>14081</Task>
      <Opcode>0</Opcode>
      <Keywords>0x8020000000000000</Keywords>
      <TimeCreated SystemTime="2019-03-25T10:33:56.457629700Z" />
      <EventRecordID>198238044</EventRecordID>
      <Correlation />
      <Execution ProcessID="444" ThreadID="2868" />
      <Channel>Security</Channel>
      <Computer>DC1.insecurebank.local</Computer>
      <Security />
    </System>
    <EventData>
      <Data Name="OpCorrelationID">{780EA6E1-6307-48D6-8B0D-8C45CC7534AE}</Data>
      <Data Name="AppCorrelationID">-</Data>
      <Data Name="SubjectUserSid">S-1-5-21-738609754-2819869699-4189121830-1108</Data>
      <Data Name="SubjectUserName">bob</Data>
      <Data Name="SubjectDomainName">insecurebank</Data>
      <Data Name="SubjectLogonId">0x8d7099</Data>
      <Data Name="DSName">insecurebank.local</Data>
      <Data Name="DSType">%%14676</Data>
      <Data Name="ObjectDN">CN={6AC1786C-016F-11D2-945F-00C04FB984F9},CN=POLICIES,CN=SYSTEM,DC=INSECUREBANK,DC=LOCAL</Data>
      <Data Name="ObjectGUID">{6CDECDB5-7515-4511-8141-C34A7C3D4A0A}</Data>
      <Data Name="ObjectClass">groupPolicyContainer</Data>
      <Data Name="AttributeLDAPDisplayName">versionNumber</Data>
      <Data Name="AttributeSyntaxOID">2.5.5.9</Data>
      <Data Name="AttributeValue">6</Data>
      <Data Name="OperationType">%%14674</Data>
    </EventData>
  </Event>
  <Event xmlns="http://schemas.microsoft.com/win/2004/08/events/event">
    <System>
      <Provider Name="Microsoft-Windows-Security-Auditing" Guid="{54849625-5478-4994-A5BA-3E3B0328C30D}" />
      <EventID>4662</EventID>
      <Version>0</Version>
      <Level>0</Level>
      <Task>14080</Task>
      <Opcode>0</Opcode>
      <Keywords>0x8020000000000000</Keywords>
      <TimeCreated SystemTime="2019-03-25T10:34:07.385615400Z" />
      <EventRecordID>198238045</EventRecordID>
      <Correlation />
      <Execution ProcessID="444" ThreadID="3616" />
      <Channel>Security</Channel>
      <Computer>DC1.insecurebank.local</Computer>
      <Security />
    </System>
    <EventData>
      <Data Name="SubjectUserSid">S-1-5-21-738609754-2819869699-4189121830-1108</Data>
      <Data Name="SubjectUserName">bob</Data>
      <Data Name="SubjectDomainName">insecurebank</Data>
      <Data Name="SubjectLogonId">0x8d7099</Data>
      <Data Name="ObjectServer">DS</Data>
      <Data Name="ObjectType">%{f30e3bc2-9ff0-11d1-b603-0000f80367c1}</Data>
      <Data Name="ObjectName">%{6cdecdb5-7515-4511-8141-c34a7c3d4a0a}</Data>
      <Data Name="OperationType">Object Access</Data>
      <Data Name="HandleId">0x0</Data>
      <Data Name="AccessList">%%7685
				</Data>
      <Data Name="AccessMask">0x20</Data>
      <Data Name="Properties">%%7685
		{771727b1-31b8-4cdf-ae62-4fe39fadf89e}
			{bf967a76-0de6-11d0-a285-00aa003049e2}
	{f30e3bc2-9ff0-11d1-b603-0000f80367c1}
</Data>
      <Data Name="AdditionalInfo">-</Data>
      <Data Name="AdditionalInfo2">
      </Data>
    </EventData>
  </Event>
  <Event xmlns="http://schemas.microsoft.com/win/2004/08/events/event">
    <System>
      <Provider Name="Microsoft-Windows-Security-Auditing" Guid="{54849625-5478-4994-A5BA-3E3B0328C30D}" />
      <EventID>5136</EventID>
      <Version>0</Version>
      <Level>0</Level>
      <Task>14081</Task>
      <Opcode>0</Opcode>
      <Keywords>0x8020000000000000</Keywords>
      <TimeCreated SystemTime="2019-03-25T10:34:16.458631500Z" />
      <EventRecordID>198238046</EventRecordID>
      <Correlation />
      <Execution ProcessID="444" ThreadID="1420" />
      <Channel>Security</Channel>
      <Computer>DC1.insecurebank.local</Computer>
      <Security />
    </System>
    <EventData>
      <Data Name="OpCorrelationID">{4929664A-5CD8-4C73-BF19-223ACA5501F3}</Data>
      <Data Name="AppCorrelationID">-</Data>
      <Data Name="SubjectUserSid">S-1-5-21-738609754-2819869699-4189121830-1108</Data>
      <Data Name="SubjectUserName">bob</Data>
      <Data Name="SubjectDomainName">insecurebank</Data>
      <Data Name="SubjectLogonId">0x8d7099</Data>
      <Data Name="DSName">insecurebank.local</Data>
      <Data Name="DSType">%%14676</Data>
      <Data Name="ObjectDN">CN={6AC1786C-016F-11D2-945F-00C04FB984F9},CN=POLICIES,CN=SYSTEM,DC=INSECUREBANK,DC=LOCAL</Data>
      <Data Name="ObjectGUID">{6CDECDB5-7515-4511-8141-C34A7C3D4A0A}</Data>
      <Data Name="ObjectClass">groupPolicyContainer</Data>
      <Data Name="AttributeLDAPDisplayName">versionNumber</Data>
      <Data Name="AttributeSyntaxOID">2.5.5.9</Data>
      <Data Name="AttributeValue">6</Data>
      <Data Name="OperationType">%%14675</Data>
    </EventData>
  </Event>
  <Event xmlns="http://schemas.microsoft.com/win/2004/08/events/event">
    <System>
      <Provider Name="Microsoft-Windows-Security-Auditing" Guid="{54849625-5478-4994-A5BA-3E3B0328C30D}" />
      <EventID>5136</EventID>
      <Version>0</Version>
      <Level>0</Level>
      <Task>14081</Task>
      <Opcode>0</Opcode>
      <Keywords>0x8020000000000000</Keywords>
      <TimeCreated SystemTime="2019-03-25T10:34:16.458631500Z" />
      <EventRecordID>198238047</EventRecordID>
      <Correlation />
      <Execution ProcessID="444" ThreadID="1420" />
      <Channel>Security</Channel>
      <Computer>DC1.insecurebank.local</Computer>
      <Security />
    </System>
    <EventData>
      <Data Name="OpCorrelationID">{4929664A-5CD8-4C73-BF19-223ACA5501F3}</Data>
      <Data Name="AppCorrelationID">-</Data>
      <Data Name="SubjectUserSid">S-1-5-21-738609754-2819869699-4189121830-1108</Data>
      <Data Name="SubjectUserName">bob</Data>
      <Data Name="SubjectDomainName">insecurebank</Data>
      <Data Name="SubjectLogonId">0x8d7099</Data>
      <Data Name="DSName">insecurebank.local</Data>
      <Data Name="DSType">%%14676</Data>
      <Data Name="ObjectDN">CN={6AC1786C-016F-11D2-945F-00C04FB984F9},CN=POLICIES,CN=SYSTEM,DC=INSECUREBANK,DC=LOCAL</Data>
      <Data Name="ObjectGUID">{6CDECDB5-7515-4511-8141-C34A7C3D4A0A}</Data>
      <Data Name="ObjectClass">groupPolicyContainer</Data>
      <Data Name="AttributeLDAPDisplayName">versionNumber</Data>
      <Data Name="AttributeSyntaxOID">2.5.5.9</Data>
      <Data Name="AttributeValue">7</Data>
      <Data Name="OperationType">%%14674</Data>
    </EventData>
  </Event>
  <Event xmlns="http://schemas.microsoft.com/win/2004/08/events/event">
    <System>
      <Provider Name="Microsoft-Windows-Security-Auditing" Guid="{54849625-5478-4994-A5BA-3E3B0328C30D}" />
      <EventID>4662</EventID>
      <Version>0</Version>
      <Level>0</Level>
      <Task>14080</Task>
      <Opcode>0</Opcode>
      <Keywords>0x8020000000000000</Keywords>
      <TimeCreated SystemTime="2019-03-25T10:35:09.463609700Z" />
      <EventRecordID>198238048</EventRecordID>
      <Correlation />
      <Execution ProcessID="444" ThreadID="2868" />
      <Channel>Security</Channel>
      <Computer>DC1.insecurebank.local</Computer>
      <Security />
    </System>
    <EventData>
      <Data Name="SubjectUserSid">S-1-5-21-738609754-2819869699-4189121830-1108</Data>
      <Data Name="SubjectUserName">bob</Data>
      <Data Name="SubjectDomainName">insecurebank</Data>
      <Data Name="SubjectLogonId">0x8d7099</Data>
      <Data Name="ObjectServer">DS</Data>
      <Data Name="ObjectType">%{f30e3bc2-9ff0-11d1-b603-0000f80367c1}</Data>
      <Data Name="ObjectName">%{6d8a089c-f91e-41b4-a1d6-5985255210c3}</Data>
      <Data Name="OperationType">Object Access</Data>
      <Data Name="HandleId">0x0</Data>
      <Data Name="AccessList">%%7685
				</Data>
      <Data Name="AccessMask">0x20</Data>
      <Data Name="Properties">%%7685
		{771727b1-31b8-4cdf-ae62-4fe39fadf89e}
			{bf967a76-0de6-11d0-a285-00aa003049e2}
	{f30e3bc2-9ff0-11d1-b603-0000f80367c1}
</Data>
      <Data Name="AdditionalInfo">-</Data>
      <Data Name="AdditionalInfo2">
      </Data>
    </EventData>
  </Event>
  <Event xmlns="http://schemas.microsoft.com/win/2004/08/events/event">
    <System>
      <Provider Name="Microsoft-Windows-Security-Auditing" Guid="{54849625-5478-4994-A5BA-3E3B0328C30D}" />
      <EventID>5136</EventID>
      <Version>0</Version>
      <Level>0</Level>
      <Task>14081</Task>
      <Opcode>0</Opcode>
      <Keywords>0x8020000000000000</Keywords>
      <TimeCreated SystemTime="2019-03-25T10:35:16.462616700Z" />
      <EventRecordID>198238049</EventRecordID>
      <Correlation />
      <Execution ProcessID="444" ThreadID="3616" />
      <Channel>Security</Channel>
      <Computer>DC1.insecurebank.local</Computer>
      <Security />
    </System>
    <EventData>
      <Data Name="OpCorrelationID">{6548DB79-3AD6-41E2-A3BB-C3506A86B579}</Data>
      <Data Name="AppCorrelationID">-</Data>
      <Data Name="SubjectUserSid">S-1-5-21-738609754-2819869699-4189121830-1108</Data>
      <Data Name="SubjectUserName">bob</Data>
      <Data Name="SubjectDomainName">insecurebank</Data>
      <Data Name="SubjectLogonId">0x8d7099</Data>
      <Data Name="DSName">insecurebank.local</Data>
      <Data Name="DSType">%%14676</Data>
      <Data Name="ObjectDN">CN={31B2F340-016D-11D2-945F-00C04FB984F9},CN=POLICIES,CN=SYSTEM,DC=INSECUREBANK,DC=LOCAL</Data>
      <Data Name="ObjectGUID">{6D8A089C-F91E-41B4-A1D6-5985255210C3}</Data>
      <Data Name="ObjectClass">groupPolicyContainer</Data>
      <Data Name="AttributeLDAPDisplayName">versionNumber</Data>
      <Data Name="AttributeSyntaxOID">2.5.5.9</Data>
      <Data Name="AttributeValue">65554</Data>
      <Data Name="OperationType">%%14675</Data>
    </EventData>
  </Event>
  <Event xmlns="http://schemas.microsoft.com/win/2004/08/events/event">
    <System>
      <Provider Name="Microsoft-Windows-Security-Auditing" Guid="{54849625-5478-4994-A5BA-3E3B0328C30D}" />
      <EventID>5136</EventID>
      <Version>0</Version>
      <Level>0</Level>
      <Task>14081</Task>
      <Opcode>0</Opcode>
      <Keywords>0x8020000000000000</Keywords>
      <TimeCreated SystemTime="2019-03-25T10:35:16.462616700Z" />
      <EventRecordID>198238050</EventRecordID>
      <Correlation />
      <Execution ProcessID="444" ThreadID="3616" />
      <Channel>Security</Channel>
      <Computer>DC1.insecurebank.local</Computer>
      <Security />
    </System>
    <EventData>
      <Data Name="OpCorrelationID">{6548DB79-3AD6-41E2-A3BB-C3506A86B579}</Data>
      <Data Name="AppCorrelationID">-</Data>
      <Data Name="SubjectUserSid">S-1-5-21-738609754-2819869699-4189121830-1108</Data>
      <Data Name="SubjectUserName">bob</Data>
      <Data Name="SubjectDomainName">insecurebank</Data>
      <Data Name="SubjectLogonId">0x8d7099</Data>
      <Data Name="DSName">insecurebank.local</Data>
      <Data Name="DSType">%%14676</Data>
      <Data Name="ObjectDN">CN={31B2F340-016D-11D2-945F-00C04FB984F9},CN=POLICIES,CN=SYSTEM,DC=INSECUREBANK,DC=LOCAL</Data>
      <Data Name="ObjectGUID">{6D8A089C-F91E-41B4-A1D6-5985255210C3}</Data>
      <Data Name="ObjectClass">groupPolicyContainer</Data>
      <Data Name="AttributeLDAPDisplayName">versionNumber</Data>
      <Data Name="AttributeSyntaxOID">2.5.5.9</Data>
      <Data Name="AttributeValue">65555</Data>
      <Data Name="OperationType">%%14674</Data>
    </EventData>
  </Event>
  <Event xmlns="http://schemas.microsoft.com/win/2004/08/events/event">
    <System>
      <Provider Name="Microsoft-Windows-Security-Auditing" Guid="{54849625-5478-4994-A5BA-3E3B0328C30D}" />
      <EventID>4662</EventID>
      <Version>0</Version>
      <Level>0</Level>
      <Task>14080</Task>
      <Opcode>0</Opcode>
      <Keywords>0x8020000000000000</Keywords>
      <TimeCreated SystemTime="2019-03-25T10:35:30.873622100Z" />
      <EventRecordID>198238051</EventRecordID>
      <Correlation />
      <Execution ProcessID="444" ThreadID="3488" />
      <Channel>Security</Channel>
      <Computer>DC1.insecurebank.local</Computer>
      <Security />
    </System>
    <EventData>
      <Data Name="SubjectUserSid">S-1-5-21-738609754-2819869699-4189121830-1108</Data>
      <Data Name="SubjectUserName">bob</Data>
      <Data Name="SubjectDomainName">insecurebank</Data>
      <Data Name="SubjectLogonId">0x8d7099</Data>
      <Data Name="ObjectServer">DS</Data>
      <Data Name="ObjectType">%{f30e3bc2-9ff0-11d1-b603-0000f80367c1}</Data>
      <Data Name="ObjectName">%{6d8a089c-f91e-41b4-a1d6-5985255210c3}</Data>
      <Data Name="OperationType">Object Access</Data>
      <Data Name="HandleId">0x0</Data>
      <Data Name="AccessList">%%7685
				</Data>
      <Data Name="AccessMask">0x20</Data>
      <Data Name="Properties">%%7685
		{771727b1-31b8-4cdf-ae62-4fe39fadf89e}
			{bf967a76-0de6-11d0-a285-00aa003049e2}
	{f30e3bc2-9ff0-11d1-b603-0000f80367c1}
</Data>
      <Data Name="AdditionalInfo">-</Data>
      <Data Name="AdditionalInfo2">
      </Data>
    </EventData>
  </Event>
  <Event xmlns="http://schemas.microsoft.com/win/2004/08/events/event">
    <System>
      <Provider Name="Microsoft-Windows-Security-Auditing" Guid="{54849625-5478-4994-A5BA-3E3B0328C30D}" />
      <EventID>5136</EventID>
      <Version>0</Version>
      <Level>0</Level>
      <Task>14081</Task>
      <Opcode>0</Opcode>
      <Keywords>0x8020000000000000</Keywords>
      <TimeCreated SystemTime="2019-03-25T10:35:36.463626700Z" />
      <EventRecordID>198238052</EventRecordID>
      <Correlation />
      <Execution ProcessID="444" ThreadID="3488" />
      <Channel>Security</Channel>
      <Computer>DC1.insecurebank.local</Computer>
      <Security />
    </System>
    <EventData>
      <Data Name="OpCorrelationID">{B48B013C-1D7B-4192-9185-EFC882C4947A}</Data>
      <Data Name="AppCorrelationID">-</Data>
      <Data Name="SubjectUserSid">S-1-5-21-738609754-2819869699-4189121830-1108</Data>
      <Data Name="SubjectUserName">bob</Data>
      <Data Name="SubjectDomainName">insecurebank</Data>
      <Data Name="SubjectLogonId">0x8d7099</Data>
      <Data Name="DSName">insecurebank.local</Data>
      <Data Name="DSType">%%14676</Data>
      <Data Name="ObjectDN">CN={31B2F340-016D-11D2-945F-00C04FB984F9},CN=POLICIES,CN=SYSTEM,DC=INSECUREBANK,DC=LOCAL</Data>
      <Data Name="ObjectGUID">{6D8A089C-F91E-41B4-A1D6-5985255210C3}</Data>
      <Data Name="ObjectClass">groupPolicyContainer</Data>
      <Data Name="AttributeLDAPDisplayName">versionNumber</Data>
      <Data Name="AttributeSyntaxOID">2.5.5.9</Data>
      <Data Name="AttributeValue">65555</Data>
      <Data Name="OperationType">%%14675</Data>
    </EventData>
  </Event>
  <Event xmlns="http://schemas.microsoft.com/win/2004/08/events/event">
    <System>
      <Provider Name="Microsoft-Windows-Security-Auditing" Guid="{54849625-5478-4994-A5BA-3E3B0328C30D}" />
      <EventID>5136</EventID>
      <Version>0</Version>
      <Level>0</Level>
      <Task>14081</Task>
      <Opcode>0</Opcode>
      <Keywords>0x8020000000000000</Keywords>
      <TimeCreated SystemTime="2019-03-25T10:35:36.463626700Z" />
      <EventRecordID>198238053</EventRecordID>
      <Correlation />
      <Execution ProcessID="444" ThreadID="3488" />
      <Channel>Security</Channel>
      <Computer>DC1.insecurebank.local</Computer>
      <Security />
    </System>
    <EventData>
      <Data Name="OpCorrelationID">{B48B013C-1D7B-4192-9185-EFC882C4947A}</Data>
      <Data Name="AppCorrelationID">-</Data>
      <Data Name="SubjectUserSid">S-1-5-21-738609754-2819869699-4189121830-1108</Data>
      <Data Name="SubjectUserName">bob</Data>
      <Data Name="SubjectDomainName">insecurebank</Data>
      <Data Name="SubjectLogonId">0x8d7099</Data>
      <Data Name="DSName">insecurebank.local</Data>
      <Data Name="DSType">%%14676</Data>
      <Data Name="ObjectDN">CN={31B2F340-016D-11D2-945F-00C04FB984F9},CN=POLICIES,CN=SYSTEM,DC=INSECUREBANK,DC=LOCAL</Data>
      <Data Name="ObjectGUID">{6D8A089C-F91E-41B4-A1D6-5985255210C3}</Data>
      <Data Name="ObjectClass">groupPolicyContainer</Data>
      <Data Name="AttributeLDAPDisplayName">versionNumber</Data>
      <Data Name="AttributeSyntaxOID">2.5.5.9</Data>
      <Data Name="AttributeValue">65556</Data>
      <Data Name="OperationType">%%14674</Data>
    </EventData>
  </Event>
  <Event xmlns="http://schemas.microsoft.com/win/2004/08/events/event">
    <System>
      <Provider Name="Microsoft-Windows-Security-Auditing" Guid="{54849625-5478-4994-A5BA-3E3B0328C30D}" />
      <EventID>4719</EventID>
      <Version>0</Version>
      <Level>0</Level>
      <Task>13568</Task>
      <Opcode>0</Opcode>
      <Keywords>0x8020000000000000</Keywords>
      <TimeCreated SystemTime="2019-03-25T10:36:03.974608400Z" />
      <EventRecordID>198238054</EventRecordID>
      <Correlation />
      <Execution ProcessID="444" ThreadID="3616" />
      <Channel>Security</Channel>
      <Computer>DC1.insecurebank.local</Computer>
      <Security />
    </System>
    <EventData>
      <Data Name="SubjectUserSid">S-1-5-18</Data>
      <Data Name="SubjectUserName">DC1$</Data>
      <Data Name="SubjectDomainName">insecurebank</Data>
      <Data Name="SubjectLogonId">0x3e7</Data>
      <Data Name="CategoryId">%%8273</Data>
      <Data Name="SubcategoryId">%%12544</Data>
      <Data Name="SubcategoryGuid">{0CCE9215-69AE-11D9-BED3-505054503030}</Data>
      <Data Name="AuditPolicyChanges">%%8449, %%8451</Data>
    </EventData>
  </Event>
  <Event xmlns="http://schemas.microsoft.com/win/2004/08/events/event">
    <System>
      <Provider Name="Microsoft-Windows-Security-Auditing" Guid="{54849625-5478-4994-A5BA-3E3B0328C30D}" />
      <EventID>4719</EventID>
      <Version>0</Version>
      <Level>0</Level>
      <Task>13568</Task>
      <Opcode>0</Opcode>
      <Keywords>0x8020000000000000</Keywords>
      <TimeCreated SystemTime="2019-03-25T10:36:03.974608400Z" />
      <EventRecordID>198238055</EventRecordID>
      <Correlation />
      <Execution ProcessID="444" ThreadID="3616" />
      <Channel>Security</Channel>
      <Computer>DC1.insecurebank.local</Computer>
      <Security />
    </System>
    <EventData>
      <Data Name="SubjectUserSid">S-1-5-18</Data>
      <Data Name="SubjectUserName">DC1$</Data>
      <Data Name="SubjectDomainName">insecurebank</Data>
      <Data Name="SubjectLogonId">0x3e7</Data>
      <Data Name="CategoryId">%%8274</Data>
      <Data Name="SubcategoryId">%%12811</Data>
      <Data Name="SubcategoryGuid">{0CCE9244-69AE-11D9-BED3-505054503030}</Data>
      <Data Name="AuditPolicyChanges">%%8449</Data>
    </EventData>
  </Event>
  <Event xmlns="http://schemas.microsoft.com/win/2004/08/events/event">
    <System>
      <Provider Name="Microsoft-Windows-Security-Auditing" Guid="{54849625-5478-4994-A5BA-3E3B0328C30D}" />
      <EventID>4662</EventID>
      <Version>0</Version>
      <Level>0</Level>
      <Task>14080</Task>
      <Opcode>0</Opcode>
      <Keywords>0x8020000000000000</Keywords>
      <TimeCreated SystemTime="2019-03-25T11:05:30.695618000Z" />
      <EventRecordID>198238291</EventRecordID>
      <Correlation />
      <Execution ProcessID="444" ThreadID="2112" />
      <Channel>Security</Channel>
      <Computer>DC1.insecurebank.local</Computer>
      <Security />
    </System>
    <EventData>
      <Data Name="SubjectUserSid">S-1-5-18</Data>
      <Data Name="SubjectUserName">DC1$</Data>
      <Data Name="SubjectDomainName">insecurebank</Data>
      <Data Name="SubjectLogonId">0xb3ac2</Data>
      <Data Name="ObjectServer">DS</Data>
      <Data Name="ObjectType">%{19195a5b-6da0-11d0-afd3-00c04fd930c9}</Data>
      <Data Name="ObjectName">%{c6faf700-bfe4-452a-a766-424f84c29583}</Data>
      <Data Name="OperationType">Object Access</Data>
      <Data Name="HandleId">0x0</Data>
      <Data Name="AccessList">%%7688
				</Data>
      <Data Name="AccessMask">0x100</Data>
      <Data Name="Properties">%%7688
		{1131f6aa-9c07-11d1-f79f-00c04fc2dcd2}
	{19195a5b-6da0-11d0-afd3-00c04fd930c9}
</Data>
      <Data Name="AdditionalInfo">-</Data>
      <Data Name="AdditionalInfo2">
      </Data>
    </EventData>
  </Event>
  <Event xmlns="http://schemas.microsoft.com/win/2004/08/events/event">
    <System>
      <Provider Name="Microsoft-Windows-Security-Auditing" Guid="{54849625-5478-4994-A5BA-3E3B0328C30D}" />
      <EventID>4662</EventID>
      <Version>0</Version>
      <Level>0</Level>
      <Task>14080</Task>
      <Opcode>0</Opcode>
      <Keywords>0x8020000000000000</Keywords>
      <TimeCreated SystemTime="2019-03-25T11:14:33.721633900Z" />
      <EventRecordID>198238401</EventRecordID>
      <Correlation />
      <Execution ProcessID="444" ThreadID="2112" />
      <Channel>Security</Channel>
      <Computer>DC1.insecurebank.local</Computer>
      <Security />
    </System>
    <EventData>
      <Data Name="SubjectUserSid">S-1-5-21-738609754-2819869699-4189121830-1108</Data>
      <Data Name="SubjectUserName">bob</Data>
      <Data Name="SubjectDomainName">insecurebank</Data>
      <Data Name="SubjectLogonId">0x8d7099</Data>
      <Data Name="ObjectServer">DS</Data>
      <Data Name="ObjectType">%{f30e3bc2-9ff0-11d1-b603-0000f80367c1}</Data>
      <Data Name="ObjectName">%{6d8a089c-f91e-41b4-a1d6-5985255210c3}</Data>
      <Data Name="OperationType">Object Access</Data>
      <Data Name="HandleId">0x0</Data>
      <Data Name="AccessList">%%7685
				</Data>
      <Data Name="AccessMask">0x20</Data>
      <Data Name="Properties">%%7685
		{771727b1-31b8-4cdf-ae62-4fe39fadf89e}
			{bf967a76-0de6-11d0-a285-00aa003049e2}
	{f30e3bc2-9ff0-11d1-b603-0000f80367c1}
</Data>
      <Data Name="AdditionalInfo">-</Data>
      <Data Name="AdditionalInfo2">
      </Data>
    </EventData>
  </Event>
  <Event xmlns="http://schemas.microsoft.com/win/2004/08/events/event">
    <System>
      <Provider Name="Microsoft-Windows-Security-Auditing" Guid="{54849625-5478-4994-A5BA-3E3B0328C30D}" />
      <EventID>4662</EventID>
      <Version>0</Version>
      <Level>0</Level>
      <Task>14080</Task>
      <Opcode>0</Opcode>
      <Keywords>0x8020000000000000</Keywords>
      <TimeCreated SystemTime="2019-03-25T11:14:42.489623500Z" />
      <EventRecordID>198238408</EventRecordID>
      <Correlation />
      <Execution ProcessID="444" ThreadID="3616" />
      <Channel>Security</Channel>
      <Computer>DC1.insecurebank.local</Computer>
      <Security />
    </System>
    <EventData>
      <Data Name="SubjectUserSid">S-1-5-21-738609754-2819869699-4189121830-1108</Data>
      <Data Name="SubjectUserName">bob</Data>
      <Data Name="SubjectDomainName">insecurebank</Data>
      <Data Name="SubjectLogonId">0x8d7099</Data>
      <Data Name="ObjectServer">DS</Data>
      <Data Name="ObjectType">%{f30e3bc2-9ff0-11d1-b603-0000f80367c1}</Data>
      <Data Name="ObjectName">%{6d8a089c-f91e-41b4-a1d6-5985255210c3}</Data>
      <Data Name="OperationType">Object Access</Data>
      <Data Name="HandleId">0x0</Data>
      <Data Name="AccessList">%%7685
				</Data>
      <Data Name="AccessMask">0x20</Data>
      <Data Name="Properties">%%7685
		{771727b1-31b8-4cdf-ae62-4fe39fadf89e}
			{bf967a76-0de6-11d0-a285-00aa003049e2}
	{f30e3bc2-9ff0-11d1-b603-0000f80367c1}
</Data>
      <Data Name="AdditionalInfo">-</Data>
      <Data Name="AdditionalInfo2">
      </Data>
    </EventData>
  </Event>
  <Event xmlns="http://schemas.microsoft.com/win/2004/08/events/event">
    <System>
      <Provider Name="Microsoft-Windows-Security-Auditing" Guid="{54849625-5478-4994-A5BA-3E3B0328C30D}" />
      <EventID>5136</EventID>
      <Version>0</Version>
      <Level>0</Level>
      <Task>14081</Task>
      <Opcode>0</Opcode>
      <Keywords>0x8020000000000000</Keywords>
      <TimeCreated SystemTime="2019-03-25T11:14:43.566644300Z" />
      <EventRecordID>198238409</EventRecordID>
      <Correlation />
      <Execution ProcessID="444" ThreadID="2112" />
      <Channel>Security</Channel>
      <Computer>DC1.insecurebank.local</Computer>
      <Security />
    </System>
    <EventData>
      <Data Name="OpCorrelationID">{5D540F5D-9734-41FB-865C-6BA6EF4269E4}</Data>
      <Data Name="AppCorrelationID">-</Data>
      <Data Name="SubjectUserSid">S-1-5-21-738609754-2819869699-4189121830-1108</Data>
      <Data Name="SubjectUserName">bob</Data>
      <Data Name="SubjectDomainName">insecurebank</Data>
      <Data Name="SubjectLogonId">0x8d7099</Data>
      <Data Name="DSName">insecurebank.local</Data>
      <Data Name="DSType">%%14676</Data>
      <Data Name="ObjectDN">CN={31B2F340-016D-11D2-945F-00C04FB984F9},CN=POLICIES,CN=SYSTEM,DC=INSECUREBANK,DC=LOCAL</Data>
      <Data Name="ObjectGUID">{6D8A089C-F91E-41B4-A1D6-5985255210C3}</Data>
      <Data Name="ObjectClass">groupPolicyContainer</Data>
      <Data Name="AttributeLDAPDisplayName">versionNumber</Data>
      <Data Name="AttributeSyntaxOID">2.5.5.9</Data>
      <Data Name="AttributeValue">65556</Data>
      <Data Name="OperationType">%%14675</Data>
    </EventData>
  </Event>
  <Event xmlns="http://schemas.microsoft.com/win/2004/08/events/event">
    <System>
      <Provider Name="Microsoft-Windows-Security-Auditing" Guid="{54849625-5478-4994-A5BA-3E3B0328C30D}" />
      <EventID>5136</EventID>
      <Version>0</Version>
      <Level>0</Level>
      <Task>14081</Task>
      <Opcode>0</Opcode>
      <Keywords>0x8020000000000000</Keywords>
      <TimeCreated SystemTime="2019-03-25T11:14:43.566644300Z" />
      <EventRecordID>198238410</EventRecordID>
      <Correlation />
      <Execution ProcessID="444" ThreadID="2112" />
      <Channel>Security</Channel>
      <Computer>DC1.insecurebank.local</Computer>
      <Security />
    </System>
    <EventData>
      <Data Name="OpCorrelationID">{5D540F5D-9734-41FB-865C-6BA6EF4269E4}</Data>
      <Data Name="AppCorrelationID">-</Data>
      <Data Name="SubjectUserSid">S-1-5-21-738609754-2819869699-4189121830-1108</Data>
      <Data Name="SubjectUserName">bob</Data>
      <Data Name="SubjectDomainName">insecurebank</Data>
      <Data Name="SubjectLogonId">0x8d7099</Data>
      <Data Name="DSName">insecurebank.local</Data>
      <Data Name="DSType">%%14676</Data>
      <Data Name="ObjectDN">CN={31B2F340-016D-11D2-945F-00C04FB984F9},CN=POLICIES,CN=SYSTEM,DC=INSECUREBANK,DC=LOCAL</Data>
      <Data Name="ObjectGUID">{6D8A089C-F91E-41B4-A1D6-5985255210C3}</Data>
      <Data Name="ObjectClass">groupPolicyContainer</Data>
      <Data Name="AttributeLDAPDisplayName">versionNumber</Data>
      <Data Name="AttributeSyntaxOID">2.5.5.9</Data>
      <Data Name="AttributeValue">65557</Data>
      <Data Name="OperationType">%%14674</Data>
    </EventData>
  </Event>
  <Event xmlns="http://schemas.microsoft.com/win/2004/08/events/event">
    <System>
      <Provider Name="Microsoft-Windows-Security-Auditing" Guid="{54849625-5478-4994-A5BA-3E3B0328C30D}" />
      <EventID>5136</EventID>
      <Version>0</Version>
      <Level>0</Level>
      <Task>14081</Task>
      <Opcode>0</Opcode>
      <Keywords>0x8020000000000000</Keywords>
      <TimeCreated SystemTime="2019-03-25T11:14:43.566644300Z" />
      <EventRecordID>198238411</EventRecordID>
      <Correlation />
      <Execution ProcessID="444" ThreadID="2112" />
      <Channel>Security</Channel>
      <Computer>DC1.insecurebank.local</Computer>
      <Security />
    </System>
    <EventData>
      <Data Name="OpCorrelationID">{4396B334-2A04-4CFF-A90E-4C079E35265B}</Data>
      <Data Name="AppCorrelationID">-</Data>
      <Data Name="SubjectUserSid">S-1-5-21-738609754-2819869699-4189121830-1108</Data>
      <Data Name="SubjectUserName">bob</Data>
      <Data Name="SubjectDomainName">insecurebank</Data>
      <Data Name="SubjectLogonId">0x8d7099</Data>
      <Data Name="DSName">insecurebank.local</Data>
      <Data Name="DSType">%%14676</Data>
      <Data Name="ObjectDN">CN={31B2F340-016D-11D2-945F-00C04FB984F9},CN=POLICIES,CN=SYSTEM,DC=INSECUREBANK,DC=LOCAL</Data>
      <Data Name="ObjectGUID">{6D8A089C-F91E-41B4-A1D6-5985255210C3}</Data>
      <Data Name="ObjectClass">groupPolicyContainer</Data>
      <Data Name="AttributeLDAPDisplayName">versionNumber</Data>
      <Data Name="AttributeSyntaxOID">2.5.5.9</Data>
      <Data Name="AttributeValue">65557</Data>
      <Data Name="OperationType">%%14675</Data>
    </EventData>
  </Event>
  <Event xmlns="http://schemas.microsoft.com/win/2004/08/events/event">
    <System>
      <Provider Name="Microsoft-Windows-Security-Auditing" Guid="{54849625-5478-4994-A5BA-3E3B0328C30D}" />
      <EventID>5136</EventID>
      <Version>0</Version>
      <Level>0</Level>
      <Task>14081</Task>
      <Opcode>0</Opcode>
      <Keywords>0x8020000000000000</Keywords>
      <TimeCreated SystemTime="2019-03-25T11:14:43.566644300Z" />
      <EventRecordID>198238412</EventRecordID>
      <Correlation />
      <Execution ProcessID="444" ThreadID="2112" />
      <Channel>Security</Channel>
      <Computer>DC1.insecurebank.local</Computer>
      <Security />
    </System>
    <EventData>
      <Data Name="OpCorrelationID">{4396B334-2A04-4CFF-A90E-4C079E35265B}</Data>
      <Data Name="AppCorrelationID">-</Data>
      <Data Name="SubjectUserSid">S-1-5-21-738609754-2819869699-4189121830-1108</Data>
      <Data Name="SubjectUserName">bob</Data>
      <Data Name="SubjectDomainName">insecurebank</Data>
      <Data Name="SubjectLogonId">0x8d7099</Data>
      <Data Name="DSName">insecurebank.local</Data>
      <Data Name="DSType">%%14676</Data>
      <Data Name="ObjectDN">CN={31B2F340-016D-11D2-945F-00C04FB984F9},CN=POLICIES,CN=SYSTEM,DC=INSECUREBANK,DC=LOCAL</Data>
      <Data Name="ObjectGUID">{6D8A089C-F91E-41B4-A1D6-5985255210C3}</Data>
      <Data Name="ObjectClass">groupPolicyContainer</Data>
      <Data Name="AttributeLDAPDisplayName">versionNumber</Data>
      <Data Name="AttributeSyntaxOID">2.5.5.9</Data>
      <Data Name="AttributeValue">65558</Data>
      <Data Name="OperationType">%%14674</Data>
    </EventData>
  </Event>
  <Event xmlns="http://schemas.microsoft.com/win/2004/08/events/event">
    <System>
      <Provider Name="Microsoft-Windows-Security-Auditing" Guid="{54849625-5478-4994-A5BA-3E3B0328C30D}" />
      <EventID>4719</EventID>
      <Version>0</Version>
      <Level>0</Level>
      <Task>13568</Task>
      <Opcode>0</Opcode>
      <Keywords>0x8020000000000000</Keywords>
      <TimeCreated SystemTime="2019-03-25T11:14:50.755608800Z" />
      <EventRecordID>198238428</EventRecordID>
      <Correlation />
      <Execution ProcessID="444" ThreadID="2868" />
      <Channel>Security</Channel>
      <Computer>DC1.insecurebank.local</Computer>
      <Security />
    </System>
    <EventData>
      <Data Name="SubjectUserSid">S-1-5-18</Data>
      <Data Name="SubjectUserName">DC1$</Data>
      <Data Name="SubjectDomainName">insecurebank</Data>
      <Data Name="SubjectLogonId">0x3e7</Data>
      <Data Name="CategoryId">%%8278</Data>
      <Data Name="SubcategoryId">%%13824</Data>
      <Data Name="SubcategoryGuid">{0CCE9235-69AE-11D9-BED3-505054503030}</Data>
      <Data Name="AuditPolicyChanges">%%8449</Data>
    </EventData>
  </Event>
  <Event xmlns="http://schemas.microsoft.com/win/2004/08/events/event">
    <System>
      <Provider Name="Microsoft-Windows-Security-Auditing" Guid="{54849625-5478-4994-A5BA-3E3B0328C30D}" />
      <EventID>4719</EventID>
      <Version>0</Version>
      <Level>0</Level>
      <Task>13568</Task>
      <Opcode>0</Opcode>
      <Keywords>0x8020000000000000</Keywords>
      <TimeCreated SystemTime="2019-03-25T11:14:50.755608800Z" />
      <EventRecordID>198238429</EventRecordID>
      <Correlation />
      <Execution ProcessID="444" ThreadID="2868" />
      <Channel>Security</Channel>
      <Computer>DC1.insecurebank.local</Computer>
      <Security />
    </System>
    <EventData>
      <Data Name="SubjectUserSid">S-1-5-18</Data>
      <Data Name="SubjectUserName">DC1$</Data>
      <Data Name="SubjectDomainName">insecurebank</Data>
      <Data Name="SubjectLogonId">0x3e7</Data>
      <Data Name="CategoryId">%%8278</Data>
      <Data Name="SubcategoryId">%%13829</Data>
      <Data Name="SubcategoryGuid">{0CCE923A-69AE-11D9-BED3-505054503030}</Data>
      <Data Name="AuditPolicyChanges">%%8449</Data>
    </EventData>
  </Event>
  <Event xmlns="http://schemas.microsoft.com/win/2004/08/events/event">
    <System>
      <Provider Name="Microsoft-Windows-Security-Auditing" Guid="{54849625-5478-4994-A5BA-3E3B0328C30D}" />
      <EventID>4738</EventID>
      <Version>0</Version>
      <Level>0</Level>
      <Task>13824</Task>
      <Opcode>0</Opcode>
      <Keywords>0x8020000000000000</Keywords>
      <TimeCreated SystemTime="2019-03-25T11:15:58.239601100Z" />
      <EventRecordID>198238499</EventRecordID>
      <Correlation />
      <Execution ProcessID="444" ThreadID="3948" />
      <Channel>Security</Channel>
      <Computer>DC1.insecurebank.local</Computer>
      <Security />
    </System>
    <EventData>
      <Data Name="Dummy">-</Data>
      <Data Name="TargetUserName">alice</Data>
      <Data Name="TargetDomainName">insecurebank</Data>
      <Data Name="TargetSid">S-1-5-21-738609754-2819869699-4189121830-1107</Data>
      <Data Name="SubjectUserSid">S-1-5-21-738609754-2819869699-4189121830-1108</Data>
      <Data Name="SubjectUserName">bob</Data>
      <Data Name="SubjectDomainName">insecurebank</Data>
      <Data Name="SubjectLogonId">0x3cade20</Data>
      <Data Name="PrivilegeList">-</Data>
      <Data Name="SamAccountName">-</Data>
      <Data Name="DisplayName">-</Data>
      <Data Name="UserPrincipalName">-</Data>
      <Data Name="HomeDirectory">-</Data>
      <Data Name="HomePath">-</Data>
      <Data Name="ScriptPath">-</Data>
      <Data Name="ProfilePath">-</Data>
      <Data Name="UserWorkstations">-</Data>
      <Data Name="PasswordLastSet">-</Data>
      <Data Name="AccountExpires">-</Data>
      <Data Name="PrimaryGroupId">-</Data>
      <Data Name="AllowedToDelegateTo">-</Data>
      <Data Name="OldUacValue">-</Data>
      <Data Name="NewUacValue">-</Data>
      <Data Name="UserAccountControl">-</Data>
      <Data Name="UserParameters">-</Data>
      <Data Name="SidHistory">-</Data>
      <Data Name="LogonHours">-</Data>
    </EventData>
  </Event>
  <Event xmlns="http://schemas.microsoft.com/win/2004/08/events/event">
    <System>
      <Provider Name="Microsoft-Windows-Security-Auditing" Guid="{54849625-5478-4994-A5BA-3E3B0328C30D}" />
      <EventID>4662</EventID>
      <Version>0</Version>
      <Level>0</Level>
      <Task>14080</Task>
      <Opcode>0</Opcode>
      <Keywords>0x8020000000000000</Keywords>
      <TimeCreated SystemTime="2019-03-25T11:18:39.465627200Z" />
      <EventRecordID>198238510</EventRecordID>
      <Correlation />
      <Execution ProcessID="444" ThreadID="3616" />
      <Channel>Security</Channel>
      <Computer>DC1.insecurebank.local</Computer>
      <Security />
    </System>
    <EventData>
      <Data Name="SubjectUserSid">S-1-5-21-738609754-2819869699-4189121830-1108</Data>
      <Data Name="SubjectUserName">bob</Data>
      <Data Name="SubjectDomainName">insecurebank</Data>
      <Data Name="SubjectLogonId">0x8d7099</Data>
      <Data Name="ObjectServer">DS</Data>
      <Data Name="ObjectType">%{f30e3bc2-9ff0-11d1-b603-0000f80367c1}</Data>
      <Data Name="ObjectName">%{6d8a089c-f91e-41b4-a1d6-5985255210c3}</Data>
      <Data Name="OperationType">Object Access</Data>
      <Data Name="HandleId">0x0</Data>
      <Data Name="AccessList">%%7685
				</Data>
      <Data Name="AccessMask">0x20</Data>
      <Data Name="Properties">%%7685
		{771727b1-31b8-4cdf-ae62-4fe39fadf89e}
			{bf967a76-0de6-11d0-a285-00aa003049e2}
	{f30e3bc2-9ff0-11d1-b603-0000f80367c1}
</Data>
      <Data Name="AdditionalInfo">-</Data>
      <Data Name="AdditionalInfo2">
      </Data>
    </EventData>
  </Event>
  <Event xmlns="http://schemas.microsoft.com/win/2004/08/events/event">
    <System>
      <Provider Name="Microsoft-Windows-Security-Auditing" Guid="{54849625-5478-4994-A5BA-3E3B0328C30D}" />
      <EventID>5136</EventID>
      <Version>0</Version>
      <Level>0</Level>
      <Task>14081</Task>
      <Opcode>0</Opcode>
      <Keywords>0x8020000000000000</Keywords>
      <TimeCreated SystemTime="2019-03-25T11:18:40.768634300Z" />
      <EventRecordID>198238512</EventRecordID>
      <Correlation />
      <Execution ProcessID="444" ThreadID="2260" />
      <Channel>Security</Channel>
      <Computer>DC1.insecurebank.local</Computer>
      <Security />
    </System>
    <EventData>
      <Data Name="OpCorrelationID">{B5A111CF-BE68-4C60-9412-E0C6777D4522}</Data>
      <Data Name="AppCorrelationID">-</Data>
      <Data Name="SubjectUserSid">S-1-5-21-738609754-2819869699-4189121830-1108</Data>
      <Data Name="SubjectUserName">bob</Data>
      <Data Name="SubjectDomainName">insecurebank</Data>
      <Data Name="SubjectLogonId">0x8d7099</Data>
      <Data Name="DSName">insecurebank.local</Data>
      <Data Name="DSType">%%14676</Data>
      <Data Name="ObjectDN">CN={31B2F340-016D-11D2-945F-00C04FB984F9},CN=POLICIES,CN=SYSTEM,DC=INSECUREBANK,DC=LOCAL</Data>
      <Data Name="ObjectGUID">{6D8A089C-F91E-41B4-A1D6-5985255210C3}</Data>
      <Data Name="ObjectClass">groupPolicyContainer</Data>
      <Data Name="AttributeLDAPDisplayName">versionNumber</Data>
      <Data Name="AttributeSyntaxOID">2.5.5.9</Data>
      <Data Name="AttributeValue">65558</Data>
      <Data Name="OperationType">%%14675</Data>
    </EventData>
  </Event>
  <Event xmlns="http://schemas.microsoft.com/win/2004/08/events/event">
    <System>
      <Provider Name="Microsoft-Windows-Security-Auditing" Guid="{54849625-5478-4994-A5BA-3E3B0328C30D}" />
      <EventID>5136</EventID>
      <Version>0</Version>
      <Level>0</Level>
      <Task>14081</Task>
      <Opcode>0</Opcode>
      <Keywords>0x8020000000000000</Keywords>
      <TimeCreated SystemTime="2019-03-25T11:18:40.768634300Z" />
      <EventRecordID>198238513</EventRecordID>
      <Correlation />
      <Execution ProcessID="444" ThreadID="2260" />
      <Channel>Security</Channel>
      <Computer>DC1.insecurebank.local</Computer>
      <Security />
    </System>
    <EventData>
      <Data Name="OpCorrelationID">{B5A111CF-BE68-4C60-9412-E0C6777D4522}</Data>
      <Data Name="AppCorrelationID">-</Data>
      <Data Name="SubjectUserSid">S-1-5-21-738609754-2819869699-4189121830-1108</Data>
      <Data Name="SubjectUserName">bob</Data>
      <Data Name="SubjectDomainName">insecurebank</Data>
      <Data Name="SubjectLogonId">0x8d7099</Data>
      <Data Name="DSName">insecurebank.local</Data>
      <Data Name="DSType">%%14676</Data>
      <Data Name="ObjectDN">CN={31B2F340-016D-11D2-945F-00C04FB984F9},CN=POLICIES,CN=SYSTEM,DC=INSECUREBANK,DC=LOCAL</Data>
      <Data Name="ObjectGUID">{6D8A089C-F91E-41B4-A1D6-5985255210C3}</Data>
      <Data Name="ObjectClass">groupPolicyContainer</Data>
      <Data Name="AttributeLDAPDisplayName">versionNumber</Data>
      <Data Name="AttributeSyntaxOID">2.5.5.9</Data>
      <Data Name="AttributeValue">65559</Data>
      <Data Name="OperationType">%%14674</Data>
    </EventData>
  </Event>
  <Event xmlns="http://schemas.microsoft.com/win/2004/08/events/event">
    <System>
      <Provider Name="Microsoft-Windows-Security-Auditing" Guid="{54849625-5478-4994-A5BA-3E3B0328C30D}" />
      <EventID>4662</EventID>
      <Version>0</Version>
      <Level>0</Level>
      <Task>14080</Task>
      <Opcode>0</Opcode>
      <Keywords>0x8020000000000000</Keywords>
      <TimeCreated SystemTime="2019-03-25T11:19:07.186630600Z" />
      <EventRecordID>198238519</EventRecordID>
      <Correlation />
      <Execution ProcessID="444" ThreadID="2868" />
      <Channel>Security</Channel>
      <Computer>DC1.insecurebank.local</Computer>
      <Security />
    </System>
    <EventData>
      <Data Name="SubjectUserSid">S-1-5-21-738609754-2819869699-4189121830-1108</Data>
      <Data Name="SubjectUserName">bob</Data>
      <Data Name="SubjectDomainName">insecurebank</Data>
      <Data Name="SubjectLogonId">0x8d7099</Data>
      <Data Name="ObjectServer">DS</Data>
      <Data Name="ObjectType">%{f30e3bc2-9ff0-11d1-b603-0000f80367c1}</Data>
      <Data Name="ObjectName">%{6d8a089c-f91e-41b4-a1d6-5985255210c3}</Data>
      <Data Name="OperationType">Object Access</Data>
      <Data Name="HandleId">0x0</Data>
      <Data Name="AccessList">%%7685
				</Data>
      <Data Name="AccessMask">0x20</Data>
      <Data Name="Properties">%%7685
		{771727b1-31b8-4cdf-ae62-4fe39fadf89e}
			{bf967a76-0de6-11d0-a285-00aa003049e2}
	{f30e3bc2-9ff0-11d1-b603-0000f80367c1}
</Data>
      <Data Name="AdditionalInfo">-</Data>
      <Data Name="AdditionalInfo2">
      </Data>
    </EventData>
  </Event>
  <Event xmlns="http://schemas.microsoft.com/win/2004/08/events/event">
    <System>
      <Provider Name="Microsoft-Windows-Security-Auditing" Guid="{54849625-5478-4994-A5BA-3E3B0328C30D}" />
      <EventID>5136</EventID>
      <Version>0</Version>
      <Level>0</Level>
      <Task>14081</Task>
      <Opcode>0</Opcode>
      <Keywords>0x8020000000000000</Keywords>
      <TimeCreated SystemTime="2019-03-25T11:19:10.770608800Z" />
      <EventRecordID>198238520</EventRecordID>
      <Correlation />
      <Execution ProcessID="444" ThreadID="3616" />
      <Channel>Security</Channel>
      <Computer>DC1.insecurebank.local</Computer>
      <Security />
    </System>
    <EventData>
      <Data Name="OpCorrelationID">{91DBE69C-C6D0-4457-A39A-EBA1400E7813}</Data>
      <Data Name="AppCorrelationID">-</Data>
      <Data Name="SubjectUserSid">S-1-5-21-738609754-2819869699-4189121830-1108</Data>
      <Data Name="SubjectUserName">bob</Data>
      <Data Name="SubjectDomainName">insecurebank</Data>
      <Data Name="SubjectLogonId">0x8d7099</Data>
      <Data Name="DSName">insecurebank.local</Data>
      <Data Name="DSType">%%14676</Data>
      <Data Name="ObjectDN">CN={31B2F340-016D-11D2-945F-00C04FB984F9},CN=POLICIES,CN=SYSTEM,DC=INSECUREBANK,DC=LOCAL</Data>
      <Data Name="ObjectGUID">{6D8A089C-F91E-41B4-A1D6-5985255210C3}</Data>
      <Data Name="ObjectClass">groupPolicyContainer</Data>
      <Data Name="AttributeLDAPDisplayName">versionNumber</Data>
      <Data Name="AttributeSyntaxOID">2.5.5.9</Data>
      <Data Name="AttributeValue">65559</Data>
      <Data Name="OperationType">%%14675</Data>
    </EventData>
  </Event>
  <Event xmlns="http://schemas.microsoft.com/win/2004/08/events/event">
    <System>
      <Provider Name="Microsoft-Windows-Security-Auditing" Guid="{54849625-5478-4994-A5BA-3E3B0328C30D}" />
      <EventID>5136</EventID>
      <Version>0</Version>
      <Level>0</Level>
      <Task>14081</Task>
      <Opcode>0</Opcode>
      <Keywords>0x8020000000000000</Keywords>
      <TimeCreated SystemTime="2019-03-25T11:19:10.770608800Z" />
      <EventRecordID>198238521</EventRecordID>
      <Correlation />
      <Execution ProcessID="444" ThreadID="3616" />
      <Channel>Security</Channel>
      <Computer>DC1.insecurebank.local</Computer>
      <Security />
    </System>
    <EventData>
      <Data Name="OpCorrelationID">{91DBE69C-C6D0-4457-A39A-EBA1400E7813}</Data>
      <Data Name="AppCorrelationID">-</Data>
      <Data Name="SubjectUserSid">S-1-5-21-738609754-2819869699-4189121830-1108</Data>
      <Data Name="SubjectUserName">bob</Data>
      <Data Name="SubjectDomainName">insecurebank</Data>
      <Data Name="SubjectLogonId">0x8d7099</Data>
      <Data Name="DSName">insecurebank.local</Data>
      <Data Name="DSType">%%14676</Data>
      <Data Name="ObjectDN">CN={31B2F340-016D-11D2-945F-00C04FB984F9},CN=POLICIES,CN=SYSTEM,DC=INSECUREBANK,DC=LOCAL</Data>
      <Data Name="ObjectGUID">{6D8A089C-F91E-41B4-A1D6-5985255210C3}</Data>
      <Data Name="ObjectClass">groupPolicyContainer</Data>
      <Data Name="AttributeLDAPDisplayName">versionNumber</Data>
      <Data Name="AttributeSyntaxOID">2.5.5.9</Data>
      <Data Name="AttributeValue">65560</Data>
      <Data Name="OperationType">%%14674</Data>
    </EventData>
  </Event>
  <Event xmlns="http://schemas.microsoft.com/win/2004/08/events/event">
    <System>
      <Provider Name="Microsoft-Windows-Security-Auditing" Guid="{54849625-5478-4994-A5BA-3E3B0328C30D}" />
      <EventID>4719</EventID>
      <Version>0</Version>
      <Level>0</Level>
      <Task>13568</Task>
      <Opcode>0</Opcode>
      <Keywords>0x8020000000000000</Keywords>
      <TimeCreated SystemTime="2019-03-25T11:19:22.590620300Z" />
      <EventRecordID>198238537</EventRecordID>
      <Correlation />
      <Execution ProcessID="444" ThreadID="2260" />
      <Channel>Security</Channel>
      <Computer>DC1.insecurebank.local</Computer>
      <Security />
    </System>
    <EventData>
      <Data Name="SubjectUserSid">S-1-5-18</Data>
      <Data Name="SubjectUserName">DC1$</Data>
      <Data Name="SubjectDomainName">insecurebank</Data>
      <Data Name="SubjectLogonId">0x3e7</Data>
      <Data Name="CategoryId">%%8274</Data>
      <Data Name="SubcategoryId">%%12804</Data>
      <Data Name="SubcategoryGuid">{0CCE9227-69AE-11D9-BED3-505054503030}</Data>
      <Data Name="AuditPolicyChanges">%%8449</Data>
    </EventData>
  </Event>
  <Event xmlns="http://schemas.microsoft.com/win/2004/08/events/event">
    <System>
      <Provider Name="Microsoft-Windows-Security-Auditing" Guid="{54849625-5478-4994-A5BA-3E3B0328C30D}" />
      <EventID>4719</EventID>
      <Version>0</Version>
      <Level>0</Level>
      <Task>13568</Task>
      <Opcode>0</Opcode>
      <Keywords>0x8020000000000000</Keywords>
      <TimeCreated SystemTime="2019-03-25T11:19:22.590620300Z" />
      <EventRecordID>198238538</EventRecordID>
      <Correlation />
      <Execution ProcessID="444" ThreadID="2260" />
      <Channel>Security</Channel>
      <Computer>DC1.insecurebank.local</Computer>
      <Security />
    </System>
    <EventData>
      <Data Name="SubjectUserSid">S-1-5-18</Data>
      <Data Name="SubjectUserName">DC1$</Data>
      <Data Name="SubjectDomainName">insecurebank</Data>
      <Data Name="SubjectLogonId">0x3e7</Data>
      <Data Name="CategoryId">%%8278</Data>
      <Data Name="SubcategoryId">%%13825</Data>
      <Data Name="SubcategoryGuid">{0CCE9236-69AE-11D9-BED3-505054503030}</Data>
      <Data Name="AuditPolicyChanges">%%8449</Data>
    </EventData>
  </Event>
  <Event xmlns="http://schemas.microsoft.com/win/2004/08/events/event">
    <System>
      <Provider Name="Microsoft-Windows-Security-Auditing" Guid="{54849625-5478-4994-A5BA-3E3B0328C30D}" />
      <EventID>4738</EventID>
      <Version>0</Version>
      <Level>0</Level>
      <Task>13824</Task>
      <Opcode>0</Opcode>
      <Keywords>0x8020000000000000</Keywords>
      <TimeCreated SystemTime="2019-03-25T11:19:35.820604300Z" />
      <EventRecordID>198238548</EventRecordID>
      <Correlation />
      <Execution ProcessID="444" ThreadID="3948" />
      <Channel>Security</Channel>
      <Computer>DC1.insecurebank.local</Computer>
      <Security />
    </System>
    <EventData>
      <Data Name="Dummy">-</Data>
      <Data Name="TargetUserName">alice</Data>
      <Data Name="TargetDomainName">insecurebank</Data>
      <Data Name="TargetSid">S-1-5-21-738609754-2819869699-4189121830-1107</Data>
      <Data Name="SubjectUserSid">S-1-5-21-738609754-2819869699-4189121830-1108</Data>
      <Data Name="SubjectUserName">bob</Data>
      <Data Name="SubjectDomainName">insecurebank</Data>
      <Data Name="SubjectLogonId">0x3cade20</Data>
      <Data Name="PrivilegeList">-</Data>
      <Data Name="SamAccountName">-</Data>
      <Data Name="DisplayName">-</Data>
      <Data Name="UserPrincipalName">-</Data>
      <Data Name="HomeDirectory">-</Data>
      <Data Name="HomePath">-</Data>
      <Data Name="ScriptPath">-</Data>
      <Data Name="ProfilePath">-</Data>
      <Data Name="UserWorkstations">-</Data>
      <Data Name="PasswordLastSet">-</Data>
      <Data Name="AccountExpires">-</Data>
      <Data Name="PrimaryGroupId">-</Data>
      <Data Name="AllowedToDelegateTo">-</Data>
      <Data Name="OldUacValue">-</Data>
      <Data Name="NewUacValue">-</Data>
      <Data Name="UserAccountControl">-</Data>
      <Data Name="UserParameters">-</Data>
      <Data Name="SidHistory">-</Data>
      <Data Name="LogonHours">-</Data>
    </EventData>
  </Event>
  <Event xmlns="http://schemas.microsoft.com/win/2004/08/events/event">
    <System>
      <Provider Name="Microsoft-Windows-Security-Auditing" Guid="{54849625-5478-4994-A5BA-3E3B0328C30D}" />
      <EventID>4702</EventID>
      <Version>0</Version>
      <Level>0</Level>
      <Task>12804</Task>
      <Opcode>0</Opcode>
      <Keywords>0x8020000000000000</Keywords>
      <TimeCreated SystemTime="2019-03-25T11:22:45.080609600Z" />
      <EventRecordID>198238563</EventRecordID>
      <Correlation />
      <Execution ProcessID="444" ThreadID="2260" />
      <Channel>Security</Channel>
      <Computer>DC1.insecurebank.local</Computer>
      <Security />
    </System>
    <EventData>
      <Data Name="SubjectUserSid">S-1-5-20</Data>
      <Data Name="SubjectUserName">DC1$</Data>
      <Data Name="SubjectDomainName">insecurebank</Data>
      <Data Name="SubjectLogonId">0x3e4</Data>
      <Data Name="TaskName">\Microsoft\Windows\SoftwareProtectionPlatform\SvcRestartTask</Data>
      <Data Name="TaskContentNew">&lt;?xml version="1.0" encoding="UTF-16"?&gt;
&lt;Task version="1.4" xmlns="http://schemas.microsoft.com/windows/2004/02/mit/task"&gt;
  &lt;RegistrationInfo&gt;
    &lt;Source&gt;$(@%systemroot%\system32\sppc.dll,-200)&lt;/Source&gt;
    &lt;Author&gt;$(@%systemroot%\system32\sppc.dll,-200)&lt;/Author&gt;
    &lt;Version&gt;1.0&lt;/Version&gt;
    &lt;Description&gt;$(@%systemroot%\system32\sppc.dll,-201)&lt;/Description&gt;
    &lt;URI&gt;\Microsoft\Windows\SoftwareProtectionPlatform\SvcRestartTask&lt;/URI&gt;
    &lt;SecurityDescriptor&gt;D:P(A;;FA;;;SY)(A;;FA;;;BA)(A;;FA;;;S-1-5-80-123231216-2592883651-3715271367-3753151631-4175906628)(A;;FR;;;S-1-5-87-2912274048-3994893941-1669128114-1310430903-1263774323)&lt;/SecurityDescriptor&gt;
  &lt;/RegistrationInfo&gt;
  &lt;Triggers&gt;
    &lt;CalendarTrigger&gt;
      &lt;StartBoundary&gt;2019-03-26T11:21:44Z&lt;/StartBoundary&gt;
      &lt;Enabled&gt;true&lt;/Enabled&gt;
      &lt;ScheduleByDay&gt;
        &lt;DaysInterval&gt;1&lt;/DaysInterval&gt;
      &lt;/ScheduleByDay&gt;
    &lt;/CalendarTrigger&gt;
  &lt;/Triggers&gt;
  &lt;Principals&gt;
    &lt;Principal id="NetworkService"&gt;
      &lt;UserId&gt;S-1-5-20&lt;/UserId&gt;
      &lt;RunLevel&gt;LeastPrivilege&lt;/RunLevel&gt;
    &lt;/Principal&gt;
  &lt;/Principals&gt;
  &lt;Settings&gt;
    &lt;MultipleInstancesPolicy&gt;IgnoreNew&lt;/MultipleInstancesPolicy&gt;
    &lt;DisallowStartIfOnBatteries&gt;false&lt;/DisallowStartIfOnBatteries&gt;
    &lt;StopIfGoingOnBatteries&gt;false&lt;/StopIfGoingOnBatteries&gt;
    &lt;AllowHardTerminate&gt;false&lt;/AllowHardTerminate&gt;
    &lt;StartWhenAvailable&gt;true&lt;/StartWhenAvailable&gt;
    &lt;RunOnlyIfNetworkAvailable&gt;false&lt;/RunOnlyIfNetworkAvailable&gt;
    &lt;IdleSettings&gt;
      &lt;StopOnIdleEnd&gt;true&lt;/StopOnIdleEnd&gt;
      &lt;RestartOnIdle&gt;false&lt;/RestartOnIdle&gt;
    &lt;/IdleSettings&gt;
    &lt;AllowStartOnDemand&gt;true&lt;/AllowStartOnDemand&gt;
    &lt;Enabled&gt;true&lt;/Enabled&gt;
    &lt;Hidden&gt;true&lt;/Hidden&gt;
    &lt;RunOnlyIfIdle&gt;false&lt;/RunOnlyIfIdle&gt;
    &lt;DisallowStartOnRemoteAppSession&gt;false&lt;/DisallowStartOnRemoteAppSession&gt;
    &lt;UseUnifiedSchedulingEngine&gt;true&lt;/UseUnifiedSchedulingEngine&gt;
    &lt;WakeToRun&gt;false&lt;/WakeToRun&gt;
    &lt;ExecutionTimeLimit&gt;PT0S&lt;/ExecutionTimeLimit&gt;
    &lt;Priority&gt;7&lt;/Priority&gt;
    &lt;RestartOnFailure&gt;
      &lt;Interval&gt;PT1M&lt;/Interval&gt;
      &lt;Count&gt;3&lt;/Count&gt;
    &lt;/RestartOnFailure&gt;
  &lt;/Settings&gt;
  &lt;Actions Context="NetworkService"&gt;
    &lt;ComHandler&gt;
      &lt;ClassId&gt;{B1AEBB5D-EAD9-4476-B375-9C3ED9F32AFC}&lt;/ClassId&gt;
      &lt;Data&gt;&lt;![CDATA[timer]]&gt;&lt;/Data&gt;
    &lt;/ComHandler&gt;
  &lt;/Actions&gt;
&lt;/Task&gt;</Data>
    </EventData>
  </Event>
  <Event xmlns="http://schemas.microsoft.com/win/2004/08/events/event">
    <System>
      <Provider Name="Microsoft-Windows-Security-Auditing" Guid="{54849625-5478-4994-A5BA-3E3B0328C30D}" />
      <EventID>4702</EventID>
      <Version>0</Version>
      <Level>0</Level>
      <Task>12804</Task>
      <Opcode>0</Opcode>
      <Keywords>0x8020000000000000</Keywords>
      <TimeCreated SystemTime="2019-03-25T11:52:45.143617800Z" />
      <EventRecordID>198238774</EventRecordID>
      <Correlation />
      <Execution ProcessID="444" ThreadID="4024" />
      <Channel>Security</Channel>
      <Computer>DC1.insecurebank.local</Computer>
      <Security />
    </System>
    <EventData>
      <Data Name="SubjectUserSid">S-1-5-20</Data>
      <Data Name="SubjectUserName">DC1$</Data>
      <Data Name="SubjectDomainName">insecurebank</Data>
      <Data Name="SubjectLogonId">0x3e4</Data>
      <Data Name="TaskName">\Microsoft\Windows\SoftwareProtectionPlatform\SvcRestartTask</Data>
      <Data Name="TaskContentNew">&lt;?xml version="1.0" encoding="UTF-16"?&gt;
&lt;Task version="1.4" xmlns="http://schemas.microsoft.com/windows/2004/02/mit/task"&gt;
  &lt;RegistrationInfo&gt;
    &lt;Source&gt;$(@%systemroot%\system32\sppc.dll,-200)&lt;/Source&gt;
    &lt;Author&gt;$(@%systemroot%\system32\sppc.dll,-200)&lt;/Author&gt;
    &lt;Version&gt;1.0&lt;/Version&gt;
    &lt;Description&gt;$(@%systemroot%\system32\sppc.dll,-201)&lt;/Description&gt;
    &lt;URI&gt;\Microsoft\Windows\SoftwareProtectionPlatform\SvcRestartTask&lt;/URI&gt;
    &lt;SecurityDescriptor&gt;D:P(A;;FA;;;SY)(A;;FA;;;BA)(A;;FA;;;S-1-5-80-123231216-2592883651-3715271367-3753151631-4175906628)(A;;FR;;;S-1-5-87-2912274048-3994893941-1669128114-1310430903-1263774323)&lt;/SecurityDescriptor&gt;
  &lt;/RegistrationInfo&gt;
  &lt;Triggers&gt;
    &lt;CalendarTrigger&gt;
      &lt;StartBoundary&gt;2019-03-26T11:51:45Z&lt;/StartBoundary&gt;
      &lt;Enabled&gt;true&lt;/Enabled&gt;
      &lt;ScheduleByDay&gt;
        &lt;DaysInterval&gt;1&lt;/DaysInterval&gt;
      &lt;/ScheduleByDay&gt;
    &lt;/CalendarTrigger&gt;
  &lt;/Triggers&gt;
  &lt;Principals&gt;
    &lt;Principal id="NetworkService"&gt;
      &lt;UserId&gt;S-1-5-20&lt;/UserId&gt;
      &lt;RunLevel&gt;LeastPrivilege&lt;/RunLevel&gt;
    &lt;/Principal&gt;
  &lt;/Principals&gt;
  &lt;Settings&gt;
    &lt;MultipleInstancesPolicy&gt;IgnoreNew&lt;/MultipleInstancesPolicy&gt;
    &lt;DisallowStartIfOnBatteries&gt;false&lt;/DisallowStartIfOnBatteries&gt;
    &lt;StopIfGoingOnBatteries&gt;false&lt;/StopIfGoingOnBatteries&gt;
    &lt;AllowHardTerminate&gt;false&lt;/AllowHardTerminate&gt;
    &lt;StartWhenAvailable&gt;true&lt;/StartWhenAvailable&gt;
    &lt;RunOnlyIfNetworkAvailable&gt;false&lt;/RunOnlyIfNetworkAvailable&gt;
    &lt;IdleSettings&gt;
      &lt;StopOnIdleEnd&gt;true&lt;/StopOnIdleEnd&gt;
      &lt;RestartOnIdle&gt;false&lt;/RestartOnIdle&gt;
    &lt;/IdleSettings&gt;
    &lt;AllowStartOnDemand&gt;true&lt;/AllowStartOnDemand&gt;
    &lt;Enabled&gt;true&lt;/Enabled&gt;
    &lt;Hidden&gt;true&lt;/Hidden&gt;
    &lt;RunOnlyIfIdle&gt;false&lt;/RunOnlyIfIdle&gt;
    &lt;DisallowStartOnRemoteAppSession&gt;false&lt;/DisallowStartOnRemoteAppSession&gt;
    &lt;UseUnifiedSchedulingEngine&gt;true&lt;/UseUnifiedSchedulingEngine&gt;
    &lt;WakeToRun&gt;false&lt;/WakeToRun&gt;
    &lt;ExecutionTimeLimit&gt;PT0S&lt;/ExecutionTimeLimit&gt;
    &lt;Priority&gt;7&lt;/Priority&gt;
    &lt;RestartOnFailure&gt;
      &lt;Interval&gt;PT1M&lt;/Interval&gt;
      &lt;Count&gt;3&lt;/Count&gt;
    &lt;/RestartOnFailure&gt;
  &lt;/Settings&gt;
  &lt;Actions Context="NetworkService"&gt;
    &lt;ComHandler&gt;
      &lt;ClassId&gt;{B1AEBB5D-EAD9-4476-B375-9C3ED9F32AFC}&lt;/ClassId&gt;
      &lt;Data&gt;&lt;![CDATA[timer]]&gt;&lt;/Data&gt;
    &lt;/ComHandler&gt;
  &lt;/Actions&gt;
&lt;/Task&gt;</Data>
    </EventData>
  </Event>
  <Event xmlns="http://schemas.microsoft.com/win/2004/08/events/event">
    <System>
      <Provider Name="Microsoft-Windows-Security-Auditing" Guid="{54849625-5478-4994-A5BA-3E3B0328C30D}" />
      <EventID>4662</EventID>
      <Version>0</Version>
      <Level>0</Level>
      <Task>14080</Task>
      <Opcode>0</Opcode>
      <Keywords>0x8020000000000000</Keywords>
      <TimeCreated SystemTime="2019-03-25T12:05:30.683610200Z" />
      <EventRecordID>198238842</EventRecordID>
      <Correlation />
      <Execution ProcessID="444" ThreadID="2868" />
      <Channel>Security</Channel>
      <Computer>DC1.insecurebank.local</Computer>
      <Security />
    </System>
    <EventData>
      <Data Name="SubjectUserSid">S-1-5-18</Data>
      <Data Name="SubjectUserName">DC1$</Data>
      <Data Name="SubjectDomainName">insecurebank</Data>
      <Data Name="SubjectLogonId">0xb3ac2</Data>
      <Data Name="ObjectServer">DS</Data>
      <Data Name="ObjectType">%{19195a5b-6da0-11d0-afd3-00c04fd930c9}</Data>
      <Data Name="ObjectName">%{c6faf700-bfe4-452a-a766-424f84c29583}</Data>
      <Data Name="OperationType">Object Access</Data>
      <Data Name="HandleId">0x0</Data>
      <Data Name="AccessList">%%7688
				</Data>
      <Data Name="AccessMask">0x100</Data>
      <Data Name="Properties">%%7688
		{1131f6aa-9c07-11d1-f79f-00c04fc2dcd2}
	{19195a5b-6da0-11d0-afd3-00c04fd930c9}
</Data>
      <Data Name="AdditionalInfo">-</Data>
      <Data Name="AdditionalInfo2">
      </Data>
    </EventData>
  </Event>
  <Event xmlns="http://schemas.microsoft.com/win/2004/08/events/event">
    <System>
      <Provider Name="Microsoft-Windows-Security-Auditing" Guid="{54849625-5478-4994-A5BA-3E3B0328C30D}" />
      <EventID>4702</EventID>
      <Version>0</Version>
      <Level>0</Level>
      <Task>12804</Task>
      <Opcode>0</Opcode>
      <Keywords>0x8020000000000000</Keywords>
      <TimeCreated SystemTime="2019-03-25T12:22:45.317605600Z" />
      <EventRecordID>198238969</EventRecordID>
      <Correlation />
      <Execution ProcessID="444" ThreadID="3616" />
      <Channel>Security</Channel>
      <Computer>DC1.insecurebank.local</Computer>
      <Security />
    </System>
    <EventData>
      <Data Name="SubjectUserSid">S-1-5-20</Data>
      <Data Name="SubjectUserName">DC1$</Data>
      <Data Name="SubjectDomainName">insecurebank</Data>
      <Data Name="SubjectLogonId">0x3e4</Data>
      <Data Name="TaskName">\Microsoft\Windows\SoftwareProtectionPlatform\SvcRestartTask</Data>
      <Data Name="TaskContentNew">&lt;?xml version="1.0" encoding="UTF-16"?&gt;
&lt;Task version="1.4" xmlns="http://schemas.microsoft.com/windows/2004/02/mit/task"&gt;
  &lt;RegistrationInfo&gt;
    &lt;Source&gt;$(@%systemroot%\system32\sppc.dll,-200)&lt;/Source&gt;
    &lt;Author&gt;$(@%systemroot%\system32\sppc.dll,-200)&lt;/Author&gt;
    &lt;Version&gt;1.0&lt;/Version&gt;
    &lt;Description&gt;$(@%systemroot%\system32\sppc.dll,-201)&lt;/Description&gt;
    &lt;URI&gt;\Microsoft\Windows\SoftwareProtectionPlatform\SvcRestartTask&lt;/URI&gt;
    &lt;SecurityDescriptor&gt;D:P(A;;FA;;;SY)(A;;FA;;;BA)(A;;FA;;;S-1-5-80-123231216-2592883651-3715271367-3753151631-4175906628)(A;;FR;;;S-1-5-87-2912274048-3994893941-1669128114-1310430903-1263774323)&lt;/SecurityDescriptor&gt;
  &lt;/RegistrationInfo&gt;
  &lt;Triggers&gt;
    &lt;CalendarTrigger&gt;
      &lt;StartBoundary&gt;2019-03-26T12:21:45Z&lt;/StartBoundary&gt;
      &lt;Enabled&gt;true&lt;/Enabled&gt;
      &lt;ScheduleByDay&gt;
        &lt;DaysInterval&gt;1&lt;/DaysInterval&gt;
      &lt;/ScheduleByDay&gt;
    &lt;/CalendarTrigger&gt;
  &lt;/Triggers&gt;
  &lt;Principals&gt;
    &lt;Principal id="NetworkService"&gt;
      &lt;UserId&gt;S-1-5-20&lt;/UserId&gt;
      &lt;RunLevel&gt;LeastPrivilege&lt;/RunLevel&gt;
    &lt;/Principal&gt;
  &lt;/Principals&gt;
  &lt;Settings&gt;
    &lt;MultipleInstancesPolicy&gt;IgnoreNew&lt;/MultipleInstancesPolicy&gt;
    &lt;DisallowStartIfOnBatteries&gt;false&lt;/DisallowStartIfOnBatteries&gt;
    &lt;StopIfGoingOnBatteries&gt;false&lt;/StopIfGoingOnBatteries&gt;
    &lt;AllowHardTerminate&gt;false&lt;/AllowHardTerminate&gt;
    &lt;StartWhenAvailable&gt;true&lt;/StartWhenAvailable&gt;
    &lt;RunOnlyIfNetworkAvailable&gt;false&lt;/RunOnlyIfNetworkAvailable&gt;
    &lt;IdleSettings&gt;
      &lt;StopOnIdleEnd&gt;true&lt;/StopOnIdleEnd&gt;
      &lt;RestartOnIdle&gt;false&lt;/RestartOnIdle&gt;
    &lt;/IdleSettings&gt;
    &lt;AllowStartOnDemand&gt;true&lt;/AllowStartOnDemand&gt;
    &lt;Enabled&gt;true&lt;/Enabled&gt;
    &lt;Hidden&gt;true&lt;/Hidden&gt;
    &lt;RunOnlyIfIdle&gt;false&lt;/RunOnlyIfIdle&gt;
    &lt;DisallowStartOnRemoteAppSession&gt;false&lt;/DisallowStartOnRemoteAppSession&gt;
    &lt;UseUnifiedSchedulingEngine&gt;true&lt;/UseUnifiedSchedulingEngine&gt;
    &lt;WakeToRun&gt;false&lt;/WakeToRun&gt;
    &lt;ExecutionTimeLimit&gt;PT0S&lt;/ExecutionTimeLimit&gt;
    &lt;Priority&gt;7&lt;/Priority&gt;
    &lt;RestartOnFailure&gt;
      &lt;Interval&gt;PT1M&lt;/Interval&gt;
      &lt;Count&gt;3&lt;/Count&gt;
    &lt;/RestartOnFailure&gt;
  &lt;/Settings&gt;
  &lt;Actions Context="NetworkService"&gt;
    &lt;ComHandler&gt;
      &lt;ClassId&gt;{B1AEBB5D-EAD9-4476-B375-9C3ED9F32AFC}&lt;/ClassId&gt;
      &lt;Data&gt;&lt;![CDATA[timer]]&gt;&lt;/Data&gt;
    &lt;/ComHandler&gt;
  &lt;/Actions&gt;
&lt;/Task&gt;</Data>
    </EventData>
  </Event>
  <Event xmlns="http://schemas.microsoft.com/win/2004/08/events/event">
    <System>
      <Provider Name="Microsoft-Windows-Security-Auditing" Guid="{54849625-5478-4994-A5BA-3E3B0328C30D}" />
      <EventID>4662</EventID>
      <Version>0</Version>
      <Level>0</Level>
      <Task>14080</Task>
      <Opcode>0</Opcode>
      <Keywords>0x8020000000000000</Keywords>
      <TimeCreated SystemTime="2019-03-25T12:31:35.143634800Z" />
      <EventRecordID>198239007</EventRecordID>
      <Correlation />
      <Execution ProcessID="444" ThreadID="3616" />
      <Channel>Security</Channel>
      <Computer>DC1.insecurebank.local</Computer>
      <Security />
    </System>
    <EventData>
      <Data Name="SubjectUserSid">S-1-5-21-738609754-2819869699-4189121830-1108</Data>
      <Data Name="SubjectUserName">bob</Data>
      <Data Name="SubjectDomainName">insecurebank</Data>
      <Data Name="SubjectLogonId">0x8d7099</Data>
      <Data Name="ObjectServer">DS</Data>
      <Data Name="ObjectType">%{f30e3bc2-9ff0-11d1-b603-0000f80367c1}</Data>
      <Data Name="ObjectName">%{6d8a089c-f91e-41b4-a1d6-5985255210c3}</Data>
      <Data Name="OperationType">Object Access</Data>
      <Data Name="HandleId">0x0</Data>
      <Data Name="AccessList">%%7685
				</Data>
      <Data Name="AccessMask">0x20</Data>
      <Data Name="Properties">%%7685
		{771727b1-31b8-4cdf-ae62-4fe39fadf89e}
			{bf967a76-0de6-11d0-a285-00aa003049e2}
	{f30e3bc2-9ff0-11d1-b603-0000f80367c1}
</Data>
      <Data Name="AdditionalInfo">-</Data>
      <Data Name="AdditionalInfo2">
      </Data>
    </EventData>
  </Event>
  <Event xmlns="http://schemas.microsoft.com/win/2004/08/events/event">
    <System>
      <Provider Name="Microsoft-Windows-Security-Auditing" Guid="{54849625-5478-4994-A5BA-3E3B0328C30D}" />
      <EventID>5136</EventID>
      <Version>0</Version>
      <Level>0</Level>
      <Task>14081</Task>
      <Opcode>0</Opcode>
      <Keywords>0x8020000000000000</Keywords>
      <TimeCreated SystemTime="2019-03-25T12:31:44.810605000Z" />
      <EventRecordID>198239009</EventRecordID>
      <Correlation />
      <Execution ProcessID="444" ThreadID="432" />
      <Channel>Security</Channel>
      <Computer>DC1.insecurebank.local</Computer>
      <Security />
    </System>
    <EventData>
      <Data Name="OpCorrelationID">{49A1E957-0B53-4119-9013-9BD2E846A68E}</Data>
      <Data Name="AppCorrelationID">-</Data>
      <Data Name="SubjectUserSid">S-1-5-21-738609754-2819869699-4189121830-1108</Data>
      <Data Name="SubjectUserName">bob</Data>
      <Data Name="SubjectDomainName">insecurebank</Data>
      <Data Name="SubjectLogonId">0x8d7099</Data>
      <Data Name="DSName">insecurebank.local</Data>
      <Data Name="DSType">%%14676</Data>
      <Data Name="ObjectDN">CN={31B2F340-016D-11D2-945F-00C04FB984F9},CN=POLICIES,CN=SYSTEM,DC=INSECUREBANK,DC=LOCAL</Data>
      <Data Name="ObjectGUID">{6D8A089C-F91E-41B4-A1D6-5985255210C3}</Data>
      <Data Name="ObjectClass">groupPolicyContainer</Data>
      <Data Name="AttributeLDAPDisplayName">versionNumber</Data>
      <Data Name="AttributeSyntaxOID">2.5.5.9</Data>
      <Data Name="AttributeValue">65560</Data>
      <Data Name="OperationType">%%14675</Data>
    </EventData>
  </Event>
  <Event xmlns="http://schemas.microsoft.com/win/2004/08/events/event">
    <System>
      <Provider Name="Microsoft-Windows-Security-Auditing" Guid="{54849625-5478-4994-A5BA-3E3B0328C30D}" />
      <EventID>5136</EventID>
      <Version>0</Version>
      <Level>0</Level>
      <Task>14081</Task>
      <Opcode>0</Opcode>
      <Keywords>0x8020000000000000</Keywords>
      <TimeCreated SystemTime="2019-03-25T12:31:44.810605000Z" />
      <EventRecordID>198239010</EventRecordID>
      <Correlation />
      <Execution ProcessID="444" ThreadID="4528" />
      <Channel>Security</Channel>
      <Computer>DC1.insecurebank.local</Computer>
      <Security />
    </System>
    <EventData>
      <Data Name="OpCorrelationID">{49A1E957-0B53-4119-9013-9BD2E846A68E}</Data>
      <Data Name="AppCorrelationID">-</Data>
      <Data Name="SubjectUserSid">S-1-5-21-738609754-2819869699-4189121830-1108</Data>
      <Data Name="SubjectUserName">bob</Data>
      <Data Name="SubjectDomainName">insecurebank</Data>
      <Data Name="SubjectLogonId">0x8d7099</Data>
      <Data Name="DSName">insecurebank.local</Data>
      <Data Name="DSType">%%14676</Data>
      <Data Name="ObjectDN">CN={31B2F340-016D-11D2-945F-00C04FB984F9},CN=POLICIES,CN=SYSTEM,DC=INSECUREBANK,DC=LOCAL</Data>
      <Data Name="ObjectGUID">{6D8A089C-F91E-41B4-A1D6-5985255210C3}</Data>
      <Data Name="ObjectClass">groupPolicyContainer</Data>
      <Data Name="AttributeLDAPDisplayName">versionNumber</Data>
      <Data Name="AttributeSyntaxOID">2.5.5.9</Data>
      <Data Name="AttributeValue">65561</Data>
      <Data Name="OperationType">%%14674</Data>
    </EventData>
  </Event>
  <Event xmlns="http://schemas.microsoft.com/win/2004/08/events/event">
    <System>
      <Provider Name="Microsoft-Windows-Security-Auditing" Guid="{54849625-5478-4994-A5BA-3E3B0328C30D}" />
      <EventID>4662</EventID>
      <Version>0</Version>
      <Level>0</Level>
      <Task>14080</Task>
      <Opcode>0</Opcode>
      <Keywords>0x8020000000000000</Keywords>
      <TimeCreated SystemTime="2019-03-25T12:33:36.036643800Z" />
      <EventRecordID>198239036</EventRecordID>
      <Correlation />
      <Execution ProcessID="444" ThreadID="432" />
      <Channel>Security</Channel>
      <Computer>DC1.insecurebank.local</Computer>
      <Security />
    </System>
    <EventData>
      <Data Name="SubjectUserSid">S-1-5-21-738609754-2819869699-4189121830-1108</Data>
      <Data Name="SubjectUserName">bob</Data>
      <Data Name="SubjectDomainName">insecurebank</Data>
      <Data Name="SubjectLogonId">0x8d7099</Data>
      <Data Name="ObjectServer">DS</Data>
      <Data Name="ObjectType">%{f30e3bc2-9ff0-11d1-b603-0000f80367c1}</Data>
      <Data Name="ObjectName">%{6cdecdb5-7515-4511-8141-c34a7c3d4a0a}</Data>
      <Data Name="OperationType">Object Access</Data>
      <Data Name="HandleId">0x0</Data>
      <Data Name="AccessList">%%7685
				</Data>
      <Data Name="AccessMask">0x20</Data>
      <Data Name="Properties">%%7685
		{771727b1-31b8-4cdf-ae62-4fe39fadf89e}
			{bf967a76-0de6-11d0-a285-00aa003049e2}
	{f30e3bc2-9ff0-11d1-b603-0000f80367c1}
</Data>
      <Data Name="AdditionalInfo">-</Data>
      <Data Name="AdditionalInfo2">
      </Data>
    </EventData>
  </Event>
  <Event xmlns="http://schemas.microsoft.com/win/2004/08/events/event">
    <System>
      <Provider Name="Microsoft-Windows-Security-Auditing" Guid="{54849625-5478-4994-A5BA-3E3B0328C30D}" />
      <EventID>4662</EventID>
      <Version>0</Version>
      <Level>0</Level>
      <Task>14080</Task>
      <Opcode>0</Opcode>
      <Keywords>0x8020000000000000</Keywords>
      <TimeCreated SystemTime="2019-03-25T12:33:40.714644900Z" />
      <EventRecordID>198239043</EventRecordID>
      <Correlation />
      <Execution ProcessID="444" ThreadID="2868" />
      <Channel>Security</Channel>
      <Computer>DC1.insecurebank.local</Computer>
      <Security />
    </System>
    <EventData>
      <Data Name="SubjectUserSid">S-1-5-21-738609754-2819869699-4189121830-1108</Data>
      <Data Name="SubjectUserName">bob</Data>
      <Data Name="SubjectDomainName">insecurebank</Data>
      <Data Name="SubjectLogonId">0x8d7099</Data>
      <Data Name="ObjectServer">DS</Data>
      <Data Name="ObjectType">%{f30e3bc2-9ff0-11d1-b603-0000f80367c1}</Data>
      <Data Name="ObjectName">%{6cdecdb5-7515-4511-8141-c34a7c3d4a0a}</Data>
      <Data Name="OperationType">Object Access</Data>
      <Data Name="HandleId">0x0</Data>
      <Data Name="AccessList">%%7685
				</Data>
      <Data Name="AccessMask">0x20</Data>
      <Data Name="Properties">%%7685
		{771727b1-31b8-4cdf-ae62-4fe39fadf89e}
			{bf967a76-0de6-11d0-a285-00aa003049e2}
	{f30e3bc2-9ff0-11d1-b603-0000f80367c1}
</Data>
      <Data Name="AdditionalInfo">-</Data>
      <Data Name="AdditionalInfo2">
      </Data>
    </EventData>
  </Event>
  <Event xmlns="http://schemas.microsoft.com/win/2004/08/events/event">
    <System>
      <Provider Name="Microsoft-Windows-Security-Auditing" Guid="{54849625-5478-4994-A5BA-3E3B0328C30D}" />
      <EventID>5136</EventID>
      <Version>0</Version>
      <Level>0</Level>
      <Task>14081</Task>
      <Opcode>0</Opcode>
      <Keywords>0x8020000000000000</Keywords>
      <TimeCreated SystemTime="2019-03-25T12:33:44.816657000Z" />
      <EventRecordID>198239044</EventRecordID>
      <Correlation />
      <Execution ProcessID="444" ThreadID="3616" />
      <Channel>Security</Channel>
      <Computer>DC1.insecurebank.local</Computer>
      <Security />
    </System>
    <EventData>
      <Data Name="OpCorrelationID">{9BA86D72-7C57-4A9D-8239-E93D9AC25584}</Data>
      <Data Name="AppCorrelationID">-</Data>
      <Data Name="SubjectUserSid">S-1-5-21-738609754-2819869699-4189121830-1108</Data>
      <Data Name="SubjectUserName">bob</Data>
      <Data Name="SubjectDomainName">insecurebank</Data>
      <Data Name="SubjectLogonId">0x8d7099</Data>
      <Data Name="DSName">insecurebank.local</Data>
      <Data Name="DSType">%%14676</Data>
      <Data Name="ObjectDN">CN={6AC1786C-016F-11D2-945F-00C04FB984F9},CN=POLICIES,CN=SYSTEM,DC=INSECUREBANK,DC=LOCAL</Data>
      <Data Name="ObjectGUID">{6CDECDB5-7515-4511-8141-C34A7C3D4A0A}</Data>
      <Data Name="ObjectClass">groupPolicyContainer</Data>
      <Data Name="AttributeLDAPDisplayName">versionNumber</Data>
      <Data Name="AttributeSyntaxOID">2.5.5.9</Data>
      <Data Name="AttributeValue">7</Data>
      <Data Name="OperationType">%%14675</Data>
    </EventData>
  </Event>
  <Event xmlns="http://schemas.microsoft.com/win/2004/08/events/event">
    <System>
      <Provider Name="Microsoft-Windows-Security-Auditing" Guid="{54849625-5478-4994-A5BA-3E3B0328C30D}" />
      <EventID>5136</EventID>
      <Version>0</Version>
      <Level>0</Level>
      <Task>14081</Task>
      <Opcode>0</Opcode>
      <Keywords>0x8020000000000000</Keywords>
      <TimeCreated SystemTime="2019-03-25T12:33:44.816657000Z" />
      <EventRecordID>198239045</EventRecordID>
      <Correlation />
      <Execution ProcessID="444" ThreadID="3616" />
      <Channel>Security</Channel>
      <Computer>DC1.insecurebank.local</Computer>
      <Security />
    </System>
    <EventData>
      <Data Name="OpCorrelationID">{9BA86D72-7C57-4A9D-8239-E93D9AC25584}</Data>
      <Data Name="AppCorrelationID">-</Data>
      <Data Name="SubjectUserSid">S-1-5-21-738609754-2819869699-4189121830-1108</Data>
      <Data Name="SubjectUserName">bob</Data>
      <Data Name="SubjectDomainName">insecurebank</Data>
      <Data Name="SubjectLogonId">0x8d7099</Data>
      <Data Name="DSName">insecurebank.local</Data>
      <Data Name="DSType">%%14676</Data>
      <Data Name="ObjectDN">CN={6AC1786C-016F-11D2-945F-00C04FB984F9},CN=POLICIES,CN=SYSTEM,DC=INSECUREBANK,DC=LOCAL</Data>
      <Data Name="ObjectGUID">{6CDECDB5-7515-4511-8141-C34A7C3D4A0A}</Data>
      <Data Name="ObjectClass">groupPolicyContainer</Data>
      <Data Name="AttributeLDAPDisplayName">versionNumber</Data>
      <Data Name="AttributeSyntaxOID">2.5.5.9</Data>
      <Data Name="AttributeValue">8</Data>
      <Data Name="OperationType">%%14674</Data>
    </EventData>
  </Event>
  <Event xmlns="http://schemas.microsoft.com/win/2004/08/events/event">
    <System>
      <Provider Name="Microsoft-Windows-Security-Auditing" Guid="{54849625-5478-4994-A5BA-3E3B0328C30D}" />
      <EventID>5136</EventID>
      <Version>0</Version>
      <Level>0</Level>
      <Task>14081</Task>
      <Opcode>0</Opcode>
      <Keywords>0x8020000000000000</Keywords>
      <TimeCreated SystemTime="2019-03-25T12:33:44.816657000Z" />
      <EventRecordID>198239046</EventRecordID>
      <Correlation />
      <Execution ProcessID="444" ThreadID="3616" />
      <Channel>Security</Channel>
      <Computer>DC1.insecurebank.local</Computer>
      <Security />
    </System>
    <EventData>
      <Data Name="OpCorrelationID">{7A0DDD82-407E-41DA-83B1-014A84297AB8}</Data>
      <Data Name="AppCorrelationID">-</Data>
      <Data Name="SubjectUserSid">S-1-5-21-738609754-2819869699-4189121830-1108</Data>
      <Data Name="SubjectUserName">bob</Data>
      <Data Name="SubjectDomainName">insecurebank</Data>
      <Data Name="SubjectLogonId">0x8d7099</Data>
      <Data Name="DSName">insecurebank.local</Data>
      <Data Name="DSType">%%14676</Data>
      <Data Name="ObjectDN">CN={6AC1786C-016F-11D2-945F-00C04FB984F9},CN=POLICIES,CN=SYSTEM,DC=INSECUREBANK,DC=LOCAL</Data>
      <Data Name="ObjectGUID">{6CDECDB5-7515-4511-8141-C34A7C3D4A0A}</Data>
      <Data Name="ObjectClass">groupPolicyContainer</Data>
      <Data Name="AttributeLDAPDisplayName">versionNumber</Data>
      <Data Name="AttributeSyntaxOID">2.5.5.9</Data>
      <Data Name="AttributeValue">8</Data>
      <Data Name="OperationType">%%14675</Data>
    </EventData>
  </Event>
  <Event xmlns="http://schemas.microsoft.com/win/2004/08/events/event">
    <System>
      <Provider Name="Microsoft-Windows-Security-Auditing" Guid="{54849625-5478-4994-A5BA-3E3B0328C30D}" />
      <EventID>5136</EventID>
      <Version>0</Version>
      <Level>0</Level>
      <Task>14081</Task>
      <Opcode>0</Opcode>
      <Keywords>0x8020000000000000</Keywords>
      <TimeCreated SystemTime="2019-03-25T12:33:44.816657000Z" />
      <EventRecordID>198239047</EventRecordID>
      <Correlation />
      <Execution ProcessID="444" ThreadID="3616" />
      <Channel>Security</Channel>
      <Computer>DC1.insecurebank.local</Computer>
      <Security />
    </System>
    <EventData>
      <Data Name="OpCorrelationID">{7A0DDD82-407E-41DA-83B1-014A84297AB8}</Data>
      <Data Name="AppCorrelationID">-</Data>
      <Data Name="SubjectUserSid">S-1-5-21-738609754-2819869699-4189121830-1108</Data>
      <Data Name="SubjectUserName">bob</Data>
      <Data Name="SubjectDomainName">insecurebank</Data>
      <Data Name="SubjectLogonId">0x8d7099</Data>
      <Data Name="DSName">insecurebank.local</Data>
      <Data Name="DSType">%%14676</Data>
      <Data Name="ObjectDN">CN={6AC1786C-016F-11D2-945F-00C04FB984F9},CN=POLICIES,CN=SYSTEM,DC=INSECUREBANK,DC=LOCAL</Data>
      <Data Name="ObjectGUID">{6CDECDB5-7515-4511-8141-C34A7C3D4A0A}</Data>
      <Data Name="ObjectClass">groupPolicyContainer</Data>
      <Data Name="AttributeLDAPDisplayName">versionNumber</Data>
      <Data Name="AttributeSyntaxOID">2.5.5.9</Data>
      <Data Name="AttributeValue">9</Data>
      <Data Name="OperationType">%%14674</Data>
    </EventData>
  </Event>
  <Event xmlns="http://schemas.microsoft.com/win/2004/08/events/event">
    <System>
      <Provider Name="Microsoft-Windows-Security-Auditing" Guid="{54849625-5478-4994-A5BA-3E3B0328C30D}" />
      <EventID>4719</EventID>
      <Version>0</Version>
      <Level>0</Level>
      <Task>13568</Task>
      <Opcode>0</Opcode>
      <Keywords>0x8020000000000000</Keywords>
      <TimeCreated SystemTime="2019-03-25T12:33:59.275613000Z" />
      <EventRecordID>198239063</EventRecordID>
      <Correlation />
      <Execution ProcessID="444" ThreadID="3616" />
      <Channel>Security</Channel>
      <Computer>DC1.insecurebank.local</Computer>
      <Security />
    </System>
    <EventData>
      <Data Name="SubjectUserSid">S-1-5-18</Data>
      <Data Name="SubjectUserName">DC1$</Data>
      <Data Name="SubjectDomainName">insecurebank</Data>
      <Data Name="SubjectLogonId">0x3e7</Data>
      <Data Name="CategoryId">%%8279</Data>
      <Data Name="SubcategoryId">%%14080</Data>
      <Data Name="SubcategoryGuid">{0CCE923B-69AE-11D9-BED3-505054503030}</Data>
      <Data Name="AuditPolicyChanges">%%8451</Data>
    </EventData>
  </Event>
  <Event xmlns="http://schemas.microsoft.com/win/2004/08/events/event">
    <System>
      <Provider Name="Microsoft-Windows-Security-Auditing" Guid="{54849625-5478-4994-A5BA-3E3B0328C30D}" />
      <EventID>4719</EventID>
      <Version>0</Version>
      <Level>0</Level>
      <Task>13568</Task>
      <Opcode>0</Opcode>
      <Keywords>0x8020000000000000</Keywords>
      <TimeCreated SystemTime="2019-03-25T12:33:59.275613000Z" />
      <EventRecordID>198239064</EventRecordID>
      <Correlation />
      <Execution ProcessID="444" ThreadID="3616" />
      <Channel>Security</Channel>
      <Computer>DC1.insecurebank.local</Computer>
      <Security />
    </System>
    <EventData>
      <Data Name="SubjectUserSid">S-1-5-18</Data>
      <Data Name="SubjectUserName">DC1$</Data>
      <Data Name="SubjectDomainName">insecurebank</Data>
      <Data Name="SubjectLogonId">0x3e7</Data>
      <Data Name="CategoryId">%%8279</Data>
      <Data Name="SubcategoryId">%%14081</Data>
      <Data Name="SubcategoryGuid">{0CCE923C-69AE-11D9-BED3-505054503030}</Data>
      <Data Name="AuditPolicyChanges">%%8451</Data>
    </EventData>
  </Event>
  <Event xmlns="http://schemas.microsoft.com/win/2004/08/events/event">
    <System>
      <Provider Name="Microsoft-Windows-Security-Auditing" Guid="{54849625-5478-4994-A5BA-3E3B0328C30D}" />
      <EventID>4738</EventID>
      <Version>0</Version>
      <Level>0</Level>
      <Task>13824</Task>
      <Opcode>0</Opcode>
      <Keywords>0x8020000000000000</Keywords>
      <TimeCreated SystemTime="2019-03-25T12:37:49.638677300Z" />
      <EventRecordID>198239092</EventRecordID>
      <Correlation />
      <Execution ProcessID="444" ThreadID="3948" />
      <Channel>Security</Channel>
      <Computer>DC1.insecurebank.local</Computer>
      <Security />
    </System>
    <EventData>
      <Data Name="Dummy">-</Data>
      <Data Name="TargetUserName">alice</Data>
      <Data Name="TargetDomainName">insecurebank</Data>
      <Data Name="TargetSid">S-1-5-21-738609754-2819869699-4189121830-1107</Data>
      <Data Name="SubjectUserSid">S-1-5-21-738609754-2819869699-4189121830-1108</Data>
      <Data Name="SubjectUserName">bob</Data>
      <Data Name="SubjectDomainName">insecurebank</Data>
      <Data Name="SubjectLogonId">0x3d8e8db</Data>
      <Data Name="PrivilegeList">-</Data>
      <Data Name="SamAccountName">-</Data>
      <Data Name="DisplayName">-</Data>
      <Data Name="UserPrincipalName">-</Data>
      <Data Name="HomeDirectory">-</Data>
      <Data Name="HomePath">-</Data>
      <Data Name="ScriptPath">-</Data>
      <Data Name="ProfilePath">-</Data>
      <Data Name="UserWorkstations">-</Data>
      <Data Name="PasswordLastSet">-</Data>
      <Data Name="AccountExpires">-</Data>
      <Data Name="PrimaryGroupId">-</Data>
      <Data Name="AllowedToDelegateTo">-</Data>
      <Data Name="OldUacValue">-</Data>
      <Data Name="NewUacValue">-</Data>
      <Data Name="UserAccountControl">-</Data>
      <Data Name="UserParameters">-</Data>
      <Data Name="SidHistory">-</Data>
      <Data Name="LogonHours">-</Data>
    </EventData>
  </Event>
  <Event xmlns="http://schemas.microsoft.com/win/2004/08/events/event">
    <System>
      <Provider Name="Microsoft-Windows-Security-Auditing" Guid="{54849625-5478-4994-A5BA-3E3B0328C30D}" />
      <EventID>4738</EventID>
      <Version>0</Version>
      <Level>0</Level>
      <Task>13824</Task>
      <Opcode>0</Opcode>
      <Keywords>0x8020000000000000</Keywords>
      <TimeCreated SystemTime="2019-03-25T12:48:09.195617200Z" />
      <EventRecordID>198239171</EventRecordID>
      <Correlation />
      <Execution ProcessID="444" ThreadID="1360" />
      <Channel>Security</Channel>
      <Computer>DC1.insecurebank.local</Computer>
      <Security />
    </System>
    <EventData>
      <Data Name="Dummy">-</Data>
      <Data Name="TargetUserName">alice</Data>
      <Data Name="TargetDomainName">insecurebank</Data>
      <Data Name="TargetSid">S-1-5-21-738609754-2819869699-4189121830-1107</Data>
      <Data Name="SubjectUserSid">S-1-5-21-738609754-2819869699-4189121830-1108</Data>
      <Data Name="SubjectUserName">bob</Data>
      <Data Name="SubjectDomainName">insecurebank</Data>
      <Data Name="SubjectLogonId">0x3d8e8db</Data>
      <Data Name="PrivilegeList">-</Data>
      <Data Name="SamAccountName">-</Data>
      <Data Name="DisplayName">-</Data>
      <Data Name="UserPrincipalName">-</Data>
      <Data Name="HomeDirectory">-</Data>
      <Data Name="HomePath">-</Data>
      <Data Name="ScriptPath">-</Data>
      <Data Name="ProfilePath">-</Data>
      <Data Name="UserWorkstations">-</Data>
      <Data Name="PasswordLastSet">-</Data>
      <Data Name="AccountExpires">-</Data>
      <Data Name="PrimaryGroupId">-</Data>
      <Data Name="AllowedToDelegateTo">-</Data>
      <Data Name="OldUacValue">-</Data>
      <Data Name="NewUacValue">-</Data>
      <Data Name="UserAccountControl">-</Data>
      <Data Name="UserParameters">-</Data>
      <Data Name="SidHistory">-</Data>
      <Data Name="LogonHours">-</Data>
    </EventData>
  </Event>
  <Event xmlns="http://schemas.microsoft.com/win/2004/08/events/event">
    <System>
      <Provider Name="Microsoft-Windows-Security-Auditing" Guid="{54849625-5478-4994-A5BA-3E3B0328C30D}" />
      <EventID>4702</EventID>
      <Version>0</Version>
      <Level>0</Level>
      <Task>12804</Task>
      <Opcode>0</Opcode>
      <Keywords>0x8020000000000000</Keywords>
      <TimeCreated SystemTime="2019-03-25T12:52:45.500611600Z" />
      <EventRecordID>198239223</EventRecordID>
      <Correlation />
      <Execution ProcessID="444" ThreadID="3616" />
      <Channel>Security</Channel>
      <Computer>DC1.insecurebank.local</Computer>
      <Security />
    </System>
    <EventData>
      <Data Name="SubjectUserSid">S-1-5-20</Data>
      <Data Name="SubjectUserName">DC1$</Data>
      <Data Name="SubjectDomainName">insecurebank</Data>
      <Data Name="SubjectLogonId">0x3e4</Data>
      <Data Name="TaskName">\Microsoft\Windows\SoftwareProtectionPlatform\SvcRestartTask</Data>
      <Data Name="TaskContentNew">&lt;?xml version="1.0" encoding="UTF-16"?&gt;
&lt;Task version="1.4" xmlns="http://schemas.microsoft.com/windows/2004/02/mit/task"&gt;
  &lt;RegistrationInfo&gt;
    &lt;Source&gt;$(@%systemroot%\system32\sppc.dll,-200)&lt;/Source&gt;
    &lt;Author&gt;$(@%systemroot%\system32\sppc.dll,-200)&lt;/Author&gt;
    &lt;Version&gt;1.0&lt;/Version&gt;
    &lt;Description&gt;$(@%systemroot%\system32\sppc.dll,-201)&lt;/Description&gt;
    &lt;URI&gt;\Microsoft\Windows\SoftwareProtectionPlatform\SvcRestartTask&lt;/URI&gt;
    &lt;SecurityDescriptor&gt;D:P(A;;FA;;;SY)(A;;FA;;;BA)(A;;FA;;;S-1-5-80-123231216-2592883651-3715271367-3753151631-4175906628)(A;;FR;;;S-1-5-87-2912274048-3994893941-1669128114-1310430903-1263774323)&lt;/SecurityDescriptor&gt;
  &lt;/RegistrationInfo&gt;
  &lt;Triggers&gt;
    &lt;CalendarTrigger&gt;
      &lt;StartBoundary&gt;2019-03-26T12:51:45Z&lt;/StartBoundary&gt;
      &lt;Enabled&gt;true&lt;/Enabled&gt;
      &lt;ScheduleByDay&gt;
        &lt;DaysInterval&gt;1&lt;/DaysInterval&gt;
      &lt;/ScheduleByDay&gt;
    &lt;/CalendarTrigger&gt;
  &lt;/Triggers&gt;
  &lt;Principals&gt;
    &lt;Principal id="NetworkService"&gt;
      &lt;UserId&gt;S-1-5-20&lt;/UserId&gt;
      &lt;RunLevel&gt;LeastPrivilege&lt;/RunLevel&gt;
    &lt;/Principal&gt;
  &lt;/Principals&gt;
  &lt;Settings&gt;
    &lt;MultipleInstancesPolicy&gt;IgnoreNew&lt;/MultipleInstancesPolicy&gt;
    &lt;DisallowStartIfOnBatteries&gt;false&lt;/DisallowStartIfOnBatteries&gt;
    &lt;StopIfGoingOnBatteries&gt;false&lt;/StopIfGoingOnBatteries&gt;
    &lt;AllowHardTerminate&gt;false&lt;/AllowHardTerminate&gt;
    &lt;StartWhenAvailable&gt;true&lt;/StartWhenAvailable&gt;
    &lt;RunOnlyIfNetworkAvailable&gt;false&lt;/RunOnlyIfNetworkAvailable&gt;
    &lt;IdleSettings&gt;
      &lt;StopOnIdleEnd&gt;true&lt;/StopOnIdleEnd&gt;
      &lt;RestartOnIdle&gt;false&lt;/RestartOnIdle&gt;
    &lt;/IdleSettings&gt;
    &lt;AllowStartOnDemand&gt;true&lt;/AllowStartOnDemand&gt;
    &lt;Enabled&gt;true&lt;/Enabled&gt;
    &lt;Hidden&gt;true&lt;/Hidden&gt;
    &lt;RunOnlyIfIdle&gt;false&lt;/RunOnlyIfIdle&gt;
    &lt;DisallowStartOnRemoteAppSession&gt;false&lt;/DisallowStartOnRemoteAppSession&gt;
    &lt;UseUnifiedSchedulingEngine&gt;true&lt;/UseUnifiedSchedulingEngine&gt;
    &lt;WakeToRun&gt;false&lt;/WakeToRun&gt;
    &lt;ExecutionTimeLimit&gt;PT0S&lt;/ExecutionTimeLimit&gt;
    &lt;Priority&gt;7&lt;/Priority&gt;
    &lt;RestartOnFailure&gt;
      &lt;Interval&gt;PT1M&lt;/Interval&gt;
      &lt;Count&gt;3&lt;/Count&gt;
    &lt;/RestartOnFailure&gt;
  &lt;/Settings&gt;
  &lt;Actions Context="NetworkService"&gt;
    &lt;ComHandler&gt;
      &lt;ClassId&gt;{B1AEBB5D-EAD9-4476-B375-9C3ED9F32AFC}&lt;/ClassId&gt;
      &lt;Data&gt;&lt;![CDATA[timer]]&gt;&lt;/Data&gt;
    &lt;/ComHandler&gt;
  &lt;/Actions&gt;
&lt;/Task&gt;</Data>
    </EventData>
  </Event>
  <Event xmlns="http://schemas.microsoft.com/win/2004/08/events/event">
    <System>
      <Provider Name="Microsoft-Windows-Security-Auditing" Guid="{54849625-5478-4994-A5BA-3E3B0328C30D}" />
      <EventID>4738</EventID>
      <Version>0</Version>
      <Level>0</Level>
      <Task>13824</Task>
      <Opcode>0</Opcode>
      <Keywords>0x8020000000000000</Keywords>
      <TimeCreated SystemTime="2019-03-25T13:01:41.932610100Z" />
      <EventRecordID>198239293</EventRecordID>
      <Correlation />
      <Execution ProcessID="444" ThreadID="3948" />
      <Channel>Security</Channel>
      <Computer>DC1.insecurebank.local</Computer>
      <Security />
    </System>
    <EventData>
      <Data Name="Dummy">-</Data>
      <Data Name="TargetUserName">alice</Data>
      <Data Name="TargetDomainName">insecurebank</Data>
      <Data Name="TargetSid">S-1-5-21-738609754-2819869699-4189121830-1107</Data>
      <Data Name="SubjectUserSid">S-1-5-21-738609754-2819869699-4189121830-1108</Data>
      <Data Name="SubjectUserName">bob</Data>
      <Data Name="SubjectDomainName">insecurebank</Data>
      <Data Name="SubjectLogonId">0x3d8e8db</Data>
      <Data Name="PrivilegeList">-</Data>
      <Data Name="SamAccountName">-</Data>
      <Data Name="DisplayName">-</Data>
      <Data Name="UserPrincipalName">-</Data>
      <Data Name="HomeDirectory">-</Data>
      <Data Name="HomePath">-</Data>
      <Data Name="ScriptPath">-</Data>
      <Data Name="ProfilePath">-</Data>
      <Data Name="UserWorkstations">-</Data>
      <Data Name="PasswordLastSet">-</Data>
      <Data Name="AccountExpires">-</Data>
      <Data Name="PrimaryGroupId">-</Data>
      <Data Name="AllowedToDelegateTo">-</Data>
      <Data Name="OldUacValue">-</Data>
      <Data Name="NewUacValue">-</Data>
      <Data Name="UserAccountControl">-</Data>
      <Data Name="UserParameters">-</Data>
      <Data Name="SidHistory">-</Data>
      <Data Name="LogonHours">-</Data>
    </EventData>
  </Event>
  <Event xmlns="http://schemas.microsoft.com/win/2004/08/events/event">
    <System>
      <Provider Name="Microsoft-Windows-Security-Auditing" Guid="{54849625-5478-4994-A5BA-3E3B0328C30D}" />
      <EventID>4742</EventID>
      <Version>0</Version>
      <Level>0</Level>
      <Task>13825</Task>
      <Opcode>0</Opcode>
      <Keywords>0x8020000000000000</Keywords>
      <TimeCreated SystemTime="2019-03-25T13:01:41.935605200Z" />
      <EventRecordID>198239294</EventRecordID>
      <Correlation />
      <Execution ProcessID="444" ThreadID="3948" />
      <Channel>Security</Channel>
      <Computer>DC1.insecurebank.local</Computer>
      <Security />
    </System>
    <EventData>
      <Data Name="ComputerAccountChange">-</Data>
      <Data Name="TargetUserName">ALICE$</Data>
      <Data Name="TargetDomainName">insecurebank</Data>
      <Data Name="TargetSid">S-1-5-21-738609754-2819869699-4189121830-1120</Data>
      <Data Name="SubjectUserSid">S-1-5-21-738609754-2819869699-4189121830-1108</Data>
      <Data Name="SubjectUserName">bob</Data>
      <Data Name="SubjectDomainName">insecurebank</Data>
      <Data Name="SubjectLogonId">0x3d8e8db</Data>
      <Data Name="PrivilegeList">-</Data>
      <Data Name="SamAccountName">-</Data>
      <Data Name="DisplayName">-</Data>
      <Data Name="UserPrincipalName">-</Data>
      <Data Name="HomeDirectory">-</Data>
      <Data Name="HomePath">-</Data>
      <Data Name="ScriptPath">-</Data>
      <Data Name="ProfilePath">-</Data>
      <Data Name="UserWorkstations">-</Data>
      <Data Name="PasswordLastSet">-</Data>
      <Data Name="AccountExpires">-</Data>
      <Data Name="PrimaryGroupId">-</Data>
      <Data Name="AllowedToDelegateTo">-</Data>
      <Data Name="OldUacValue">-</Data>
      <Data Name="NewUacValue">-</Data>
      <Data Name="UserAccountControl">-</Data>
      <Data Name="UserParameters">-</Data>
      <Data Name="SidHistory">-</Data>
      <Data Name="LogonHours">-</Data>
      <Data Name="DnsHostName">-</Data>
      <Data Name="ServicePrincipalNames">-</Data>
    </EventData>
  </Event>
</root>