<root>
  <Event xmlns="http://schemas.microsoft.com/win/2004/08/events/event">
    <System>
      <Provider Name="Microsoft-Windows-Sysmon" Guid="{5770385F-C22A-43E0-BF4C-06F5698FFBD9}" />
      <EventID>16</EventID>
      <Version>3</Version>
      <Level>4</Level>
      <Task>16</Task>
      <Opcode>0</Opcode>
      <Keywords>0x8000000000000000</Keywords>
      <TimeCreated SystemTime="2019-04-18T16:55:37.014980800Z" />
      <EventRecordID>1</EventRecordID>
      <Correlation />
      <Execution ProcessID="2000" ThreadID="2548" />
      <Channel>Microsoft-Windows-Sysmon/Operational</Channel>
      <Computer>IEWIN7</Computer>
      <Security UserID="S-1-5-21-3583694148-1414552638-2922671848-1000" />
    </System>
    <EventData>
      <Data Name="UtcTime">2019-04-18 16:55:37.014</Data>
      <Data Name="Configuration">C:\Users\IEUser\Desktop\Sysmon.exe  -i</Data>
      <Data Name="ConfigurationFileHash">
      </Data>
    </EventData>
  </Event>
  <Event xmlns="http://schemas.microsoft.com/win/2004/08/events/event">
    <System>
      <Provider Name="Microsoft-Windows-Sysmon" Guid="{5770385F-C22A-43E0-BF4C-06F5698FFBD9}" />
      <EventID>4</EventID>
      <Version>3</Version>
      <Level>4</Level>
      <Task>4</Task>
      <Opcode>0</Opcode>
      <Keywords>0x8000000000000000</Keywords>
      <TimeCreated SystemTime="2019-04-18T16:55:37.115124800Z" />
      <EventRecordID>2</EventRecordID>
      <Correlation />
      <Execution ProcessID="3192" ThreadID="3288" />
      <Channel>Microsoft-Windows-Sysmon/Operational</Channel>
      <Computer>IEWIN7</Computer>
      <Security UserID="S-1-5-18" />
    </System>
    <EventData>
      <Data Name="UtcTime">2019-04-18 16:55:37.115</Data>
      <Data Name="State">Started</Data>
      <Data Name="Version">9.01</Data>
      <Data Name="SchemaVersion">4.20</Data>
    </EventData>
  </Event>
  <Event xmlns="http://schemas.microsoft.com/win/2004/08/events/event">
    <System>
      <Provider Name="Microsoft-Windows-Sysmon" Guid="{5770385F-C22A-43E0-BF4C-06F5698FFBD9}" />
      <EventID>1</EventID>
      <Version>5</Version>
      <Level>4</Level>
      <Task>1</Task>
      <Opcode>0</Opcode>
      <Keywords>0x8000000000000000</Keywords>
      <TimeCreated SystemTime="2019-04-18T16:55:37.125139200Z" />
      <EventRecordID>3</EventRecordID>
      <Correlation />
      <Execution ProcessID="3192" ThreadID="3288" />
      <Channel>Microsoft-Windows-Sysmon/Operational</Channel>
      <Computer>IEWIN7</Computer>
      <Security UserID="S-1-5-18" />
    </System>
    <EventData>
      <Data Name="RuleName">
      </Data>
      <Data Name="UtcTime">2019-04-18 16:55:37.014</Data>
      <Data Name="ProcessGuid">{365ABB72-AC09-5CB8-0000-0010939A0700}</Data>
      <Data Name="ProcessId">3192</Data>
      <Data Name="Image">C:\Windows\Sysmon.exe</Data>
      <Data Name="FileVersion">9.01</Data>
      <Data Name="Description">System activity monitor</Data>
      <Data Name="Product">Sysinternals Sysmon</Data>
      <Data Name="Company">Sysinternals - www.sysinternals.com</Data>
      <Data Name="CommandLine">C:\Windows\Sysmon.exe</Data>
      <Data Name="CurrentDirectory">C:\Windows\system32\</Data>
      <Data Name="User">NT AUTHORITY\SYSTEM</Data>
      <Data Name="LogonGuid">{365ABB72-29B3-5CB9-0000-0020E7030000}</Data>
      <Data Name="LogonId">0x3e7</Data>
      <Data Name="TerminalSessionId">0</Data>
      <Data Name="IntegrityLevel">System</Data>
      <Data Name="Hashes">SHA1=FF1C037123276983C785F6CDF7EDA5A2FAB06D4A</Data>
      <Data Name="ParentProcessGuid">{365ABB72-29B3-5CB9-0000-001056480000}</Data>
      <Data Name="ParentProcessId">464</Data>
      <Data Name="ParentImage">C:\Windows\System32\services.exe</Data>
      <Data Name="ParentCommandLine">C:\Windows\system32\services.exe</Data>
    </EventData>
  </Event>
  <Event xmlns="http://schemas.microsoft.com/win/2004/08/events/event">
    <System>
      <Provider Name="Microsoft-Windows-Sysmon" Guid="{5770385F-C22A-43E0-BF4C-06F5698FFBD9}" />
      <EventID>1</EventID>
      <Version>5</Version>
      <Level>4</Level>
      <Task>1</Task>
      <Opcode>0</Opcode>
      <Keywords>0x8000000000000000</Keywords>
      <TimeCreated SystemTime="2019-04-18T16:55:37.125139200Z" />
      <EventRecordID>4</EventRecordID>
      <Correlation />
      <Execution ProcessID="3192" ThreadID="3288" />
      <Channel>Microsoft-Windows-Sysmon/Operational</Channel>
      <Computer>IEWIN7</Computer>
      <Security UserID="S-1-5-18" />
    </System>
    <EventData>
      <Data Name="RuleName">
      </Data>
      <Data Name="UtcTime">2019-04-18 16:55:37.075</Data>
      <Data Name="ProcessGuid">{365ABB72-AC09-5CB8-0000-0010999C0700}</Data>
      <Data Name="ProcessId">3232</Data>
      <Data Name="Image">C:\Windows\System32\wbem\unsecapp.exe</Data>
      <Data Name="FileVersion">6.1.7600.16385 (win7_rtm.090713-1255)</Data>
      <Data Name="Description">Sink to receive asynchronous callbacks for WMI client application</Data>
      <Data Name="Product">Microsoft« Windows« Operating System</Data>
      <Data Name="Company">Microsoft Corporation</Data>
      <Data Name="CommandLine">C:\Windows\system32\wbem\unsecapp.exe -Embedding</Data>
      <Data Name="CurrentDirectory">C:\Windows\system32\</Data>
      <Data Name="User">NT AUTHORITY\SYSTEM</Data>
      <Data Name="LogonGuid">{365ABB72-29B3-5CB9-0000-0020E7030000}</Data>
      <Data Name="LogonId">0x3e7</Data>
      <Data Name="TerminalSessionId">0</Data>
      <Data Name="IntegrityLevel">System</Data>
      <Data Name="Hashes">SHA1=393CFBAC0AC28DCC194F88C951D856E74F5B3CB6</Data>
      <Data Name="ParentProcessGuid">{365ABB72-29B4-5CB9-0000-0010F95D0000}</Data>
      <Data Name="ParentProcessId">588</Data>
      <Data Name="ParentImage">C:\Windows\System32\svchost.exe</Data>
      <Data Name="ParentCommandLine">C:\Windows\system32\svchost.exe -k DcomLaunch</Data>
    </EventData>
  </Event>
  <Event xmlns="http://schemas.microsoft.com/win/2004/08/events/event">
    <System>
      <Provider Name="Microsoft-Windows-Sysmon" Guid="{5770385F-C22A-43E0-BF4C-06F5698FFBD9}" />
      <EventID>5</EventID>
      <Version>3</Version>
      <Level>4</Level>
      <Task>5</Task>
      <Opcode>0</Opcode>
      <Keywords>0x8000000000000000</Keywords>
      <TimeCreated SystemTime="2019-04-18T16:55:38.076507200Z" />
      <EventRecordID>5</EventRecordID>
      <Correlation />
      <Execution ProcessID="3192" ThreadID="3288" />
      <Channel>Microsoft-Windows-Sysmon/Operational</Channel>
      <Computer>IEWIN7</Computer>
      <Security UserID="S-1-5-18" />
    </System>
    <EventData>
      <Data Name="RuleName">
      </Data>
      <Data Name="UtcTime">2019-04-18 16:55:38.056</Data>
      <Data Name="ProcessGuid">{365ABB72-AC06-5CB8-0000-001059830700}</Data>
      <Data Name="ProcessId">2000</Data>
      <Data Name="Image">C:\Users\IEUser\Desktop\Sysmon.exe</Data>
    </EventData>
  </Event>
  <Event xmlns="http://schemas.microsoft.com/win/2004/08/events/event">
    <System>
      <Provider Name="Microsoft-Windows-Sysmon" Guid="{5770385F-C22A-43E0-BF4C-06F5698FFBD9}" />
      <EventID>1</EventID>
      <Version>5</Version>
      <Level>4</Level>
      <Task>1</Task>
      <Opcode>0</Opcode>
      <Keywords>0x8000000000000000</Keywords>
      <TimeCreated SystemTime="2019-04-18T16:55:44.045089600Z" />
      <EventRecordID>6</EventRecordID>
      <Correlation />
      <Execution ProcessID="3192" ThreadID="3288" />
      <Channel>Microsoft-Windows-Sysmon/Operational</Channel>
      <Computer>IEWIN7</Computer>
      <Security UserID="S-1-5-18" />
    </System>
    <EventData>
      <Data Name="RuleName">
      </Data>
      <Data Name="UtcTime">2019-04-18 16:55:44.035</Data>
      <Data Name="ProcessGuid">{365ABB72-AC10-5CB8-0000-001047A40700}</Data>
      <Data Name="ProcessId">3252</Data>
      <Data Name="Image">C:\Users\IEUser\Desktop\Sysmon.exe</Data>
      <Data Name="FileVersion">9.01</Data>
      <Data Name="Description">System activity monitor</Data>
      <Data Name="Product">Sysinternals Sysmon</Data>
      <Data Name="Company">Sysinternals - www.sysinternals.com</Data>
      <Data Name="CommandLine">sysmon  -c sysmonconfig-18-apr-2019.xml</Data>
      <Data Name="CurrentDirectory">C:\Users\IEUser\Desktop\</Data>
      <Data Name="User">IEWIN7\IEUser</Data>
      <Data Name="LogonGuid">{365ABB72-AB27-5CB8-0000-002021CA0000}</Data>
      <Data Name="LogonId">0xca21</Data>
      <Data Name="TerminalSessionId">1</Data>
      <Data Name="IntegrityLevel">High</Data>
      <Data Name="Hashes">SHA1=FF1C037123276983C785F6CDF7EDA5A2FAB06D4A</Data>
      <Data Name="ParentProcessGuid">{365ABB72-AC01-5CB8-0000-0010BB7E0700}</Data>
      <Data Name="ParentProcessId">1196</Data>
      <Data Name="ParentImage">C:\Windows\System32\cmd.exe</Data>
      <Data Name="ParentCommandLine">"cmd.exe" /s /k pushd "C:\Users\IEUser\Desktop"</Data>
    </EventData>
  </Event>
  <Event xmlns="http://schemas.microsoft.com/win/2004/08/events/event">
    <System>
      <Provider Name="Microsoft-Windows-Sysmon" Guid="{5770385F-C22A-43E0-BF4C-06F5698FFBD9}" />
      <EventID>16</EventID>
      <Version>3</Version>
      <Level>4</Level>
      <Task>16</Task>
      <Opcode>0</Opcode>
      <Keywords>0x8000000000000000</Keywords>
      <TimeCreated SystemTime="2019-04-18T16:55:44.135219200Z" />
      <EventRecordID>7</EventRecordID>
      <Correlation />
      <Execution ProcessID="3252" ThreadID="3448" />
      <Channel>Microsoft-Windows-Sysmon/Operational</Channel>
      <Computer>IEWIN7</Computer>
      <Security UserID="S-1-5-21-3583694148-1414552638-2922671848-1000" />
    </System>
    <EventData>
      <Data Name="UtcTime">2019-04-18 16:55:44.135</Data>
      <Data Name="Configuration">C:\Users\IEUser\Desktop\sysmonconfig-18-apr-2019.xml</Data>
      <Data Name="ConfigurationFileHash">SHA1=B870A007B7F5FCE50EE1518B7134973327DBAA09</Data>
    </EventData>
  </Event>
  <Event xmlns="http://schemas.microsoft.com/win/2004/08/events/event">
    <System>
      <Provider Name="Microsoft-Windows-Sysmon" Guid="{5770385F-C22A-43E0-BF4C-06F5698FFBD9}" />
      <EventID>5</EventID>
      <Version>3</Version>
      <Level>4</Level>
      <Task>5</Task>
      <Opcode>0</Opcode>
      <Keywords>0x8000000000000000</Keywords>
      <TimeCreated SystemTime="2019-04-18T16:55:44.145233600Z" />
      <EventRecordID>8</EventRecordID>
      <Correlation />
      <Execution ProcessID="3192" ThreadID="3288" />
      <Channel>Microsoft-Windows-Sysmon/Operational</Channel>
      <Computer>IEWIN7</Computer>
      <Security UserID="S-1-5-18" />
    </System>
    <EventData>
      <Data Name="RuleName">
      </Data>
      <Data Name="UtcTime">2019-04-18 16:55:44.135</Data>
      <Data Name="ProcessGuid">{365ABB72-AC10-5CB8-0000-001047A40700}</Data>
      <Data Name="ProcessId">3252</Data>
      <Data Name="Image">C:\Users\IEUser\Desktop\Sysmon.exe</Data>
    </EventData>
  </Event>
  <Event xmlns="http://schemas.microsoft.com/win/2004/08/events/event">
    <System>
      <Provider Name="Microsoft-Windows-Sysmon" Guid="{5770385F-C22A-43E0-BF4C-06F5698FFBD9}" />
      <EventID>12</EventID>
      <Version>2</Version>
      <Level>4</Level>
      <Task>12</Task>
      <Opcode>0</Opcode>
      <Keywords>0x8000000000000000</Keywords>
      <TimeCreated SystemTime="2019-04-18T16:55:51.275486400Z" />
      <EventRecordID>9</EventRecordID>
      <Correlation />
      <Execution ProcessID="3192" ThreadID="3288" />
      <Channel>Microsoft-Windows-Sysmon/Operational</Channel>
      <Computer>IEWIN7</Computer>
      <Security UserID="S-1-5-18" />
    </System>
    <EventData>
      <Data Name="RuleName">technique_id=T1130,technique_name=Install Root Certificate</Data>
      <Data Name="EventType">CreateKey</Data>
      <Data Name="UtcTime">2019-04-18 16:55:51.245</Data>
      <Data Name="ProcessGuid">{365ABB72-AC09-5CB8-0000-0010939A0700}</Data>
      <Data Name="ProcessId">3192</Data>
      <Data Name="Image">C:\Windows\Sysmon.exe</Data>
      <Data Name="TargetObject">HKU\.DEFAULT\Software\Microsoft\SystemCertificates\Root\Certificates</Data>
    </EventData>
  </Event>
  <Event xmlns="http://schemas.microsoft.com/win/2004/08/events/event">
    <System>
      <Provider Name="Microsoft-Windows-Sysmon" Guid="{5770385F-C22A-43E0-BF4C-06F5698FFBD9}" />
      <EventID>12</EventID>
      <Version>2</Version>
      <Level>4</Level>
      <Task>12</Task>
      <Opcode>0</Opcode>
      <Keywords>0x8000000000000000</Keywords>
      <TimeCreated SystemTime="2019-04-18T16:55:51.275486400Z" />
      <EventRecordID>10</EventRecordID>
      <Correlation />
      <Execution ProcessID="3192" ThreadID="3288" />
      <Channel>Microsoft-Windows-Sysmon/Operational</Channel>
      <Computer>IEWIN7</Computer>
      <Security UserID="S-1-5-18" />
    </System>
    <EventData>
      <Data Name="RuleName">technique_id=T1130,technique_name=Install Root Certificate</Data>
      <Data Name="EventType">CreateKey</Data>
      <Data Name="UtcTime">2019-04-18 16:55:51.245</Data>
      <Data Name="ProcessGuid">{365ABB72-AC09-5CB8-0000-0010939A0700}</Data>
      <Data Name="ProcessId">3192</Data>
      <Data Name="Image">C:\Windows\Sysmon.exe</Data>
      <Data Name="TargetObject">HKLM\SOFTWARE\Microsoft\SystemCertificates\ROOT\Certificates</Data>
    </EventData>
  </Event>
  <Event xmlns="http://schemas.microsoft.com/win/2004/08/events/event">
    <System>
      <Provider Name="Microsoft-Windows-Sysmon" Guid="{5770385F-C22A-43E0-BF4C-06F5698FFBD9}" />
      <EventID>12</EventID>
      <Version>2</Version>
      <Level>4</Level>
      <Task>12</Task>
      <Opcode>0</Opcode>
      <Keywords>0x8000000000000000</Keywords>
      <TimeCreated SystemTime="2019-04-18T16:55:51.275486400Z" />
      <EventRecordID>11</EventRecordID>
      <Correlation />
      <Execution ProcessID="3192" ThreadID="3288" />
      <Channel>Microsoft-Windows-Sysmon/Operational</Channel>
      <Computer>IEWIN7</Computer>
      <Security UserID="S-1-5-18" />
    </System>
    <EventData>
      <Data Name="RuleName">technique_id=T1130,technique_name=Install Root Certificate</Data>
      <Data Name="EventType">CreateKey</Data>
      <Data Name="UtcTime">2019-04-18 16:55:51.245</Data>
      <Data Name="ProcessGuid">{365ABB72-AC09-5CB8-0000-0010939A0700}</Data>
      <Data Name="ProcessId">3192</Data>
      <Data Name="Image">C:\Windows\Sysmon.exe</Data>
      <Data Name="TargetObject">HKLM\SOFTWARE\Policies\Microsoft\SystemCertificates\Root\Certificates</Data>
    </EventData>
  </Event>
  <Event xmlns="http://schemas.microsoft.com/win/2004/08/events/event">
    <System>
      <Provider Name="Microsoft-Windows-Sysmon" Guid="{5770385F-C22A-43E0-BF4C-06F5698FFBD9}" />
      <EventID>12</EventID>
      <Version>2</Version>
      <Level>4</Level>
      <Task>12</Task>
      <Opcode>0</Opcode>
      <Keywords>0x8000000000000000</Keywords>
      <TimeCreated SystemTime="2019-04-18T16:55:51.285500800Z" />
      <EventRecordID>12</EventRecordID>
      <Correlation />
      <Execution ProcessID="3192" ThreadID="3288" />
      <Channel>Microsoft-Windows-Sysmon/Operational</Channel>
      <Computer>IEWIN7</Computer>
      <Security UserID="S-1-5-18" />
    </System>
    <EventData>
      <Data Name="RuleName">technique_id=T1130,technique_name=Install Root Certificate</Data>
      <Data Name="EventType">CreateKey</Data>
      <Data Name="UtcTime">2019-04-18 16:55:51.245</Data>
      <Data Name="ProcessGuid">{365ABB72-AC09-5CB8-0000-0010939A0700}</Data>
      <Data Name="ProcessId">3192</Data>
      <Data Name="Image">C:\Windows\Sysmon.exe</Data>
      <Data Name="TargetObject">HKLM\SOFTWARE\Microsoft\EnterpriseCertificates\Root\Certificates</Data>
    </EventData>
  </Event>
  <Event xmlns="http://schemas.microsoft.com/win/2004/08/events/event">
    <System>
      <Provider Name="Microsoft-Windows-Sysmon" Guid="{5770385F-C22A-43E0-BF4C-06F5698FFBD9}" />
      <EventID>1</EventID>
      <Version>5</Version>
      <Level>4</Level>
      <Task>1</Task>
      <Opcode>0</Opcode>
      <Keywords>0x8000000000000000</Keywords>
      <TimeCreated SystemTime="2019-04-18T16:56:08.370067200Z" />
      <EventRecordID>13</EventRecordID>
      <Correlation />
      <Execution ProcessID="3192" ThreadID="3288" />
      <Channel>Microsoft-Windows-Sysmon/Operational</Channel>
      <Computer>IEWIN7</Computer>
      <Security UserID="S-1-5-18" />
    </System>
    <EventData>
      <Data Name="RuleName">technique_id=T1086,technique_name=PowerShell</Data>
      <Data Name="UtcTime">2019-04-18 16:56:08.340</Data>
      <Data Name="ProcessGuid">{365ABB72-AC28-5CB8-0000-0010F3F70700}</Data>
      <Data Name="ProcessId">1200</Data>
      <Data Name="Image">C:\Windows\System32\WindowsPowerShell\v1.0\powershell.exe</Data>
      <Data Name="FileVersion">6.1.7600.16385 (win7_rtm.090713-1255)</Data>
      <Data Name="Description">Windows PowerShell</Data>
      <Data Name="Product">Microsoft« Windows« Operating System</Data>
      <Data Name="Company">Microsoft Corporation</Data>
      <Data Name="CommandLine">Powershell</Data>
      <Data Name="CurrentDirectory">C:\Users\IEUser\Desktop\</Data>
      <Data Name="User">IEWIN7\IEUser</Data>
      <Data Name="LogonGuid">{365ABB72-AB27-5CB8-0000-002021CA0000}</Data>
      <Data Name="LogonId">0xca21</Data>
      <Data Name="TerminalSessionId">1</Data>
      <Data Name="IntegrityLevel">High</Data>
      <Data Name="Hashes">SHA1=04C5D2B4DA9A0F3FA8A45702D4256CEE42D8C48D,MD5=92F44E405DB16AC55D97E3BFE3B132FA,SHA256=6C05E11399B7E3C8ED31BAE72014CF249C144A8F4A2C54A758EB2E6FAD47AEC7,IMPHASH=96BA691B035D05F44E35AB23F6BA946C</Data>
      <Data Name="ParentProcessGuid">{365ABB72-AC01-5CB8-0000-0010BB7E0700}</Data>
      <Data Name="ParentProcessId">1196</Data>
      <Data Name="ParentImage">C:\Windows\System32\cmd.exe</Data>
      <Data Name="ParentCommandLine">"cmd.exe" /s /k pushd "C:\Users\IEUser\Desktop"</Data>
    </EventData>
  </Event>
  <Event xmlns="http://schemas.microsoft.com/win/2004/08/events/event">
    <System>
      <Provider Name="Microsoft-Windows-Sysmon" Guid="{5770385F-C22A-43E0-BF4C-06F5698FFBD9}" />
      <EventID>1</EventID>
      <Version>5</Version>
      <Level>4</Level>
      <Task>1</Task>
      <Opcode>0</Opcode>
      <Keywords>0x8000000000000000</Keywords>
      <TimeCreated SystemTime="2019-04-18T16:56:24.893827200Z" />
      <EventRecordID>14</EventRecordID>
      <Correlation />
      <Execution ProcessID="3192" ThreadID="3288" />
      <Channel>Microsoft-Windows-Sysmon/Operational</Channel>
      <Computer>IEWIN7</Computer>
      <Security UserID="S-1-5-18" />
    </System>
    <EventData>
      <Data Name="RuleName">technique_id=T1033,technique_name=System Owner/User Discovery</Data>
      <Data Name="UtcTime">2019-04-18 16:56:24.833</Data>
      <Data Name="ProcessGuid">{365ABB72-AC38-5CB8-0000-0010365E0800}</Data>
      <Data Name="ProcessId">3576</Data>
      <Data Name="Image">C:\Windows\System32\whoami.exe</Data>
      <Data Name="FileVersion">6.1.7600.16385 (win7_rtm.090713-1255)</Data>
      <Data Name="Description">whoami - displays logged on user information</Data>
      <Data Name="Product">Microsoft« Windows« Operating System</Data>
      <Data Name="Company">Microsoft Corporation</Data>
      <Data Name="CommandLine">"C:\Windows\system32\whoami.exe"  /user</Data>
      <Data Name="CurrentDirectory">C:\Users\IEUser\Desktop\</Data>
      <Data Name="User">IEWIN7\IEUser</Data>
      <Data Name="LogonGuid">{365ABB72-AB27-5CB8-0000-002021CA0000}</Data>
      <Data Name="LogonId">0xca21</Data>
      <Data Name="TerminalSessionId">1</Data>
      <Data Name="IntegrityLevel">High</Data>
      <Data Name="Hashes">SHA1=DC058F52AD8ACBD316827B6DCAC2434AB3CC515C,MD5=0EBF71E33EF09CA65D9683AFA999C473,SHA256=599EFD455AEEEFE2044A9B597061F271595033F5D0DF2C99DFDBCA8394BBCEC3,IMPHASH=C5352B949915AB8CD5E1844790D19274</Data>
      <Data Name="ParentProcessGuid">{365ABB72-AC28-5CB8-0000-0010F3F70700}</Data>
      <Data Name="ParentProcessId">1200</Data>
      <Data Name="ParentImage">C:\Windows\System32\WindowsPowerShell\v1.0\powershell.exe</Data>
      <Data Name="ParentCommandLine">Powershell</Data>
    </EventData>
  </Event>
  <Event xmlns="http://schemas.microsoft.com/win/2004/08/events/event">
    <System>
      <Provider Name="Microsoft-Windows-Sysmon" Guid="{5770385F-C22A-43E0-BF4C-06F5698FFBD9}" />
      <EventID>1</EventID>
      <Version>5</Version>
      <Level>4</Level>
      <Task>1</Task>
      <Opcode>0</Opcode>
      <Keywords>0x8000000000000000</Keywords>
      <TimeCreated SystemTime="2019-04-18T16:57:04.681038400Z" />
      <EventRecordID>15</EventRecordID>
      <Correlation />
      <Execution ProcessID="3192" ThreadID="3288" />
      <Channel>Microsoft-Windows-Sysmon/Operational</Channel>
      <Computer>IEWIN7</Computer>
      <Security UserID="S-1-5-18" />
    </System>
    <EventData>
      <Data Name="RuleName">technique_id=T1088,technique_name=Bypass User Account Control</Data>
      <Data Name="UtcTime">2019-04-18 16:57:04.500</Data>
      <Data Name="ProcessGuid">{365ABB72-AC60-5CB8-0000-001037BA0800}</Data>
      <Data Name="ProcessId">3900</Data>
      <Data Name="Image">C:\Windows\System32\mmc.exe</Data>
      <Data Name="FileVersion">6.1.7600.16385 (win7_rtm.090713-1255)</Data>
      <Data Name="Description">Microsoft Management Console</Data>
      <Data Name="Product">Microsoft« Windows« Operating System</Data>
      <Data Name="Company">Microsoft Corporation</Data>
      <Data Name="CommandLine">"C:\Windows\system32\mmc.exe" "C:\Windows\system32\eventvwr.msc" </Data>
      <Data Name="CurrentDirectory">C:\Users\IEUser\</Data>
      <Data Name="User">IEWIN7\IEUser</Data>
      <Data Name="LogonGuid">{365ABB72-AB27-5CB8-0000-002021CA0000}</Data>
      <Data Name="LogonId">0xca21</Data>
      <Data Name="TerminalSessionId">1</Data>
      <Data Name="IntegrityLevel">High</Data>
      <Data Name="Hashes">SHA1=98D8C5E38510C6220F42747D15F6FFF75DD59845,MD5=A2A5D487D0C3D55739A0491B6872480D,SHA256=40E2B83F07771D54CE4E45B76A14883D042766FF4E1E7872E482EC91E81E9484,IMPHASH=6D2ED4ADDAC7EBAE62381320D82AC4C1</Data>
      <Data Name="ParentProcessGuid">{365ABB72-AC60-5CB8-0000-001002B30800}</Data>
      <Data Name="ParentProcessId">3904</Data>
      <Data Name="ParentImage">C:\Windows\System32\eventvwr.exe</Data>
      <Data Name="ParentCommandLine">"C:\Windows\system32\eventvwr.exe" </Data>
    </EventData>
  </Event>
  <Event xmlns="http://schemas.microsoft.com/win/2004/08/events/event">
    <System>
      <Provider Name="Microsoft-Windows-Sysmon" Guid="{5770385F-C22A-43E0-BF4C-06F5698FFBD9}" />
      <EventID>11</EventID>
      <Version>2</Version>
      <Level>4</Level>
      <Task>11</Task>
      <Opcode>0</Opcode>
      <Keywords>0x8000000000000000</Keywords>
      <TimeCreated SystemTime="2019-04-18T16:57:06.954307200Z" />
      <EventRecordID>16</EventRecordID>
      <Correlation />
      <Execution ProcessID="3192" ThreadID="3288" />
      <Channel>Microsoft-Windows-Sysmon/Operational</Channel>
      <Computer>IEWIN7</Computer>
      <Security UserID="S-1-5-18" />
    </System>
    <EventData>
      <Data Name="RuleName">undefined</Data>
      <Data Name="UtcTime">2019-04-18 16:57:06.954</Data>
      <Data Name="ProcessGuid">{365ABB72-AB26-5CB8-0000-0010D1AE0000}</Data>
      <Data Name="ProcessId">912</Data>
      <Data Name="Image">C:\Windows\system32\svchost.exe</Data>
      <Data Name="TargetFilename">C:\Windows\System32\Tasks\Microsoft\Windows Defender\MP Scheduled Scan</Data>
      <Data Name="CreationUtcTime">2009-07-14 04:42:30.134</Data>
    </EventData>
  </Event>
  <Event xmlns="http://schemas.microsoft.com/win/2004/08/events/event">
    <System>
      <Provider Name="Microsoft-Windows-Sysmon" Guid="{5770385F-C22A-43E0-BF4C-06F5698FFBD9}" />
      <EventID>3</EventID>
      <Version>5</Version>
      <Level>4</Level>
      <Task>3</Task>
      <Opcode>0</Opcode>
      <Keywords>0x8000000000000000</Keywords>
      <TimeCreated SystemTime="2019-04-18T16:57:52.910388800Z" />
      <EventRecordID>17</EventRecordID>
      <Correlation />
      <Execution ProcessID="3192" ThreadID="3240" />
      <Channel>Microsoft-Windows-Sysmon/Operational</Channel>
      <Computer>IEWIN7</Computer>
      <Security UserID="S-1-5-18" />
    </System>
    <EventData>
      <Data Name="RuleName">technique_id=T1031,technique_name=Modify Existing Service</Data>
      <Data Name="UtcTime">2019-04-18 16:57:51.884</Data>
      <Data Name="ProcessGuid">{365ABB72-AC60-5CB8-0000-001037BA0800}</Data>
      <Data Name="ProcessId">3900</Data>
      <Data Name="Image">C:\Windows\System32\mmc.exe</Data>
      <Data Name="User">IEWIN7\IEUser</Data>
      <Data Name="Protocol">tcp</Data>
      <Data Name="Initiated">false</Data>
      <Data Name="SourceIsIpv6">true</Data>
      <Data Name="SourceIp">fe80:0:0:0:80ac:4126:fa58:1b81</Data>
      <Data Name="SourceHostname">IEWIN7</Data>
      <Data Name="SourcePort">49158</Data>
      <Data Name="SourcePortName">
      </Data>
      <Data Name="DestinationIsIpv6">true</Data>
      <Data Name="DestinationIp">fe80:0:0:0:80ac:4126:fa58:1b81</Data>
      <Data Name="DestinationHostname">IEWIN7</Data>
      <Data Name="DestinationPort">135</Data>
      <Data Name="DestinationPortName">epmap</Data>
    </EventData>
  </Event>
  <Event xmlns="http://schemas.microsoft.com/win/2004/08/events/event">
    <System>
      <Provider Name="Microsoft-Windows-Sysmon" Guid="{5770385F-C22A-43E0-BF4C-06F5698FFBD9}" />
      <EventID>7</EventID>
      <Version>3</Version>
      <Level>4</Level>
      <Task>7</Task>
      <Opcode>0</Opcode>
      <Keywords>0x8000000000000000</Keywords>
      <TimeCreated SystemTime="2019-04-18T16:58:12.979246400Z" />
      <EventRecordID>18</EventRecordID>
      <Correlation />
      <Execution ProcessID="3192" ThreadID="164" />
      <Channel>Microsoft-Windows-Sysmon/Operational</Channel>
      <Computer>IEWIN7</Computer>
      <Security UserID="S-1-5-18" />
    </System>
    <EventData>
      <Data Name="RuleName">technique_id=T1003,technique_name=Credential Dumping</Data>
      <Data Name="UtcTime">2019-04-18 16:58:12.919</Data>
      <Data Name="ProcessGuid">{365ABB72-AC28-5CB8-0000-0010F3F70700}</Data>
      <Data Name="ProcessId">1200</Data>
      <Data Name="Image">C:\Windows\System32\WindowsPowerShell\v1.0\powershell.exe</Data>
      <Data Name="ImageLoaded">C:\Windows\System32\cryptdll.dll</Data>
      <Data Name="FileVersion">6.1.7600.16385 (win7_rtm.090713-1255)</Data>
      <Data Name="Description">Cryptography Manager</Data>
      <Data Name="Product">Microsoft« Windows« Operating System</Data>
      <Data Name="Company">Microsoft Corporation</Data>
      <Data Name="Hashes">SHA1=C92A5E9D00AAC177C859B40247787E21D2483610,MD5=1128637CAD49A8E3C8B5FA5D0A061525,SHA256=6B80E50D8296F9E2C978CC6BC002B964ACFD8F4BCF623F4770513792845B5278,IMPHASH=CBB91DBEF75B54D8F20A2EC3E1BC8AC2</Data>
      <Data Name="Signed">true</Data>
      <Data Name="Signature">Microsoft Windows</Data>
      <Data Name="SignatureStatus">Valid</Data>
    </EventData>
  </Event>
  <Event xmlns="http://schemas.microsoft.com/win/2004/08/events/event">
    <System>
      <Provider Name="Microsoft-Windows-Sysmon" Guid="{5770385F-C22A-43E0-BF4C-06F5698FFBD9}" />
      <EventID>7</EventID>
      <Version>3</Version>
      <Level>4</Level>
      <Task>7</Task>
      <Opcode>0</Opcode>
      <Keywords>0x8000000000000000</Keywords>
      <TimeCreated SystemTime="2019-04-18T16:58:13.389836800Z" />
      <EventRecordID>19</EventRecordID>
      <Correlation />
      <Execution ProcessID="3192" ThreadID="164" />
      <Channel>Microsoft-Windows-Sysmon/Operational</Channel>
      <Computer>IEWIN7</Computer>
      <Security UserID="S-1-5-18" />
    </System>
    <EventData>
      <Data Name="RuleName">technique_id=T1003,technique_name=Credential Dumping</Data>
      <Data Name="UtcTime">2019-04-18 16:58:13.309</Data>
      <Data Name="ProcessGuid">{365ABB72-AC28-5CB8-0000-0010F3F70700}</Data>
      <Data Name="ProcessId">1200</Data>
      <Data Name="Image">C:\Windows\System32\WindowsPowerShell\v1.0\powershell.exe</Data>
      <Data Name="ImageLoaded">C:\Windows\System32\samlib.dll</Data>
      <Data Name="FileVersion">6.1.7601.23677 (win7sp1_ldr.170209-0600)</Data>
      <Data Name="Description">SAM Library DLL</Data>
      <Data Name="Product">Microsoft« Windows« Operating System</Data>
      <Data Name="Company">Microsoft Corporation</Data>
      <Data Name="Hashes">SHA1=922AF00065798A27238A6AE544BE314A3C3C7479,MD5=F3E69E053D4FA762A663ED7B77A5F4DD,SHA256=5D39A09D13D6085EDA7767771268E59888DE7ACE54E6DC9CA1B023E080254BCF,IMPHASH=B9E4EE1E8A5256343DE29E67C1CB41FA</Data>
      <Data Name="Signed">true</Data>
      <Data Name="Signature">Microsoft Windows</Data>
      <Data Name="SignatureStatus">Valid</Data>
    </EventData>
  </Event>
  <Event xmlns="http://schemas.microsoft.com/win/2004/08/events/event">
    <System>
      <Provider Name="Microsoft-Windows-Sysmon" Guid="{5770385F-C22A-43E0-BF4C-06F5698FFBD9}" />
      <EventID>7</EventID>
      <Version>3</Version>
      <Level>4</Level>
      <Task>7</Task>
      <Opcode>0</Opcode>
      <Keywords>0x8000000000000000</Keywords>
      <TimeCreated SystemTime="2019-04-18T16:58:13.650211200Z" />
      <EventRecordID>20</EventRecordID>
      <Correlation />
      <Execution ProcessID="3192" ThreadID="164" />
      <Channel>Microsoft-Windows-Sysmon/Operational</Channel>
      <Computer>IEWIN7</Computer>
      <Security UserID="S-1-5-18" />
    </System>
    <EventData>
      <Data Name="RuleName">technique_id=T1003,technique_name=Credential Dumping</Data>
      <Data Name="UtcTime">2019-04-18 16:58:13.560</Data>
      <Data Name="ProcessGuid">{365ABB72-AC28-5CB8-0000-0010F3F70700}</Data>
      <Data Name="ProcessId">1200</Data>
      <Data Name="Image">C:\Windows\System32\WindowsPowerShell\v1.0\powershell.exe</Data>
      <Data Name="ImageLoaded">C:\Windows\System32\hid.dll</Data>
      <Data Name="FileVersion">6.1.7600.16385 (win7_rtm.090713-1255)</Data>
      <Data Name="Description">Hid User Library</Data>
      <Data Name="Product">Microsoft« Windows« Operating System</Data>
      <Data Name="Company">Microsoft Corporation</Data>
      <Data Name="Hashes">SHA1=1BC4F63F2111059372F02E0B3893A38589B38688,MD5=63DF770DF74ACB370EF5A16727069AAF,SHA256=B8F96336BF87F1153C245D19606CBD10FBE7CF2795BCC762F2A1B57CB7C39116,IMPHASH=480C71617B8C5E2173781DA9C5B742AE</Data>
      <Data Name="Signed">true</Data>
      <Data Name="Signature">Microsoft Windows</Data>
      <Data Name="SignatureStatus">Valid</Data>
    </EventData>
  </Event>
  <Event xmlns="http://schemas.microsoft.com/win/2004/08/events/event">
    <System>
      <Provider Name="Microsoft-Windows-Sysmon" Guid="{5770385F-C22A-43E0-BF4C-06F5698FFBD9}" />
      <EventID>7</EventID>
      <Version>3</Version>
      <Level>4</Level>
      <Task>7</Task>
      <Opcode>0</Opcode>
      <Keywords>0x8000000000000000</Keywords>
      <TimeCreated SystemTime="2019-04-18T16:58:13.740340800Z" />
      <EventRecordID>21</EventRecordID>
      <Correlation />
      <Execution ProcessID="3192" ThreadID="164" />
      <Channel>Microsoft-Windows-Sysmon/Operational</Channel>
      <Computer>IEWIN7</Computer>
      <Security UserID="S-1-5-18" />
    </System>
    <EventData>
      <Data Name="RuleName">technique_id=T1003,technique_name=Credential Dumping</Data>
      <Data Name="UtcTime">2019-04-18 16:58:13.650</Data>
      <Data Name="ProcessGuid">{365ABB72-AC28-5CB8-0000-0010F3F70700}</Data>
      <Data Name="ProcessId">1200</Data>
      <Data Name="Image">C:\Windows\System32\WindowsPowerShell\v1.0\powershell.exe</Data>
      <Data Name="ImageLoaded">C:\Windows\System32\WinSCard.dll</Data>
      <Data Name="FileVersion">6.1.7600.16385 (win7_rtm.090713-1255)</Data>
      <Data Name="Description">Microsoft Smart Card API</Data>
      <Data Name="Product">Microsoft« Windows« Operating System</Data>
      <Data Name="Company">Microsoft Corporation</Data>
      <Data Name="Hashes">SHA1=1C4EA79DABE347BA378654FD2C6EE51B3C7B2868,MD5=9419ABF3163B6F0E3AD3DD2B381C879F,SHA256=75029AFDB5F8A8F74A63B6C8165E77110E2FBAEC0021A9613035BFFEC646A54E,IMPHASH=C9D7A0D2005B11C675EA66DFAC2C77E9</Data>
      <Data Name="Signed">true</Data>
      <Data Name="Signature">Microsoft Windows</Data>
      <Data Name="SignatureStatus">Valid</Data>
    </EventData>
  </Event>
  <Event xmlns="http://schemas.microsoft.com/win/2004/08/events/event">
    <System>
      <Provider Name="Microsoft-Windows-Sysmon" Guid="{5770385F-C22A-43E0-BF4C-06F5698FFBD9}" />
      <EventID>10</EventID>
      <Version>3</Version>
      <Level>4</Level>
      <Task>10</Task>
      <Opcode>0</Opcode>
      <Keywords>0x8000000000000000</Keywords>
      <TimeCreated SystemTime="2019-04-18T16:58:14.811881600Z" />
      <EventRecordID>22</EventRecordID>
      <Correlation />
      <Execution ProcessID="3192" ThreadID="3288" />
      <Channel>Microsoft-Windows-Sysmon/Operational</Channel>
      <Computer>IEWIN7</Computer>
      <Security UserID="S-1-5-18" />
    </System>
    <EventData>
      <Data Name="RuleName">technique_id=T1003,technique_name=Credential Dumping</Data>
      <Data Name="UtcTime">2019-04-18 16:58:14.801</Data>
      <Data Name="SourceProcessGUID">{365ABB72-AC28-5CB8-0000-0010F3F70700}</Data>
      <Data Name="SourceProcessId">1200</Data>
      <Data Name="SourceThreadId">3096</Data>
      <Data Name="SourceImage">C:\Windows\System32\WindowsPowerShell\v1.0\powershell.exe</Data>
      <Data Name="TargetProcessGUID">{365ABB72-29B3-5CB9-0000-001087490000}</Data>
      <Data Name="TargetProcessId">472</Data>
      <Data Name="TargetImage">C:\Windows\system32\lsass.exe</Data>
      <Data Name="GrantedAccess">0x1010</Data>
      <Data Name="CallTrace">C:\Windows\SYSTEM32\ntdll.dll+4595c|C:\Windows\system32\KERNELBASE.dll+8185</Data>
    </EventData>
  </Event>
  <Event xmlns="http://schemas.microsoft.com/win/2004/08/events/event">
    <System>
      <Provider Name="Microsoft-Windows-Sysmon" Guid="{5770385F-C22A-43E0-BF4C-06F5698FFBD9}" />
      <EventID>7</EventID>
      <Version>3</Version>
      <Level>4</Level>
      <Task>7</Task>
      <Opcode>0</Opcode>
      <Keywords>0x8000000000000000</Keywords>
      <TimeCreated SystemTime="2019-04-18T16:58:14.871968000Z" />
      <EventRecordID>23</EventRecordID>
      <Correlation />
      <Execution ProcessID="3192" ThreadID="164" />
      <Channel>Microsoft-Windows-Sysmon/Operational</Channel>
      <Computer>IEWIN7</Computer>
      <Security UserID="S-1-5-18" />
    </System>
    <EventData>
      <Data Name="RuleName">technique_id=T1003,technique_name=Credential Dumping</Data>
      <Data Name="UtcTime">2019-04-18 16:58:14.781</Data>
      <Data Name="ProcessGuid">{365ABB72-AC28-5CB8-0000-0010F3F70700}</Data>
      <Data Name="ProcessId">1200</Data>
      <Data Name="Image">C:\Windows\System32\WindowsPowerShell\v1.0\powershell.exe</Data>
      <Data Name="ImageLoaded">C:\Windows\System32\vaultcli.dll</Data>
      <Data Name="FileVersion">6.1.7600.16385 (win7_rtm.090713-1255)</Data>
      <Data Name="Description">Credential Vault Client Library</Data>
      <Data Name="Product">Microsoft« Windows« Operating System</Data>
      <Data Name="Company">Microsoft Corporation</Data>
      <Data Name="Hashes">SHA1=9A398500E906FA979C21CD9F19C929FE798AF9EF,MD5=36B8D5903CEEF0AA42A1EE002BD27FF1,SHA256=CBD5C4D0E05B9A2657D816B655FFFC386807061594DEAABA754658D3152F7403,IMPHASH=55954B415EBB6BF5B592831A5E07DC56</Data>
      <Data Name="Signed">true</Data>
      <Data Name="Signature">Microsoft Windows</Data>
      <Data Name="SignatureStatus">Valid</Data>
    </EventData>
  </Event>
  <Event xmlns="http://schemas.microsoft.com/win/2004/08/events/event">
    <System>
      <Provider Name="Microsoft-Windows-Sysmon" Guid="{5770385F-C22A-43E0-BF4C-06F5698FFBD9}" />
      <EventID>1</EventID>
      <Version>5</Version>
      <Level>4</Level>
      <Task>1</Task>
      <Opcode>0</Opcode>
      <Keywords>0x8000000000000000</Keywords>
      <TimeCreated SystemTime="2019-04-18T17:00:09.977481600Z" />
      <EventRecordID>24</EventRecordID>
      <Correlation />
      <Execution ProcessID="3192" ThreadID="3288" />
      <Channel>Microsoft-Windows-Sysmon/Operational</Channel>
      <Computer>IEWIN7</Computer>
      <Security UserID="S-1-5-18" />
    </System>
    <EventData>
      <Data Name="RuleName">technique_id=T1033,technique_name=System Owner/User Discovery</Data>
      <Data Name="UtcTime">2019-04-18 17:00:09.677</Data>
      <Data Name="ProcessGuid">{365ABB72-AD19-5CB8-0000-0010F4F40C00}</Data>
      <Data Name="ProcessId">3980</Data>
      <Data Name="Image">C:\Windows\System32\whoami.exe</Data>
      <Data Name="FileVersion">6.1.7600.16385 (win7_rtm.090713-1255)</Data>
      <Data Name="Description">whoami - displays logged on user information</Data>
      <Data Name="Product">Microsoft« Windows« Operating System</Data>
      <Data Name="Company">Microsoft Corporation</Data>
      <Data Name="CommandLine">"C:\Windows\system32\whoami.exe"  /user</Data>
      <Data Name="CurrentDirectory">C:\Users\IEUser\Desktop\</Data>
      <Data Name="User">IEWIN7\IEUser</Data>
      <Data Name="LogonGuid">{365ABB72-AB27-5CB8-0000-002021CA0000}</Data>
      <Data Name="LogonId">0xca21</Data>
      <Data Name="TerminalSessionId">1</Data>
      <Data Name="IntegrityLevel">High</Data>
      <Data Name="Hashes">SHA1=DC058F52AD8ACBD316827B6DCAC2434AB3CC515C,MD5=0EBF71E33EF09CA65D9683AFA999C473,SHA256=599EFD455AEEEFE2044A9B597061F271595033F5D0DF2C99DFDBCA8394BBCEC3,IMPHASH=C5352B949915AB8CD5E1844790D19274</Data>
      <Data Name="ParentProcessGuid">{365ABB72-AC28-5CB8-0000-0010F3F70700}</Data>
      <Data Name="ParentProcessId">1200</Data>
      <Data Name="ParentImage">C:\Windows\System32\WindowsPowerShell\v1.0\powershell.exe</Data>
      <Data Name="ParentCommandLine">Powershell</Data>
    </EventData>
  </Event>
  <Event xmlns="http://schemas.microsoft.com/win/2004/08/events/event">
    <System>
      <Provider Name="Microsoft-Windows-Sysmon" Guid="{5770385F-C22A-43E0-BF4C-06F5698FFBD9}" />
      <EventID>7</EventID>
      <Version>3</Version>
      <Level>4</Level>
      <Task>7</Task>
      <Opcode>0</Opcode>
      <Keywords>0x8000000000000000</Keywords>
      <TimeCreated SystemTime="2019-04-18T17:01:34.168542400Z" />
      <EventRecordID>25</EventRecordID>
      <Correlation />
      <Execution ProcessID="3192" ThreadID="3288" />
      <Channel>Microsoft-Windows-Sysmon/Operational</Channel>
      <Computer>IEWIN7</Computer>
      <Security UserID="S-1-5-18" />
    </System>
    <EventData>
      <Data Name="RuleName">technique_id=T1003,technique_name=Credential Dumping</Data>
      <Data Name="UtcTime">2019-04-18 17:01:34.138</Data>
      <Data Name="ProcessGuid">{365ABB72-AC28-5CB8-0000-0010F3F70700}</Data>
      <Data Name="ProcessId">1200</Data>
      <Data Name="Image">C:\Windows\System32\WindowsPowerShell\v1.0\powershell.exe</Data>
      <Data Name="ImageLoaded">C:\Windows\System32\cryptdll.dll</Data>
      <Data Name="FileVersion">6.1.7600.16385 (win7_rtm.090713-1255)</Data>
      <Data Name="Description">Cryptography Manager</Data>
      <Data Name="Product">Microsoft« Windows« Operating System</Data>
      <Data Name="Company">Microsoft Corporation</Data>
      <Data Name="Hashes">SHA1=C92A5E9D00AAC177C859B40247787E21D2483610,MD5=1128637CAD49A8E3C8B5FA5D0A061525,SHA256=6B80E50D8296F9E2C978CC6BC002B964ACFD8F4BCF623F4770513792845B5278,IMPHASH=CBB91DBEF75B54D8F20A2EC3E1BC8AC2</Data>
      <Data Name="Signed">true</Data>
      <Data Name="Signature">Microsoft Windows</Data>
      <Data Name="SignatureStatus">Valid</Data>
    </EventData>
  </Event>
  <Event xmlns="http://schemas.microsoft.com/win/2004/08/events/event">
    <System>
      <Provider Name="Microsoft-Windows-Sysmon" Guid="{5770385F-C22A-43E0-BF4C-06F5698FFBD9}" />
      <EventID>7</EventID>
      <Version>3</Version>
      <Level>4</Level>
      <Task>7</Task>
      <Opcode>0</Opcode>
      <Keywords>0x8000000000000000</Keywords>
      <TimeCreated SystemTime="2019-04-18T17:01:34.448945600Z" />
      <EventRecordID>26</EventRecordID>
      <Correlation />
      <Execution ProcessID="3192" ThreadID="3288" />
      <Channel>Microsoft-Windows-Sysmon/Operational</Channel>
      <Computer>IEWIN7</Computer>
      <Security UserID="S-1-5-18" />
    </System>
    <EventData>
      <Data Name="RuleName">technique_id=T1003,technique_name=Credential Dumping</Data>
      <Data Name="UtcTime">2019-04-18 17:01:34.418</Data>
      <Data Name="ProcessGuid">{365ABB72-AC28-5CB8-0000-0010F3F70700}</Data>
      <Data Name="ProcessId">1200</Data>
      <Data Name="Image">C:\Windows\System32\WindowsPowerShell\v1.0\powershell.exe</Data>
      <Data Name="ImageLoaded">C:\Windows\System32\samlib.dll</Data>
      <Data Name="FileVersion">6.1.7601.23677 (win7sp1_ldr.170209-0600)</Data>
      <Data Name="Description">SAM Library DLL</Data>
      <Data Name="Product">Microsoft« Windows« Operating System</Data>
      <Data Name="Company">Microsoft Corporation</Data>
      <Data Name="Hashes">SHA1=922AF00065798A27238A6AE544BE314A3C3C7479,MD5=F3E69E053D4FA762A663ED7B77A5F4DD,SHA256=5D39A09D13D6085EDA7767771268E59888DE7ACE54E6DC9CA1B023E080254BCF,IMPHASH=B9E4EE1E8A5256343DE29E67C1CB41FA</Data>
      <Data Name="Signed">true</Data>
      <Data Name="Signature">Microsoft Windows</Data>
      <Data Name="SignatureStatus">Valid</Data>
    </EventData>
  </Event>
  <Event xmlns="http://schemas.microsoft.com/win/2004/08/events/event">
    <System>
      <Provider Name="Microsoft-Windows-Sysmon" Guid="{5770385F-C22A-43E0-BF4C-06F5698FFBD9}" />
      <EventID>7</EventID>
      <Version>3</Version>
      <Level>4</Level>
      <Task>7</Task>
      <Opcode>0</Opcode>
      <Keywords>0x8000000000000000</Keywords>
      <TimeCreated SystemTime="2019-04-18T17:01:34.659248000Z" />
      <EventRecordID>27</EventRecordID>
      <Correlation />
      <Execution ProcessID="3192" ThreadID="3288" />
      <Channel>Microsoft-Windows-Sysmon/Operational</Channel>
      <Computer>IEWIN7</Computer>
      <Security UserID="S-1-5-18" />
    </System>
    <EventData>
      <Data Name="RuleName">technique_id=T1003,technique_name=Credential Dumping</Data>
      <Data Name="UtcTime">2019-04-18 17:01:34.629</Data>
      <Data Name="ProcessGuid">{365ABB72-AC28-5CB8-0000-0010F3F70700}</Data>
      <Data Name="ProcessId">1200</Data>
      <Data Name="Image">C:\Windows\System32\WindowsPowerShell\v1.0\powershell.exe</Data>
      <Data Name="ImageLoaded">C:\Windows\System32\hid.dll</Data>
      <Data Name="FileVersion">6.1.7600.16385 (win7_rtm.090713-1255)</Data>
      <Data Name="Description">Hid User Library</Data>
      <Data Name="Product">Microsoft« Windows« Operating System</Data>
      <Data Name="Company">Microsoft Corporation</Data>
      <Data Name="Hashes">SHA1=1BC4F63F2111059372F02E0B3893A38589B38688,MD5=63DF770DF74ACB370EF5A16727069AAF,SHA256=B8F96336BF87F1153C245D19606CBD10FBE7CF2795BCC762F2A1B57CB7C39116,IMPHASH=480C71617B8C5E2173781DA9C5B742AE</Data>
      <Data Name="Signed">true</Data>
      <Data Name="Signature">Microsoft Windows</Data>
      <Data Name="SignatureStatus">Valid</Data>
    </EventData>
  </Event>
  <Event xmlns="http://schemas.microsoft.com/win/2004/08/events/event">
    <System>
      <Provider Name="Microsoft-Windows-Sysmon" Guid="{5770385F-C22A-43E0-BF4C-06F5698FFBD9}" />
      <EventID>7</EventID>
      <Version>3</Version>
      <Level>4</Level>
      <Task>7</Task>
      <Opcode>0</Opcode>
      <Keywords>0x8000000000000000</Keywords>
      <TimeCreated SystemTime="2019-04-18T17:01:34.689291200Z" />
      <EventRecordID>28</EventRecordID>
      <Correlation />
      <Execution ProcessID="3192" ThreadID="3288" />
      <Channel>Microsoft-Windows-Sysmon/Operational</Channel>
      <Computer>IEWIN7</Computer>
      <Security UserID="S-1-5-18" />
    </System>
    <EventData>
      <Data Name="RuleName">technique_id=T1003,technique_name=Credential Dumping</Data>
      <Data Name="UtcTime">2019-04-18 17:01:34.669</Data>
      <Data Name="ProcessGuid">{365ABB72-AC28-5CB8-0000-0010F3F70700}</Data>
      <Data Name="ProcessId">1200</Data>
      <Data Name="Image">C:\Windows\System32\WindowsPowerShell\v1.0\powershell.exe</Data>
      <Data Name="ImageLoaded">C:\Windows\System32\WinSCard.dll</Data>
      <Data Name="FileVersion">6.1.7600.16385 (win7_rtm.090713-1255)</Data>
      <Data Name="Description">Microsoft Smart Card API</Data>
      <Data Name="Product">Microsoft« Windows« Operating System</Data>
      <Data Name="Company">Microsoft Corporation</Data>
      <Data Name="Hashes">SHA1=1C4EA79DABE347BA378654FD2C6EE51B3C7B2868,MD5=9419ABF3163B6F0E3AD3DD2B381C879F,SHA256=75029AFDB5F8A8F74A63B6C8165E77110E2FBAEC0021A9613035BFFEC646A54E,IMPHASH=C9D7A0D2005B11C675EA66DFAC2C77E9</Data>
      <Data Name="Signed">true</Data>
      <Data Name="Signature">Microsoft Windows</Data>
      <Data Name="SignatureStatus">Valid</Data>
    </EventData>
  </Event>
  <Event xmlns="http://schemas.microsoft.com/win/2004/08/events/event">
    <System>
      <Provider Name="Microsoft-Windows-Sysmon" Guid="{5770385F-C22A-43E0-BF4C-06F5698FFBD9}" />
      <EventID>7</EventID>
      <Version>3</Version>
      <Level>4</Level>
      <Task>7</Task>
      <Opcode>0</Opcode>
      <Keywords>0x8000000000000000</Keywords>
      <TimeCreated SystemTime="2019-04-18T17:01:35.680716800Z" />
      <EventRecordID>29</EventRecordID>
      <Correlation />
      <Execution ProcessID="3192" ThreadID="3288" />
      <Channel>Microsoft-Windows-Sysmon/Operational</Channel>
      <Computer>IEWIN7</Computer>
      <Security UserID="S-1-5-18" />
    </System>
    <EventData>
      <Data Name="RuleName">technique_id=T1003,technique_name=Credential Dumping</Data>
      <Data Name="UtcTime">2019-04-18 17:01:35.680</Data>
      <Data Name="ProcessGuid">{365ABB72-AC28-5CB8-0000-0010F3F70700}</Data>
      <Data Name="ProcessId">1200</Data>
      <Data Name="Image">C:\Windows\System32\WindowsPowerShell\v1.0\powershell.exe</Data>
      <Data Name="ImageLoaded">C:\Windows\System32\vaultcli.dll</Data>
      <Data Name="FileVersion">6.1.7600.16385 (win7_rtm.090713-1255)</Data>
      <Data Name="Description">Credential Vault Client Library</Data>
      <Data Name="Product">Microsoft« Windows« Operating System</Data>
      <Data Name="Company">Microsoft Corporation</Data>
      <Data Name="Hashes">SHA1=9A398500E906FA979C21CD9F19C929FE798AF9EF,MD5=36B8D5903CEEF0AA42A1EE002BD27FF1,SHA256=CBD5C4D0E05B9A2657D816B655FFFC386807061594DEAABA754658D3152F7403,IMPHASH=55954B415EBB6BF5B592831A5E07DC56</Data>
      <Data Name="Signed">true</Data>
      <Data Name="Signature">Microsoft Windows</Data>
      <Data Name="SignatureStatus">Valid</Data>
    </EventData>
  </Event>
  <Event xmlns="http://schemas.microsoft.com/win/2004/08/events/event">
    <System>
      <Provider Name="Microsoft-Windows-Sysmon" Guid="{5770385F-C22A-43E0-BF4C-06F5698FFBD9}" />
      <EventID>10</EventID>
      <Version>3</Version>
      <Level>4</Level>
      <Task>10</Task>
      <Opcode>0</Opcode>
      <Keywords>0x8000000000000000</Keywords>
      <TimeCreated SystemTime="2019-04-18T17:01:35.720774400Z" />
      <EventRecordID>30</EventRecordID>
      <Correlation />
      <Execution ProcessID="3192" ThreadID="3288" />
      <Channel>Microsoft-Windows-Sysmon/Operational</Channel>
      <Computer>IEWIN7</Computer>
      <Security UserID="S-1-5-18" />
    </System>
    <EventData>
      <Data Name="RuleName">technique_id=T1003,technique_name=Credential Dumping</Data>
      <Data Name="UtcTime">2019-04-18 17:01:35.680</Data>
      <Data Name="SourceProcessGUID">{365ABB72-AC28-5CB8-0000-0010F3F70700}</Data>
      <Data Name="SourceProcessId">1200</Data>
      <Data Name="SourceThreadId">3996</Data>
      <Data Name="SourceImage">C:\Windows\System32\WindowsPowerShell\v1.0\powershell.exe</Data>
      <Data Name="TargetProcessGUID">{365ABB72-29B3-5CB9-0000-001087490000}</Data>
      <Data Name="TargetProcessId">472</Data>
      <Data Name="TargetImage">C:\Windows\system32\lsass.exe</Data>
      <Data Name="GrantedAccess">0x1010</Data>
      <Data Name="CallTrace">C:\Windows\SYSTEM32\ntdll.dll+4595c|C:\Windows\system32\KERNELBASE.dll+8185</Data>
    </EventData>
  </Event>
  <Event xmlns="http://schemas.microsoft.com/win/2004/08/events/event">
    <System>
      <Provider Name="Microsoft-Windows-Sysmon" Guid="{5770385F-C22A-43E0-BF4C-06F5698FFBD9}" />
      <EventID>7</EventID>
      <Version>3</Version>
      <Level>4</Level>
      <Task>7</Task>
      <Opcode>0</Opcode>
      <Keywords>0x8000000000000000</Keywords>
      <TimeCreated SystemTime="2019-04-18T17:01:49.961251200Z" />
      <EventRecordID>31</EventRecordID>
      <Correlation />
      <Execution ProcessID="3192" ThreadID="164" />
      <Channel>Microsoft-Windows-Sysmon/Operational</Channel>
      <Computer>IEWIN7</Computer>
      <Security UserID="S-1-5-18" />
    </System>
    <EventData>
      <Data Name="RuleName">technique_id=T1003,technique_name=Credential Dumping</Data>
      <Data Name="UtcTime">2019-04-18 17:01:49.831</Data>
      <Data Name="ProcessGuid">{365ABB72-AB28-5CB8-0000-001025060100}</Data>
      <Data Name="ProcessId">1624</Data>
      <Data Name="Image">C:\Windows\System32\svchost.exe</Data>
      <Data Name="ImageLoaded">C:\Windows\System32\wlanapi.dll</Data>
      <Data Name="FileVersion">6.1.7600.16385 (win7_rtm.090713-1255)</Data>
      <Data Name="Description">Windows WLAN AutoConfig Client Side API DLL</Data>
      <Data Name="Product">Microsoft« Windows« Operating System</Data>
      <Data Name="Company">Microsoft Corporation</Data>
      <Data Name="Hashes">SHA1=31E713AFCF973171D9A3B0B616F4726CD3CFE621,MD5=837E870DBDEE3D19122C833389D81CC9,SHA256=4C4410B103A80D9502E6842033BBDA2952C219824DCCA75EEB8265C94A53FBC4,IMPHASH=6C6D0BFAB9C996952B5E81BA61DB929E</Data>
      <Data Name="Signed">true</Data>
      <Data Name="Signature">Microsoft Windows</Data>
      <Data Name="SignatureStatus">Valid</Data>
    </EventData>
  </Event>
  <Event xmlns="http://schemas.microsoft.com/win/2004/08/events/event">
    <System>
      <Provider Name="Microsoft-Windows-Sysmon" Guid="{5770385F-C22A-43E0-BF4C-06F5698FFBD9}" />
      <EventID>11</EventID>
      <Version>2</Version>
      <Level>4</Level>
      <Task>11</Task>
      <Opcode>0</Opcode>
      <Keywords>0x8000000000000000</Keywords>
      <TimeCreated SystemTime="2019-04-18T17:03:03.321806300Z" />
      <EventRecordID>32</EventRecordID>
      <Correlation />
      <Execution ProcessID="3192" ThreadID="3288" />
      <Channel>Microsoft-Windows-Sysmon/Operational</Channel>
      <Computer>IEWIN7</Computer>
      <Security UserID="S-1-5-18" />
    </System>
    <EventData>
      <Data Name="RuleName">technique_id=T1187,technique_name=Forced Authentication</Data>
      <Data Name="UtcTime">2019-04-18 17:03:03.311</Data>
      <Data Name="ProcessGuid">{365ABB72-AB28-5CB8-0000-0010F2E20000}</Data>
      <Data Name="ProcessId">1388</Data>
      <Data Name="Image">C:\Windows\Explorer.EXE</Data>
      <Data Name="TargetFilename">C:\Users\IEUser\AppData\Roaming\Microsoft\Windows\Recent\sysmon.evtx.lnk</Data>
      <Data Name="CreationUtcTime">2019-04-18 17:03:03.311</Data>
    </EventData>
  </Event>
  <Event xmlns="http://schemas.microsoft.com/win/2004/08/events/event">
    <System>
      <Provider Name="Microsoft-Windows-Sysmon" Guid="{5770385F-C22A-43E0-BF4C-06F5698FFBD9}" />
      <EventID>11</EventID>
      <Version>2</Version>
      <Level>4</Level>
      <Task>11</Task>
      <Opcode>0</Opcode>
      <Keywords>0x8000000000000000</Keywords>
      <TimeCreated SystemTime="2019-04-18T17:03:03.441979100Z" />
      <EventRecordID>33</EventRecordID>
      <Correlation />
      <Execution ProcessID="3192" ThreadID="3288" />
      <Channel>Microsoft-Windows-Sysmon/Operational</Channel>
      <Computer>IEWIN7</Computer>
      <Security UserID="S-1-5-18" />
    </System>
    <EventData>
      <Data Name="RuleName">technique_id=T1187,technique_name=Forced Authentication</Data>
      <Data Name="UtcTime">2019-04-18 17:03:03.441</Data>
      <Data Name="ProcessGuid">{365ABB72-AB28-5CB8-0000-0010F2E20000}</Data>
      <Data Name="ProcessId">1388</Data>
      <Data Name="Image">C:\Windows\Explorer.EXE</Data>
      <Data Name="TargetFilename">C:\Users\IEUser\AppData\Roaming\Microsoft\Windows\Recent\HTools (vboxsrv) (D).lnk</Data>
      <Data Name="CreationUtcTime">2019-04-18 17:03:03.441</Data>
    </EventData>
  </Event>
</root>