<root>
  <Event xmlns="http://schemas.microsoft.com/win/2004/08/events/event">
    <System>
      <Provider Name="Microsoft-Windows-Security-Auditing" Guid="{54849625-5478-4994-A5BA-3E3B0328C30D}" />
      <EventID>4662</EventID>
      <Version>0</Version>
      <Level>0</Level>
      <Task>14080</Task>
      <Opcode>0</Opcode>
      <Keywords>0x8020000000000000</Keywords>
      <TimeCreated SystemTime="2019-05-08T02:10:43.487217000Z" />
      <EventRecordID>202791</EventRecordID>
      <Correlation />
      <Execution ProcessID="444" ThreadID="4632" />
      <Channel>Security</Channel>
      <Computer>DC1.insecurebank.local</Computer>
      <Security />
    </System>
    <EventData>
      <Data Name="SubjectUserSid">S-1-5-21-738609754-2819869699-4189121830-500</Data>
      <Data Name="SubjectUserName">Administrator</Data>
      <Data Name="SubjectDomainName">insecurebank</Data>
      <Data Name="SubjectLogonId">0x40c6511</Data>
      <Data Name="ObjectServer">DS</Data>
      <Data Name="ObjectType">%{19195a5b-6da0-11d0-afd3-00c04fd930c9}</Data>
      <Data Name="ObjectName">%{c6faf700-bfe4-452a-a766-424f84c29583}</Data>
      <Data Name="OperationType">Object Access</Data>
      <Data Name="HandleId">0x0</Data>
      <Data Name="AccessList">%%7688
				</Data>
      <Data Name="AccessMask">0x100</Data>
      <Data Name="Properties">%%7688
		{1131f6aa-9c07-11d1-f79f-00c04fc2dcd2}
	{19195a5b-6da0-11d0-afd3-00c04fd930c9}
</Data>
      <Data Name="AdditionalInfo">-</Data>
      <Data Name="AdditionalInfo2">
      </Data>
    </EventData>
  </Event>
  <Event xmlns="http://schemas.microsoft.com/win/2004/08/events/event">
    <System>
      <Provider Name="Microsoft-Windows-Security-Auditing" Guid="{54849625-5478-4994-A5BA-3E3B0328C30D}" />
      <EventID>4662</EventID>
      <Version>0</Version>
      <Level>0</Level>
      <Task>14080</Task>
      <Opcode>0</Opcode>
      <Keywords>0x8020000000000000</Keywords>
      <TimeCreated SystemTime="2019-05-08T02:10:43.487217000Z" />
      <EventRecordID>202792</EventRecordID>
      <Correlation />
      <Execution ProcessID="444" ThreadID="4632" />
      <Channel>Security</Channel>
      <Computer>DC1.insecurebank.local</Computer>
      <Security />
    </System>
    <EventData>
      <Data Name="SubjectUserSid">S-1-5-21-738609754-2819869699-4189121830-500</Data>
      <Data Name="SubjectUserName">Administrator</Data>
      <Data Name="SubjectDomainName">insecurebank</Data>
      <Data Name="SubjectLogonId">0x40c6511</Data>
      <Data Name="ObjectServer">DS</Data>
      <Data Name="ObjectType">%{19195a5b-6da0-11d0-afd3-00c04fd930c9}</Data>
      <Data Name="ObjectName">%{c6faf700-bfe4-452a-a766-424f84c29583}</Data>
      <Data Name="OperationType">Object Access</Data>
      <Data Name="HandleId">0x0</Data>
      <Data Name="AccessList">%%7688
				</Data>
      <Data Name="AccessMask">0x100</Data>
      <Data Name="Properties">%%7688
		{1131f6aa-9c07-11d1-f79f-00c04fc2dcd2}
	{19195a5b-6da0-11d0-afd3-00c04fd930c9}
</Data>
      <Data Name="AdditionalInfo">-</Data>
      <Data Name="AdditionalInfo2">
      </Data>
    </EventData>
  </Event>
  <Event xmlns="http://schemas.microsoft.com/win/2004/08/events/event">
    <System>
      <Provider Name="Microsoft-Windows-Security-Auditing" Guid="{54849625-5478-4994-A5BA-3E3B0328C30D}" />
      <EventID>4662</EventID>
      <Version>0</Version>
      <Level>0</Level>
      <Task>14080</Task>
      <Opcode>0</Opcode>
      <Keywords>0x8020000000000000</Keywords>
      <TimeCreated SystemTime="2019-05-08T02:10:43.487217000Z" />
      <EventRecordID>202793</EventRecordID>
      <Correlation />
      <Execution ProcessID="444" ThreadID="4632" />
      <Channel>Security</Channel>
      <Computer>DC1.insecurebank.local</Computer>
      <Security />
    </System>
    <EventData>
      <Data Name="SubjectUserSid">S-1-5-21-738609754-2819869699-4189121830-500</Data>
      <Data Name="SubjectUserName">Administrator</Data>
      <Data Name="SubjectDomainName">insecurebank</Data>
      <Data Name="SubjectLogonId">0x40c6511</Data>
      <Data Name="ObjectServer">DS</Data>
      <Data Name="ObjectType">%{19195a5b-6da0-11d0-afd3-00c04fd930c9}</Data>
      <Data Name="ObjectName">%{c6faf700-bfe4-452a-a766-424f84c29583}</Data>
      <Data Name="OperationType">Object Access</Data>
      <Data Name="HandleId">0x0</Data>
      <Data Name="AccessList">%%7688
				</Data>
      <Data Name="AccessMask">0x100</Data>
      <Data Name="Properties">%%7688
		{1131f6ad-9c07-11d1-f79f-00c04fc2dcd2}
	{19195a5b-6da0-11d0-afd3-00c04fd930c9}
</Data>
      <Data Name="AdditionalInfo">-</Data>
      <Data Name="AdditionalInfo2">
      </Data>
    </EventData>
  </Event>
</root>