<root>
  <Event xmlns="http://schemas.microsoft.com/win/2004/08/events/event">
    <System>
      <Provider Name="Microsoft-Windows-Sysmon" Guid="{5770385F-C22A-43E0-BF4C-06F5698FFBD9}" />
      <EventID>8</EventID>
      <Version>2</Version>
      <Level>4</Level>
      <Task>8</Task>
      <Opcode>0</Opcode>
      <Keywords>0x8000000000000000</Keywords>
      <TimeCreated SystemTime="2019-04-27T18:55:04.710608200Z" />
      <EventRecordID>7070</EventRecordID>
      <Correlation />
      <Execution ProcessID="1816" ThreadID="1228" />
      <Channel>Microsoft-Windows-Sysmon/Operational</Channel>
      <Computer>IEWIN7</Computer>
      <Security UserID="S-1-5-18" />
    </System>
    <EventData>
      <Data Name="RuleName">
      </Data>
      <Data Name="UtcTime">2019-04-27 18:55:04.710</Data>
      <Data Name="SourceProcessGuid">{365ABB72-A512-5CC4-0000-0010C05E1B00}</Data>
      <Data Name="SourceProcessId">2856</Data>
      <Data Name="SourceImage">C:\Windows\System32\WindowsPowerShell\v1.0\powershell.exe</Data>
      <Data Name="TargetProcessGuid">{365ABB72-A201-5CC4-0000-00104F500800}</Data>
      <Data Name="TargetProcessId">2364</Data>
      <Data Name="TargetImage">C:\Program Files\KeePass Password Safe 2\KeePass.exe</Data>
      <Data Name="NewThreadId">3796</Data>
      <Data Name="StartAddress">0x76FAEC4B</Data>
      <Data Name="StartModule">C:\Windows\SYSTEM32\ntdll.dll</Data>
      <Data Name="StartFunction">DbgUiRemoteBreakin</Data>
    </EventData>
  </Event>
  <Event xmlns="http://schemas.microsoft.com/win/2004/08/events/event">
    <System>
      <Provider Name="Microsoft-Windows-Sysmon" Guid="{5770385F-C22A-43E0-BF4C-06F5698FFBD9}" />
      <EventID>8</EventID>
      <Version>2</Version>
      <Level>4</Level>
      <Task>8</Task>
      <Opcode>0</Opcode>
      <Keywords>0x8000000000000000</Keywords>
      <TimeCreated SystemTime="2019-04-27T18:55:04.980137800Z" />
      <EventRecordID>7071</EventRecordID>
      <Correlation />
      <Execution ProcessID="1816" ThreadID="1228" />
      <Channel>Microsoft-Windows-Sysmon/Operational</Channel>
      <Computer>IEWIN7</Computer>
      <Security UserID="S-1-5-18" />
    </System>
    <EventData>
      <Data Name="RuleName">
      </Data>
      <Data Name="UtcTime">2019-04-27 18:55:04.980</Data>
      <Data Name="SourceProcessGuid">{365ABB72-A512-5CC4-0000-0010C05E1B00}</Data>
      <Data Name="SourceProcessId">2856</Data>
      <Data Name="SourceImage">C:\Windows\System32\WindowsPowerShell\v1.0\powershell.exe</Data>
      <Data Name="TargetProcessGuid">{365ABB72-A201-5CC4-0000-00104F500800}</Data>
      <Data Name="TargetProcessId">2364</Data>
      <Data Name="TargetImage">C:\Program Files\KeePass Password Safe 2\KeePass.exe</Data>
      <Data Name="NewThreadId">1384</Data>
      <Data Name="StartAddress">0x06160000</Data>
      <Data Name="StartModule">
      </Data>
      <Data Name="StartFunction">
      </Data>
    </EventData>
  </Event>
</root>