<root>
  <Event xmlns="http://schemas.microsoft.com/win/2004/08/events/event">
    <System>
      <Provider Name="Microsoft-Windows-Sysmon" Guid="{5770385F-C22A-43E0-BF4C-06F5698FFBD9}" />
      <EventID>10</EventID>
      <Version>3</Version>
      <Level>4</Level>
      <Task>10</Task>
      <Opcode>0</Opcode>
      <Keywords>0x8000000000000000</Keywords>
      <TimeCreated SystemTime="2019-04-30T12:43:43.784179600Z" />
      <EventRecordID>9058</EventRecordID>
      <Correlation />
      <Execution ProcessID="1964" ThreadID="316" />
      <Channel>Microsoft-Windows-Sysmon/Operational</Channel>
      <Computer>IEWIN7</Computer>
      <Security UserID="S-1-5-18" />
    </System>
    <EventData>
      <Data Name="RuleName">
      </Data>
      <Data Name="UtcTime">2019-04-30 12:43:43.784</Data>
      <Data Name="SourceProcessGUID">{365ABB72-4055-5CC8-0000-0010769D0B00}</Data>
      <Data Name="SourceProcessId">1532</Data>
      <Data Name="SourceThreadId">2284</Data>
      <Data Name="SourceImage">\\VBOXSVR\HTools\voice_mail.msg.exe</Data>
      <Data Name="TargetProcessGUID">{365ABB72-3FDE-5CC8-0000-0010142B0000}</Data>
      <Data Name="TargetProcessId">264</Data>
      <Data Name="TargetImage">C:\Windows\System32\smss.exe</Data>
      <Data Name="GrantedAccess">0x1f1fff</Data>
      <Data Name="CallTrace">C:\Windows\SYSTEM32\ntdll.dll+4595c|C:\Windows\system32\KERNELBASE.dll+8185|UNKNOWN(01B51606)|UNKNOWN(01B51F41)|UNKNOWN(01B51515)|UNKNOWN(014A7486)|UNKNOWN(014A73A0)|UNKNOWN(014A78A3)|C:\Windows\system32\kernel32.dll+4ef8c|C:\Windows\SYSTEM32\ntdll.dll+6367a|C:\Windows\SYSTEM32\ntdll.dll+6364d</Data>
    </EventData>
  </Event>
  <Event xmlns="http://schemas.microsoft.com/win/2004/08/events/event">
    <System>
      <Provider Name="Microsoft-Windows-Sysmon" Guid="{5770385F-C22A-43E0-BF4C-06F5698FFBD9}" />
      <EventID>10</EventID>
      <Version>3</Version>
      <Level>4</Level>
      <Task>10</Task>
      <Opcode>0</Opcode>
      <Keywords>0x8000000000000000</Keywords>
      <TimeCreated SystemTime="2019-04-30T12:43:43.784179600Z" />
      <EventRecordID>9059</EventRecordID>
      <Correlation />
      <Execution ProcessID="1964" ThreadID="316" />
      <Channel>Microsoft-Windows-Sysmon/Operational</Channel>
      <Computer>IEWIN7</Computer>
      <Security UserID="S-1-5-18" />
    </System>
    <EventData>
      <Data Name="RuleName">
      </Data>
      <Data Name="UtcTime">2019-04-30 12:43:43.784</Data>
      <Data Name="SourceProcessGUID">{365ABB72-4055-5CC8-0000-0010769D0B00}</Data>
      <Data Name="SourceProcessId">1532</Data>
      <Data Name="SourceThreadId">2284</Data>
      <Data Name="SourceImage">\\VBOXSVR\HTools\voice_mail.msg.exe</Data>
      <Data Name="TargetProcessGUID">{365ABB72-3FDF-5CC8-0000-00103C480000}</Data>
      <Data Name="TargetProcessId">336</Data>
      <Data Name="TargetImage">C:\Windows\system32\csrss.exe</Data>
      <Data Name="GrantedAccess">0x1f1fff</Data>
      <Data Name="CallTrace">C:\Windows\SYSTEM32\ntdll.dll+4595c|C:\Windows\system32\KERNELBASE.dll+8185|UNKNOWN(01B51606)|UNKNOWN(01B51F41)|UNKNOWN(01B51515)|UNKNOWN(014A7486)|UNKNOWN(014A73A0)|UNKNOWN(014A78A3)|C:\Windows\system32\kernel32.dll+4ef8c|C:\Windows\SYSTEM32\ntdll.dll+6367a|C:\Windows\SYSTEM32\ntdll.dll+6364d</Data>
    </EventData>
  </Event>
  <Event xmlns="http://schemas.microsoft.com/win/2004/08/events/event">
    <System>
      <Provider Name="Microsoft-Windows-Sysmon" Guid="{5770385F-C22A-43E0-BF4C-06F5698FFBD9}" />
      <EventID>8</EventID>
      <Version>2</Version>
      <Level>4</Level>
      <Task>8</Task>
      <Opcode>0</Opcode>
      <Keywords>0x8000000000000000</Keywords>
      <TimeCreated SystemTime="2019-04-30T12:43:43.784179600Z" />
      <EventRecordID>9060</EventRecordID>
      <Correlation />
      <Execution ProcessID="1964" ThreadID="316" />
      <Channel>Microsoft-Windows-Sysmon/Operational</Channel>
      <Computer>IEWIN7</Computer>
      <Security UserID="S-1-5-18" />
    </System>
    <EventData>
      <Data Name="RuleName">
      </Data>
      <Data Name="UtcTime">2019-04-30 12:43:43.784</Data>
      <Data Name="SourceProcessGuid">{365ABB72-4055-5CC8-0000-0010769D0B00}</Data>
      <Data Name="SourceProcessId">1532</Data>
      <Data Name="SourceImage">\\VBOXSVR\HTools\voice_mail.msg.exe</Data>
      <Data Name="TargetProcessGuid">{365ABB72-3FE0-5CC8-0000-00107E590000}</Data>
      <Data Name="TargetProcessId">492</Data>
      <Data Name="TargetImage">C:\Windows\System32\lsass.exe</Data>
      <Data Name="NewThreadId">1744</Data>
      <Data Name="StartAddress">0x001A0000</Data>
      <Data Name="StartModule">
      </Data>
      <Data Name="StartFunction">
      </Data>
    </EventData>
  </Event>
  <Event xmlns="http://schemas.microsoft.com/win/2004/08/events/event">
    <System>
      <Provider Name="Microsoft-Windows-Sysmon" Guid="{5770385F-C22A-43E0-BF4C-06F5698FFBD9}" />
      <EventID>10</EventID>
      <Version>3</Version>
      <Level>4</Level>
      <Task>10</Task>
      <Opcode>0</Opcode>
      <Keywords>0x8000000000000000</Keywords>
      <TimeCreated SystemTime="2019-04-30T12:43:43.784179600Z" />
      <EventRecordID>9061</EventRecordID>
      <Correlation />
      <Execution ProcessID="1964" ThreadID="316" />
      <Channel>Microsoft-Windows-Sysmon/Operational</Channel>
      <Computer>IEWIN7</Computer>
      <Security UserID="S-1-5-18" />
    </System>
    <EventData>
      <Data Name="RuleName">
      </Data>
      <Data Name="UtcTime">2019-04-30 12:43:43.784</Data>
      <Data Name="SourceProcessGUID">{365ABB72-4055-5CC8-0000-0010769D0B00}</Data>
      <Data Name="SourceProcessId">1532</Data>
      <Data Name="SourceThreadId">2284</Data>
      <Data Name="SourceImage">\\VBOXSVR\HTools\voice_mail.msg.exe</Data>
      <Data Name="TargetProcessGUID">{365ABB72-3FE0-5CC8-0000-0010014C0000}</Data>
      <Data Name="TargetProcessId">384</Data>
      <Data Name="TargetImage">C:\Windows\system32\csrss.exe</Data>
      <Data Name="GrantedAccess">0x1f1fff</Data>
      <Data Name="CallTrace">C:\Windows\SYSTEM32\ntdll.dll+4595c|C:\Windows\system32\KERNELBASE.dll+8185|UNKNOWN(01B51606)|UNKNOWN(01B51F41)|UNKNOWN(01B51515)|UNKNOWN(014A7486)|UNKNOWN(014A73A0)|UNKNOWN(014A78A3)|C:\Windows\system32\kernel32.dll+4ef8c|C:\Windows\SYSTEM32\ntdll.dll+6367a|C:\Windows\SYSTEM32\ntdll.dll+6364d</Data>
    </EventData>
  </Event>
  <Event xmlns="http://schemas.microsoft.com/win/2004/08/events/event">
    <System>
      <Provider Name="Microsoft-Windows-Sysmon" Guid="{5770385F-C22A-43E0-BF4C-06F5698FFBD9}" />
      <EventID>10</EventID>
      <Version>3</Version>
      <Level>4</Level>
      <Task>10</Task>
      <Opcode>0</Opcode>
      <Keywords>0x8000000000000000</Keywords>
      <TimeCreated SystemTime="2019-04-30T12:43:43.784179600Z" />
      <EventRecordID>9062</EventRecordID>
      <Correlation />
      <Execution ProcessID="1964" ThreadID="316" />
      <Channel>Microsoft-Windows-Sysmon/Operational</Channel>
      <Computer>IEWIN7</Computer>
      <Security UserID="S-1-5-18" />
    </System>
    <EventData>
      <Data Name="RuleName">
      </Data>
      <Data Name="UtcTime">2019-04-30 12:43:43.784</Data>
      <Data Name="SourceProcessGUID">{365ABB72-4055-5CC8-0000-0010769D0B00}</Data>
      <Data Name="SourceProcessId">1532</Data>
      <Data Name="SourceThreadId">2284</Data>
      <Data Name="SourceImage">\\VBOXSVR\HTools\voice_mail.msg.exe</Data>
      <Data Name="TargetProcessGUID">{365ABB72-3FE0-5CC8-0000-00101E4C0000}</Data>
      <Data Name="TargetProcessId">392</Data>
      <Data Name="TargetImage">C:\Windows\system32\wininit.exe</Data>
      <Data Name="GrantedAccess">0x1f1fff</Data>
      <Data Name="CallTrace">C:\Windows\SYSTEM32\ntdll.dll+4595c|C:\Windows\system32\KERNELBASE.dll+8185|UNKNOWN(01B51606)|UNKNOWN(01B51F41)|UNKNOWN(01B51515)|UNKNOWN(014A7486)|UNKNOWN(014A73A0)|UNKNOWN(014A78A3)|C:\Windows\system32\kernel32.dll+4ef8c|C:\Windows\SYSTEM32\ntdll.dll+6367a|C:\Windows\SYSTEM32\ntdll.dll+6364d</Data>
    </EventData>
  </Event>
  <Event xmlns="http://schemas.microsoft.com/win/2004/08/events/event">
    <System>
      <Provider Name="Microsoft-Windows-Sysmon" Guid="{5770385F-C22A-43E0-BF4C-06F5698FFBD9}" />
      <EventID>10</EventID>
      <Version>3</Version>
      <Level>4</Level>
      <Task>10</Task>
      <Opcode>0</Opcode>
      <Keywords>0x8000000000000000</Keywords>
      <TimeCreated SystemTime="2019-04-30T12:43:43.784179600Z" />
      <EventRecordID>9063</EventRecordID>
      <Correlation />
      <Execution ProcessID="1964" ThreadID="316" />
      <Channel>Microsoft-Windows-Sysmon/Operational</Channel>
      <Computer>IEWIN7</Computer>
      <Security UserID="S-1-5-18" />
    </System>
    <EventData>
      <Data Name="RuleName">
      </Data>
      <Data Name="UtcTime">2019-04-30 12:43:43.784</Data>
      <Data Name="SourceProcessGUID">{365ABB72-4055-5CC8-0000-0010769D0B00}</Data>
      <Data Name="SourceProcessId">1532</Data>
      <Data Name="SourceThreadId">2284</Data>
      <Data Name="SourceImage">\\VBOXSVR\HTools\voice_mail.msg.exe</Data>
      <Data Name="TargetProcessGUID">{365ABB72-3FE0-5CC8-0000-00104D520000}</Data>
      <Data Name="TargetProcessId">440</Data>
      <Data Name="TargetImage">C:\Windows\system32\winlogon.exe</Data>
      <Data Name="GrantedAccess">0x1f1fff</Data>
      <Data Name="CallTrace">C:\Windows\SYSTEM32\ntdll.dll+4595c|C:\Windows\system32\KERNELBASE.dll+8185|UNKNOWN(01B51606)|UNKNOWN(01B51F41)|UNKNOWN(01B51515)|UNKNOWN(014A7486)|UNKNOWN(014A73A0)|UNKNOWN(014A78A3)|C:\Windows\system32\kernel32.dll+4ef8c|C:\Windows\SYSTEM32\ntdll.dll+6367a|C:\Windows\SYSTEM32\ntdll.dll+6364d</Data>
    </EventData>
  </Event>
  <Event xmlns="http://schemas.microsoft.com/win/2004/08/events/event">
    <System>
      <Provider Name="Microsoft-Windows-Sysmon" Guid="{5770385F-C22A-43E0-BF4C-06F5698FFBD9}" />
      <EventID>10</EventID>
      <Version>3</Version>
      <Level>4</Level>
      <Task>10</Task>
      <Opcode>0</Opcode>
      <Keywords>0x8000000000000000</Keywords>
      <TimeCreated SystemTime="2019-04-30T12:43:43.784179600Z" />
      <EventRecordID>9064</EventRecordID>
      <Correlation />
      <Execution ProcessID="1964" ThreadID="316" />
      <Channel>Microsoft-Windows-Sysmon/Operational</Channel>
      <Computer>IEWIN7</Computer>
      <Security UserID="S-1-5-18" />
    </System>
    <EventData>
      <Data Name="RuleName">
      </Data>
      <Data Name="UtcTime">2019-04-30 12:43:43.784</Data>
      <Data Name="SourceProcessGUID">{365ABB72-4055-5CC8-0000-0010769D0B00}</Data>
      <Data Name="SourceProcessId">1532</Data>
      <Data Name="SourceThreadId">2284</Data>
      <Data Name="SourceImage">\\VBOXSVR\HTools\voice_mail.msg.exe</Data>
      <Data Name="TargetProcessGUID">{365ABB72-3FE0-5CC8-0000-00100D550000}</Data>
      <Data Name="TargetProcessId">468</Data>
      <Data Name="TargetImage">C:\Windows\system32\services.exe</Data>
      <Data Name="GrantedAccess">0x1f1fff</Data>
      <Data Name="CallTrace">C:\Windows\SYSTEM32\ntdll.dll+4595c|C:\Windows\system32\KERNELBASE.dll+8185|UNKNOWN(01B51606)|UNKNOWN(01B51F41)|UNKNOWN(01B51515)|UNKNOWN(014A7486)|UNKNOWN(014A73A0)|UNKNOWN(014A78A3)|C:\Windows\system32\kernel32.dll+4ef8c|C:\Windows\SYSTEM32\ntdll.dll+6367a|C:\Windows\SYSTEM32\ntdll.dll+6364d</Data>
    </EventData>
  </Event>
  <Event xmlns="http://schemas.microsoft.com/win/2004/08/events/event">
    <System>
      <Provider Name="Microsoft-Windows-Sysmon" Guid="{5770385F-C22A-43E0-BF4C-06F5698FFBD9}" />
      <EventID>10</EventID>
      <Version>3</Version>
      <Level>4</Level>
      <Task>10</Task>
      <Opcode>0</Opcode>
      <Keywords>0x8000000000000000</Keywords>
      <TimeCreated SystemTime="2019-04-30T12:43:43.784179600Z" />
      <EventRecordID>9065</EventRecordID>
      <Correlation />
      <Execution ProcessID="1964" ThreadID="316" />
      <Channel>Microsoft-Windows-Sysmon/Operational</Channel>
      <Computer>IEWIN7</Computer>
      <Security UserID="S-1-5-18" />
    </System>
    <EventData>
      <Data Name="RuleName">
      </Data>
      <Data Name="UtcTime">2019-04-30 12:43:43.784</Data>
      <Data Name="SourceProcessGUID">{365ABB72-4055-5CC8-0000-0010769D0B00}</Data>
      <Data Name="SourceProcessId">1532</Data>
      <Data Name="SourceThreadId">2284</Data>
      <Data Name="SourceImage">\\VBOXSVR\HTools\voice_mail.msg.exe</Data>
      <Data Name="TargetProcessGUID">{365ABB72-3FE0-5CC8-0000-00107E590000}</Data>
      <Data Name="TargetProcessId">492</Data>
      <Data Name="TargetImage">C:\Windows\system32\lsass.exe</Data>
      <Data Name="GrantedAccess">0x1f1fff</Data>
      <Data Name="CallTrace">C:\Windows\SYSTEM32\ntdll.dll+4595c|C:\Windows\system32\KERNELBASE.dll+8185|UNKNOWN(01B51606)|UNKNOWN(01B51F41)|UNKNOWN(01B51515)|UNKNOWN(014A7486)|UNKNOWN(014A73A0)|UNKNOWN(014A78A3)|C:\Windows\system32\kernel32.dll+4ef8c|C:\Windows\SYSTEM32\ntdll.dll+6367a|C:\Windows\SYSTEM32\ntdll.dll+6364d</Data>
    </EventData>
  </Event>
  <Event xmlns="http://schemas.microsoft.com/win/2004/08/events/event">
    <System>
      <Provider Name="Microsoft-Windows-Sysmon" Guid="{5770385F-C22A-43E0-BF4C-06F5698FFBD9}" />
      <EventID>8</EventID>
      <Version>2</Version>
      <Level>4</Level>
      <Task>8</Task>
      <Opcode>0</Opcode>
      <Keywords>0x8000000000000000</Keywords>
      <TimeCreated SystemTime="2019-04-30T12:43:43.784179600Z" />
      <EventRecordID>9066</EventRecordID>
      <Correlation />
      <Execution ProcessID="1964" ThreadID="316" />
      <Channel>Microsoft-Windows-Sysmon/Operational</Channel>
      <Computer>IEWIN7</Computer>
      <Security UserID="S-1-5-18" />
    </System>
    <EventData>
      <Data Name="RuleName">
      </Data>
      <Data Name="UtcTime">2019-04-30 12:43:43.784</Data>
      <Data Name="SourceProcessGuid">{365ABB72-4055-5CC8-0000-0010769D0B00}</Data>
      <Data Name="SourceProcessId">1532</Data>
      <Data Name="SourceImage">\\VBOXSVR\HTools\voice_mail.msg.exe</Data>
      <Data Name="TargetProcessGuid">{365ABB72-3FE0-5CC8-0000-00107E590000}</Data>
      <Data Name="TargetProcessId">492</Data>
      <Data Name="TargetImage">C:\Windows\System32\lsass.exe</Data>
      <Data Name="NewThreadId">3656</Data>
      <Data Name="StartAddress">0x001A0000</Data>
      <Data Name="StartModule">
      </Data>
      <Data Name="StartFunction">
      </Data>
    </EventData>
  </Event>
</root>