<root>
  <Event xmlns="http://schemas.microsoft.com/win/2004/08/events/event">
    <System>
      <Provider Name="Microsoft-Windows-Eventlog" Guid="{fc65ddd8-d6ef-4962-83d5-6e5cfe9ce148}" />
      <EventID>104</EventID>
      <Version>0</Version>
      <Level>4</Level>
      <Task>104</Task>
      <Opcode>0</Opcode>
      <Keywords>0x8000000000000000</Keywords>
      <TimeCreated SystemTime="2019-03-19T23:34:25.894341300Z" />
      <EventRecordID>27736</EventRecordID>
      <Correlation />
      <Execution ProcessID="812" ThreadID="3916" />
      <Channel>System</Channel>
      <Computer>PC01.example.corp</Computer>
      <Security UserID="S-1-5-21-1587066498-1489273250-1035260531-1106" />
    </System>
    <UserData>
      <LogFileCleared xmlns:auto-ns3="http://schemas.microsoft.com/win/2004/08/events" xmlns="http://manifests.microsoft.com/win/2004/08/windows/eventlog">
        <SubjectUserName>user01</SubjectUserName>
        <SubjectDomainName>EXAMPLE</SubjectDomainName>
        <Channel>System</Channel>
        <BackupPath>
        </BackupPath>
      </LogFileCleared>
    </UserData>
  </Event>
</root>