<root>
  <Event xmlns="http://schemas.microsoft.com/win/2004/08/events/event">
    <System>
      <Provider Name="Microsoft-Windows-Sysmon" Guid="{5770385F-C22A-43E0-BF4C-06F5698FFBD9}" />
      <EventID>1</EventID>
      <Version>5</Version>
      <Level>4</Level>
      <Task>1</Task>
      <Opcode>0</Opcode>
      <Keywords>0x8000000000000000</Keywords>
      <TimeCreated SystemTime="2019-05-19T17:32:00.482982300Z" />
      <EventRecordID>22013</EventRecordID>
      <Correlation />
      <Execution ProcessID="1768" ThreadID="2272" />
      <Channel>Microsoft-Windows-Sysmon/Operational</Channel>
      <Computer>DC1.insecurebank.local</Computer>
      <Security UserID="S-1-5-18" />
    </System>
    <EventData>
      <Data Name="RuleName">technique_id=T1158,technique_name=Hidden Files and DirectoriesHidden Files and Directories</Data>
      <Data Name="UtcTime">2019-05-19 17:32:00.478</Data>
      <Data Name="ProcessGuid">{DFAE8213-9310-5CE1-0000-0010EABA0A00}</Data>
      <Data Name="ProcessId">2728</Data>
      <Data Name="Image">C:\Windows\System32\attrib.exe</Data>
      <Data Name="FileVersion">6.3.9600.16384 (winblue_rtm.130821-1623)</Data>
      <Data Name="Description">Attribute Utility</Data>
      <Data Name="Product">Microsoft« Windows« Operating System</Data>
      <Data Name="Company">Microsoft Corporation</Data>
      <Data Name="CommandLine">attrib  +h nbtscan.exe</Data>
      <Data Name="CurrentDirectory">c:\ProgramData\</Data>
      <Data Name="User">insecurebank\Administrator</Data>
      <Data Name="LogonGuid">{DFAE8213-9133-5CE1-0000-0020CC660500}</Data>
      <Data Name="LogonId">0x566cc</Data>
      <Data Name="TerminalSessionId">2</Data>
      <Data Name="IntegrityLevel">High</Data>
      <Data Name="Hashes">SHA1=B71C1331AC5FA214076E5CD5C885712447057B96,MD5=116D463D2F5DBF76F7E2F5C6D8B5D3BB,SHA256=EBE94E294D86C714BED13EF018E70F75C37F8D8259144C0C847637EDC0222ECB,IMPHASH=461A33302E82ED68F1A74C083E27BD02</Data>
      <Data Name="ParentProcessGuid">{DFAE8213-91CC-5CE1-0000-0010BEF40600}</Data>
      <Data Name="ParentProcessId">3408</Data>
      <Data Name="ParentImage">C:\Windows\System32\cmd.exe</Data>
      <Data Name="ParentCommandLine">"C:\Windows\system32\cmd.exe" </Data>
    </EventData>
  </Event>
</root>