<root>
  <Event xmlns="http://schemas.microsoft.com/win/2004/08/events/event">
    <System>
      <Provider Name="Microsoft-Windows-Sysmon" Guid="{5770385F-C22A-43E0-BF4C-06F5698FFBD9}" />
      <EventID>1</EventID>
      <Version>5</Version>
      <Level>4</Level>
      <Task>1</Task>
      <Opcode>0</Opcode>
      <Keywords>0x8000000000000000</Keywords>
      <TimeCreated SystemTime="2019-05-23T17:45:34.538296100Z" />
      <EventRecordID>1025</EventRecordID>
      <Correlation />
      <Execution ProcessID="2032" ThreadID="2092" />
      <Channel>Microsoft-Windows-Sysmon/Operational</Channel>
      <Computer>IEWIN7</Computer>
      <Security UserID="S-1-5-18" />
    </System>
    <EventData>
      <Data Name="RuleName">
      </Data>
      <Data Name="UtcTime">2019-05-23 17:45:34.528</Data>
      <Data Name="ProcessGuid">{365ABB72-DC3E-5CE6-0000-00102BC97200}</Data>
      <Data Name="ProcessId">712</Data>
      <Data Name="Image">C:\Windows\System32\cmd.exe</Data>
      <Data Name="FileVersion">6.1.7601.17514 (win7sp1_rtm.101119-1850)</Data>
      <Data Name="Description">Windows Command Processor</Data>
      <Data Name="Product">Microsoft« Windows« Operating System</Data>
      <Data Name="Company">Microsoft Corporation</Data>
      <Data Name="CommandLine">"C:\Windows\system32\cmd.exe" </Data>
      <Data Name="CurrentDirectory">C:\Users\IEUser\</Data>
      <Data Name="User">IEWIN7\IEUser</Data>
      <Data Name="LogonGuid">{365ABB72-CE6C-5CE6-0000-002047F30000}</Data>
      <Data Name="LogonId">0xf347</Data>
      <Data Name="TerminalSessionId">1</Data>
      <Data Name="IntegrityLevel">High</Data>
      <Data Name="Hashes">SHA1=EE8CBF12D87C4D388F09B4F69BED2E91682920B5,MD5=AD7B9C14083B52BC532FBA5948342B98,SHA256=17F746D82695FA9B35493B41859D39D786D32B23A9D2E00F4011DEC7A02402AE,IMPHASH=CEEFB55F764020CC5C5F8F23349AB163</Data>
      <Data Name="ParentProcessGuid">{365ABB72-CE6D-5CE6-0000-00109E190100}</Data>
      <Data Name="ParentProcessId">1472</Data>
      <Data Name="ParentImage">C:\Windows\explorer.exe</Data>
      <Data Name="ParentCommandLine">C:\Windows\Explorer.EXE</Data>
    </EventData>
  </Event>
  <Event xmlns="http://schemas.microsoft.com/win/2004/08/events/event">
    <System>
      <Provider Name="Microsoft-Windows-Sysmon" Guid="{5770385F-C22A-43E0-BF4C-06F5698FFBD9}" />
      <EventID>1</EventID>
      <Version>5</Version>
      <Level>4</Level>
      <Task>1</Task>
      <Opcode>0</Opcode>
      <Keywords>0x8000000000000000</Keywords>
      <TimeCreated SystemTime="2019-05-23T17:46:04.671625700Z" />
      <EventRecordID>1026</EventRecordID>
      <Correlation />
      <Execution ProcessID="2032" ThreadID="2092" />
      <Channel>Microsoft-Windows-Sysmon/Operational</Channel>
      <Computer>IEWIN7</Computer>
      <Security UserID="S-1-5-18" />
    </System>
    <EventData>
      <Data Name="RuleName">
      </Data>
      <Data Name="UtcTime">2019-05-23 17:46:04.651</Data>
      <Data Name="ProcessGuid">{365ABB72-DC5C-5CE6-0000-001066E27200}</Data>
      <Data Name="ProcessId">4088</Data>
      <Data Name="Image">C:\Windows\System32\netsh.exe</Data>
      <Data Name="FileVersion">6.1.7600.16385 (win7_rtm.090713-1255)</Data>
      <Data Name="Description">Network Command Shell</Data>
      <Data Name="Product">Microsoft« Windows« Operating System</Data>
      <Data Name="Company">Microsoft Corporation</Data>
      <Data Name="CommandLine">netsh  I p a v l=8001 listena=1.2.3.4 connectp=3389 c=1.2.3.5</Data>
      <Data Name="CurrentDirectory">c:\</Data>
      <Data Name="User">IEWIN7\IEUser</Data>
      <Data Name="LogonGuid">{365ABB72-CE6C-5CE6-0000-002047F30000}</Data>
      <Data Name="LogonId">0xf347</Data>
      <Data Name="TerminalSessionId">1</Data>
      <Data Name="IntegrityLevel">High</Data>
      <Data Name="Hashes">SHA1=7DA1852DF83C58841AD35248AD2A20D7FFBB7FA0,MD5=784A50A6A09C25F011C3143DDD68E729,SHA256=661F5D4CE4F0A6CB32669A43CE5DEEC6D5A9E19B2387F22C5012405E92169943,IMPHASH=33B8120C37D7861778989FBFD16214E1</Data>
      <Data Name="ParentProcessGuid">{365ABB72-DC3E-5CE6-0000-00102BC97200}</Data>
      <Data Name="ParentProcessId">712</Data>
      <Data Name="ParentImage">C:\Windows\System32\cmd.exe</Data>
      <Data Name="ParentCommandLine">"C:\Windows\system32\cmd.exe" </Data>
    </EventData>
  </Event>
  <Event xmlns="http://schemas.microsoft.com/win/2004/08/events/event">
    <System>
      <Provider Name="Microsoft-Windows-Sysmon" Guid="{5770385F-C22A-43E0-BF4C-06F5698FFBD9}" />
      <EventID>13</EventID>
      <Version>2</Version>
      <Level>4</Level>
      <Task>13</Task>
      <Opcode>0</Opcode>
      <Keywords>0x8000000000000000</Keywords>
      <TimeCreated SystemTime="2019-05-23T17:46:05.022129700Z" />
      <EventRecordID>1027</EventRecordID>
      <Correlation />
      <Execution ProcessID="2032" ThreadID="2092" />
      <Channel>Microsoft-Windows-Sysmon/Operational</Channel>
      <Computer>IEWIN7</Computer>
      <Security UserID="S-1-5-18" />
    </System>
    <EventData>
      <Data Name="RuleName">
      </Data>
      <Data Name="EventType">SetValue</Data>
      <Data Name="UtcTime">2019-05-23 17:46:05.022</Data>
      <Data Name="ProcessGuid">{365ABB72-DC5C-5CE6-0000-001066E27200}</Data>
      <Data Name="ProcessId">4088</Data>
      <Data Name="Image">C:\Windows\system32\netsh.exe</Data>
      <Data Name="TargetObject">HKLM\System\CurrentControlSet\services\PortProxy\v4tov4\tcp\1.2.3.4/8001</Data>
      <Data Name="Details">1.2.3.5/3389</Data>
    </EventData>
  </Event>
</root>