<root>
  <Event xmlns="http://schemas.microsoft.com/win/2004/08/events/event">
    <System>
      <Provider Name="Microsoft-Windows-Sysmon" Guid="{5770385F-C22A-43E0-BF4C-06F5698FFBD9}" />
      <EventID>13</EventID>
      <Version>2</Version>
      <Level>4</Level>
      <Task>13</Task>
      <Opcode>0</Opcode>
      <Keywords>0x8000000000000000</Keywords>
      <TimeCreated SystemTime="2019-05-19T18:05:07.719920800Z" />
      <EventRecordID>18967</EventRecordID>
      <Correlation />
      <Execution ProcessID="2004" ThreadID="1976" />
      <Channel>Microsoft-Windows-Sysmon/Operational</Channel>
      <Computer>IEWIN7</Computer>
      <Security UserID="S-1-5-18" />
    </System>
    <EventData>
      <Data Name="RuleName">Defense Evasion - PowerShell Audit Settings Changed</Data>
      <Data Name="EventType">SetValue</Data>
      <Data Name="UtcTime">2019-05-19 18:05:07.704</Data>
      <Data Name="ProcessGuid">{365ABB72-9AD3-5CE1-0000-0010F55C1800}</Data>
      <Data Name="ProcessId">1348</Data>
      <Data Name="Image">C:\Windows\system32\reg.exe</Data>
      <Data Name="TargetObject">HKLM\SOFTWARE\Wow6432Node\Policies\Microsoft\Windows\PowerShell\ScriptBlockLogging\EnableScriptBlockLogging</Data>
      <Data Name="Details">DWORD (0x00000000)</Data>
    </EventData>
  </Event>
  <Event xmlns="http://schemas.microsoft.com/win/2004/08/events/event">
    <System>
      <Provider Name="Microsoft-Windows-Sysmon" Guid="{5770385F-C22A-43E0-BF4C-06F5698FFBD9}" />
      <EventID>12</EventID>
      <Version>2</Version>
      <Level>4</Level>
      <Task>12</Task>
      <Opcode>0</Opcode>
      <Keywords>0x8000000000000000</Keywords>
      <TimeCreated SystemTime="2019-05-19T18:05:33.454295800Z" />
      <EventRecordID>18969</EventRecordID>
      <Correlation />
      <Execution ProcessID="2004" ThreadID="1976" />
      <Channel>Microsoft-Windows-Sysmon/Operational</Channel>
      <Computer>IEWIN7</Computer>
      <Security UserID="S-1-5-18" />
    </System>
    <EventData>
      <Data Name="RuleName">Defense Evasion - PowerShell Audit Settings Changed</Data>
      <Data Name="EventType">DeleteValue</Data>
      <Data Name="UtcTime">2019-05-19 18:05:33.438</Data>
      <Data Name="ProcessGuid">{365ABB72-9AEB-5CE1-0000-0010F0B51800}</Data>
      <Data Name="ProcessId">860</Data>
      <Data Name="Image">C:\Windows\system32\reg.exe</Data>
      <Data Name="TargetObject">HKLM\SOFTWARE\Wow6432Node\Policies\Microsoft\Windows\PowerShell\ScriptBlockLogging\EnableScriptBlockLogging</Data>
    </EventData>
  </Event>
</root>