<root>
  <Event xmlns="http://schemas.microsoft.com/win/2004/08/events/event">
    <System>
      <Provider Name="Microsoft-Windows-Sysmon" Guid="{5770385F-C22A-43E0-BF4C-06F5698FFBD9}" />
      <EventID>13</EventID>
      <Version>2</Version>
      <Level>4</Level>
      <Task>13</Task>
      <Opcode>0</Opcode>
      <Keywords>0x8000000000000000</Keywords>
      <TimeCreated SystemTime="2019-05-24T15:38:21.485899200Z" />
      <EventRecordID>1387</EventRecordID>
      <Correlation />
      <Execution ProcessID="220" ThreadID="2200" />
      <Channel>Microsoft-Windows-Sysmon/Operational</Channel>
      <Computer>IEWIN7</Computer>
      <Security UserID="S-1-5-18" />
    </System>
    <EventData>
      <Data Name="RuleName">Defense Evasion - PowerShell ExecPolicy Changed</Data>
      <Data Name="EventType">SetValue</Data>
      <Data Name="UtcTime">2019-05-24 15:38:21.365</Data>
      <Data Name="ProcessGuid">{365ABB72-0FAE-5CE8-0000-0010FE1E0800}</Data>
      <Data Name="ProcessId">3208</Data>
      <Data Name="Image">C:\Windows\System32\WindowsPowerShell\v1.0\powershell.exe</Data>
      <Data Name="TargetObject">HKLM\SOFTWARE\Microsoft\PowerShell\1\ShellIds\Microsoft.PowerShell\ExecutionPolicy</Data>
      <Data Name="Details">Unrestricted</Data>
    </EventData>
  </Event>
  <Event xmlns="http://schemas.microsoft.com/win/2004/08/events/event">
    <System>
      <Provider Name="Microsoft-Windows-Sysmon" Guid="{5770385F-C22A-43E0-BF4C-06F5698FFBD9}" />
      <EventID>13</EventID>
      <Version>2</Version>
      <Level>4</Level>
      <Task>13</Task>
      <Opcode>0</Opcode>
      <Keywords>0x8000000000000000</Keywords>
      <TimeCreated SystemTime="2019-05-24T15:38:58.238747200Z" />
      <EventRecordID>1480</EventRecordID>
      <Correlation />
      <Execution ProcessID="220" ThreadID="2200" />
      <Channel>Microsoft-Windows-Sysmon/Operational</Channel>
      <Computer>IEWIN7</Computer>
      <Security UserID="S-1-5-18" />
    </System>
    <EventData>
      <Data Name="RuleName">
      </Data>
      <Data Name="EventType">SetValue</Data>
      <Data Name="UtcTime">2019-05-24 15:38:58.218</Data>
      <Data Name="ProcessGuid">{365ABB72-0F32-5CE8-0000-0010E7C70000}</Data>
      <Data Name="ProcessId">736</Data>
      <Data Name="Image">C:\Windows\System32\svchost.exe</Data>
      <Data Name="TargetObject">HKLM\SOFTWARE\Microsoft\Windows\CurrentVersion\WINEVT\Channels\Microsoft-Windows-CAPI2/Operational\Enabled</Data>
      <Data Name="Details">DWORD (0x00000001)</Data>
    </EventData>
  </Event>
  <Event xmlns="http://schemas.microsoft.com/win/2004/08/events/event">
    <System>
      <Provider Name="Microsoft-Windows-Sysmon" Guid="{5770385F-C22A-43E0-BF4C-06F5698FFBD9}" />
      <EventID>13</EventID>
      <Version>2</Version>
      <Level>4</Level>
      <Task>13</Task>
      <Opcode>0</Opcode>
      <Keywords>0x8000000000000000</Keywords>
      <TimeCreated SystemTime="2019-05-24T15:38:58.489107200Z" />
      <EventRecordID>1481</EventRecordID>
      <Correlation />
      <Execution ProcessID="220" ThreadID="2200" />
      <Channel>Microsoft-Windows-Sysmon/Operational</Channel>
      <Computer>IEWIN7</Computer>
      <Security UserID="S-1-5-18" />
    </System>
    <EventData>
      <Data Name="RuleName">
      </Data>
      <Data Name="EventType">SetValue</Data>
      <Data Name="UtcTime">2019-05-24 15:38:58.479</Data>
      <Data Name="ProcessGuid">{365ABB72-0F32-5CE8-0000-0010E7C70000}</Data>
      <Data Name="ProcessId">736</Data>
      <Data Name="Image">C:\Windows\System32\svchost.exe</Data>
      <Data Name="TargetObject">HKLM\SOFTWARE\Microsoft\Windows\CurrentVersion\WINEVT\Channels\Microsoft-Windows-CAPI2/Operational\Enabled</Data>
      <Data Name="Details">DWORD (0x00000000)</Data>
    </EventData>
  </Event>
  <Event xmlns="http://schemas.microsoft.com/win/2004/08/events/event">
    <System>
      <Provider Name="Microsoft-Windows-Sysmon" Guid="{5770385F-C22A-43E0-BF4C-06F5698FFBD9}" />
      <EventID>13</EventID>
      <Version>2</Version>
      <Level>4</Level>
      <Task>13</Task>
      <Opcode>0</Opcode>
      <Keywords>0x8000000000000000</Keywords>
      <TimeCreated SystemTime="2019-05-24T15:38:58.529164800Z" />
      <EventRecordID>1482</EventRecordID>
      <Correlation />
      <Execution ProcessID="220" ThreadID="2200" />
      <Channel>Microsoft-Windows-Sysmon/Operational</Channel>
      <Computer>IEWIN7</Computer>
      <Security UserID="S-1-5-18" />
    </System>
    <EventData>
      <Data Name="RuleName">
      </Data>
      <Data Name="EventType">SetValue</Data>
      <Data Name="UtcTime">2019-05-24 15:38:58.509</Data>
      <Data Name="ProcessGuid">{365ABB72-0F32-5CE8-0000-0010E7C70000}</Data>
      <Data Name="ProcessId">736</Data>
      <Data Name="Image">C:\Windows\System32\svchost.exe</Data>
      <Data Name="TargetObject">HKLM\SOFTWARE\Microsoft\Windows\CurrentVersion\WINEVT\Channels\Microsoft-Windows-CAPI2/Operational\Enabled</Data>
      <Data Name="Details">DWORD (0x00000001)</Data>
    </EventData>
  </Event>
  <Event xmlns="http://schemas.microsoft.com/win/2004/08/events/event">
    <System>
      <Provider Name="Microsoft-Windows-Sysmon" Guid="{5770385F-C22A-43E0-BF4C-06F5698FFBD9}" />
      <EventID>13</EventID>
      <Version>2</Version>
      <Level>4</Level>
      <Task>13</Task>
      <Opcode>0</Opcode>
      <Keywords>0x8000000000000000</Keywords>
      <TimeCreated SystemTime="2019-05-24T15:38:58.569222400Z" />
      <EventRecordID>1483</EventRecordID>
      <Correlation />
      <Execution ProcessID="220" ThreadID="2200" />
      <Channel>Microsoft-Windows-Sysmon/Operational</Channel>
      <Computer>IEWIN7</Computer>
      <Security UserID="S-1-5-18" />
    </System>
    <EventData>
      <Data Name="RuleName">
      </Data>
      <Data Name="EventType">SetValue</Data>
      <Data Name="UtcTime">2019-05-24 15:38:58.549</Data>
      <Data Name="ProcessGuid">{365ABB72-0F32-5CE8-0000-0010E7C70000}</Data>
      <Data Name="ProcessId">736</Data>
      <Data Name="Image">C:\Windows\System32\svchost.exe</Data>
      <Data Name="TargetObject">HKLM\SOFTWARE\Microsoft\Windows\CurrentVersion\WINEVT\Channels\Microsoft-Windows-CAPI2/Operational\Enabled</Data>
      <Data Name="Details">DWORD (0x00000000)</Data>
    </EventData>
  </Event>
</root>