<root>
  <Event xmlns="http://schemas.microsoft.com/win/2004/08/events/event">
    <System>
      <Provider Name="Microsoft-Windows-Sysmon" Guid="{5770385F-C22A-43E0-BF4C-06F5698FFBD9}" />
      <EventID>12</EventID>
      <Version>2</Version>
      <Level>4</Level>
      <Task>12</Task>
      <Opcode>0</Opcode>
      <Keywords>0x8000000000000000</Keywords>
      <TimeCreated SystemTime="2019-05-16T13:10:13.760917400Z" />
      <EventRecordID>18527</EventRecordID>
      <Correlation />
      <Execution ProcessID="1780" ThreadID="2156" />
      <Channel>Microsoft-Windows-Sysmon/Operational</Channel>
      <Computer>DC1.insecurebank.local</Computer>
      <Security UserID="S-1-5-18" />
    </System>
    <EventData>
      <Data Name="RuleName">Defense Evasion - PowerShell CLM Setting Changed</Data>
      <Data Name="EventType">DeleteValue</Data>
      <Data Name="UtcTime">2019-05-16 13:10:13.759</Data>
      <Data Name="ProcessGuid">{DFAE8213-5B49-5CDD-0000-0010EE520500}</Data>
      <Data Name="ProcessId">3580</Data>
      <Data Name="Image">C:\Windows\System32\WindowsPowerShell\v1.0\powershell.exe</Data>
      <Data Name="TargetObject">HKLM\System\CurrentControlSet\Control\SESSION MANAGER\Environment\__PSLockdownPolicy</Data>
    </EventData>
  </Event>
</root>