<root>
  <Event xmlns="http://schemas.microsoft.com/win/2004/08/events/event">
    <System>
      <Provider Name="Microsoft-Windows-Sysmon" Guid="{5770385F-C22A-43E0-BF4C-06F5698FFBD9}" />
      <EventID>13</EventID>
      <Version>2</Version>
      <Level>4</Level>
      <Task>13</Task>
      <Opcode>0</Opcode>
      <Keywords>0x8000000000000000</Keywords>
      <TimeCreated SystemTime="2019-05-15T04:18:40.474644300Z" />
      <EventRecordID>17915</EventRecordID>
      <Correlation />
      <Execution ProcessID="2024" ThreadID="1212" />
      <Channel>Microsoft-Windows-Sysmon/Operational</Channel>
      <Computer>IEWIN7</Computer>
      <Security UserID="S-1-5-18" />
    </System>
    <EventData>
      <Data Name="RuleName">Defense Evasion - access to the VBA project object model in the Macro Settings changed</Data>
      <Data Name="EventType">SetValue</Data>
      <Data Name="UtcTime">2019-05-15 04:18:40.459</Data>
      <Data Name="ProcessGuid">{365ABB72-92DF-5CDB-0000-0010A15E1300}</Data>
      <Data Name="ProcessId">3804</Data>
      <Data Name="Image">C:\Windows\system32\wbem\wmiprvse.exe</Data>
      <Data Name="TargetObject">HKU\S-1-5-21-3583694148-1414552638-2922671848-1000\Software\Microsoft\Office\16.0\Excel\Security\AccessVBOM</Data>
      <Data Name="Details">DWORD (0x00000001)</Data>
    </EventData>
  </Event>
</root>