<root>
  <Event xmlns="http://schemas.microsoft.com/win/2004/08/events/event">
    <System>
      <Provider Name="Microsoft-Windows-Sysmon" Guid="{5770385F-C22A-43E0-BF4C-06F5698FFBD9}" />
      <EventID>11</EventID>
      <Version>2</Version>
      <Level>4</Level>
      <Task>11</Task>
      <Opcode>0</Opcode>
      <Keywords>0x8000000000000000</Keywords>
      <TimeCreated SystemTime="2019-04-27T15:57:25.868863200Z" />
      <EventRecordID>6575</EventRecordID>
      <Correlation />
      <Execution ProcessID="1912" ThreadID="996" />
      <Channel>Microsoft-Windows-Sysmon/Operational</Channel>
      <Computer>IEWIN7</Computer>
      <Security UserID="S-1-5-18" />
    </System>
    <EventData>
      <Data Name="RuleName">
      </Data>
      <Data Name="UtcTime">2019-04-27 15:57:25.868</Data>
      <Data Name="ProcessGuid">{365ABB72-7ACC-5CC4-0000-0010B2470300}</Data>
      <Data Name="ProcessId">2772</Data>
      <Data Name="Image">C:\Windows\Explorer.EXE</Data>
      <Data Name="TargetFilename">C:\Users\IEUser\Downloads\Flash_update.exe</Data>
      <Data Name="CreationUtcTime">2019-04-27 15:57:25.868</Data>
    </EventData>
  </Event>
  <Event xmlns="http://schemas.microsoft.com/win/2004/08/events/event">
    <System>
      <Provider Name="Microsoft-Windows-Sysmon" Guid="{5770385F-C22A-43E0-BF4C-06F5698FFBD9}" />
      <EventID>11</EventID>
      <Version>2</Version>
      <Level>4</Level>
      <Task>11</Task>
      <Opcode>0</Opcode>
      <Keywords>0x8000000000000000</Keywords>
      <TimeCreated SystemTime="2019-04-27T15:57:27.087613200Z" />
      <EventRecordID>6576</EventRecordID>
      <Correlation />
      <Execution ProcessID="1912" ThreadID="996" />
      <Channel>Microsoft-Windows-Sysmon/Operational</Channel>
      <Computer>IEWIN7</Computer>
      <Security UserID="S-1-5-18" />
    </System>
    <EventData>
      <Data Name="RuleName">
      </Data>
      <Data Name="UtcTime">2019-04-27 15:57:27.087</Data>
      <Data Name="ProcessGuid">{365ABB72-7AB0-5CC4-0000-0010C5BE0000}</Data>
      <Data Name="ProcessId">944</Data>
      <Data Name="Image">C:\Windows\system32\svchost.exe</Data>
      <Data Name="TargetFilename">C:\Windows\System32\Tasks\Microsoft\Windows Defender\MP Scheduled Scan</Data>
      <Data Name="CreationUtcTime">2009-07-14 04:42:30.134</Data>
    </EventData>
  </Event>
  <Event xmlns="http://schemas.microsoft.com/win/2004/08/events/event">
    <System>
      <Provider Name="Microsoft-Windows-Sysmon" Guid="{5770385F-C22A-43E0-BF4C-06F5698FFBD9}" />
      <EventID>1</EventID>
      <Version>5</Version>
      <Level>4</Level>
      <Task>1</Task>
      <Opcode>0</Opcode>
      <Keywords>0x8000000000000000</Keywords>
      <TimeCreated SystemTime="2019-04-27T15:57:53.368863200Z" />
      <EventRecordID>6577</EventRecordID>
      <Correlation />
      <Execution ProcessID="1912" ThreadID="996" />
      <Channel>Microsoft-Windows-Sysmon/Operational</Channel>
      <Computer>IEWIN7</Computer>
      <Security UserID="S-1-5-18" />
    </System>
    <EventData>
      <Data Name="RuleName">technique_id=T1036,technique_name=Masquerading</Data>
      <Data Name="UtcTime">2019-04-27 15:57:53.368</Data>
      <Data Name="ProcessGuid">{365ABB72-7C01-5CC4-0000-00102B3E0C00}</Data>
      <Data Name="ProcessId">2680</Data>
      <Data Name="Image">C:\Users\IEUser\Downloads\Flash_update.exe</Data>
      <Data Name="FileVersion">?</Data>
      <Data Name="Description">?</Data>
      <Data Name="Product">?</Data>
      <Data Name="Company">?</Data>
      <Data Name="CommandLine">"C:\Users\IEUser\Downloads\Flash_update.exe" </Data>
      <Data Name="CurrentDirectory">C:\Users\IEUser\Downloads\</Data>
      <Data Name="User">IEWIN7\IEUser</Data>
      <Data Name="LogonGuid">{365ABB72-7AB1-5CC4-0000-0020BEF40000}</Data>
      <Data Name="LogonId">0xf4be</Data>
      <Data Name="TerminalSessionId">1</Data>
      <Data Name="IntegrityLevel">High</Data>
      <Data Name="Hashes">SHA1=B4E581F173F782A2F1DA5D29C95946EE500EB2D0,MD5=42893ADBC36605EC79B5BD610759947E,SHA256=1A061C74619DE6AF8C02CBA0FA00754BDD9E3515C0E08CAD6350C7ADFC8CDD5B,IMPHASH=40BEC1A4A3BCB7D3089B5E1532386613</Data>
      <Data Name="ParentProcessGuid">{365ABB72-7ACC-5CC4-0000-0010B2470300}</Data>
      <Data Name="ParentProcessId">2772</Data>
      <Data Name="ParentImage">C:\Windows\explorer.exe</Data>
      <Data Name="ParentCommandLine">C:\Windows\Explorer.EXE</Data>
    </EventData>
  </Event>
  <Event xmlns="http://schemas.microsoft.com/win/2004/08/events/event">
    <System>
      <Provider Name="Microsoft-Windows-Sysmon" Guid="{5770385F-C22A-43E0-BF4C-06F5698FFBD9}" />
      <EventID>7</EventID>
      <Version>3</Version>
      <Level>4</Level>
      <Task>7</Task>
      <Opcode>0</Opcode>
      <Keywords>0x8000000000000000</Keywords>
      <TimeCreated SystemTime="2019-04-27T15:57:53.587613200Z" />
      <EventRecordID>6578</EventRecordID>
      <Correlation />
      <Execution ProcessID="1912" ThreadID="1120" />
      <Channel>Microsoft-Windows-Sysmon/Operational</Channel>
      <Computer>IEWIN7</Computer>
      <Security UserID="S-1-5-18" />
    </System>
    <EventData>
      <Data Name="RuleName">dll side loading</Data>
      <Data Name="UtcTime">2019-04-27 15:57:53.509</Data>
      <Data Name="ProcessGuid">{365ABB72-7C01-5CC4-0000-00102B3E0C00}</Data>
      <Data Name="ProcessId">2680</Data>
      <Data Name="Image">C:\Users\IEUser\Downloads\Flash_update.exe</Data>
      <Data Name="ImageLoaded">C:\Windows\System32\winmm.dll</Data>
      <Data Name="FileVersion">6.1.7600.16385 (win7_rtm.090713-1255)</Data>
      <Data Name="Description">MCI API DLL</Data>
      <Data Name="Product">Microsoft« Windows« Operating System</Data>
      <Data Name="Company">Microsoft Corporation</Data>
      <Data Name="Hashes">SHA1=41905C387FA657D91DA8A743ABC04B6C11A38B52,MD5=D5AEFAD57C08349A4393D987DF7C715D,SHA256=C36A45BC2448DF30CD17BD2F8A17FC196FAFB685612CACCEB22DC7B58515C201,IMPHASH=1A7210F2C9930AF9B51025300C67DA77</Data>
      <Data Name="Signed">true</Data>
      <Data Name="Signature">Microsoft Windows</Data>
      <Data Name="SignatureStatus">Valid</Data>
    </EventData>
  </Event>
  <Event xmlns="http://schemas.microsoft.com/win/2004/08/events/event">
    <System>
      <Provider Name="Microsoft-Windows-Sysmon" Guid="{5770385F-C22A-43E0-BF4C-06F5698FFBD9}" />
      <EventID>11</EventID>
      <Version>2</Version>
      <Level>4</Level>
      <Task>11</Task>
      <Opcode>0</Opcode>
      <Keywords>0x8000000000000000</Keywords>
      <TimeCreated SystemTime="2019-04-27T15:57:53.650113200Z" />
      <EventRecordID>6579</EventRecordID>
      <Correlation />
      <Execution ProcessID="1912" ThreadID="996" />
      <Channel>Microsoft-Windows-Sysmon/Operational</Channel>
      <Computer>IEWIN7</Computer>
      <Security UserID="S-1-5-18" />
    </System>
    <EventData>
      <Data Name="RuleName">
      </Data>
      <Data Name="UtcTime">2019-04-27 15:57:53.634</Data>
      <Data Name="ProcessGuid">{365ABB72-7C01-5CC4-0000-00102B3E0C00}</Data>
      <Data Name="ProcessId">2680</Data>
      <Data Name="Image">C:\Users\IEUser\Downloads\Flash_update.exe</Data>
      <Data Name="TargetFilename">C:\Users\IEUser\AppData\Roaming\NvSmart.exe</Data>
      <Data Name="CreationUtcTime">2019-04-27 15:57:53.634</Data>
    </EventData>
  </Event>
  <Event xmlns="http://schemas.microsoft.com/win/2004/08/events/event">
    <System>
      <Provider Name="Microsoft-Windows-Sysmon" Guid="{5770385F-C22A-43E0-BF4C-06F5698FFBD9}" />
      <EventID>2</EventID>
      <Version>4</Version>
      <Level>4</Level>
      <Task>2</Task>
      <Opcode>0</Opcode>
      <Keywords>0x8000000000000000</Keywords>
      <TimeCreated SystemTime="2019-04-27T15:57:53.650113200Z" />
      <EventRecordID>6580</EventRecordID>
      <Correlation />
      <Execution ProcessID="1912" ThreadID="996" />
      <Channel>Microsoft-Windows-Sysmon/Operational</Channel>
      <Computer>IEWIN7</Computer>
      <Security UserID="S-1-5-18" />
    </System>
    <EventData>
      <Data Name="RuleName">technique_id=T1099,technique_name=Timestomp</Data>
      <Data Name="UtcTime">2019-04-27 15:57:53.634</Data>
      <Data Name="ProcessGuid">{365ABB72-7C01-5CC4-0000-00102B3E0C00}</Data>
      <Data Name="ProcessId">2680</Data>
      <Data Name="Image">C:\Users\IEUser\Downloads\Flash_update.exe</Data>
      <Data Name="TargetFilename">C:\Users\IEUser\AppData\Roaming\NvSmart.exe</Data>
      <Data Name="CreationUtcTime">2013-09-04 16:29:27.000</Data>
      <Data Name="PreviousCreationUtcTime">2019-04-27 15:57:53.634</Data>
    </EventData>
  </Event>
  <Event xmlns="http://schemas.microsoft.com/win/2004/08/events/event">
    <System>
      <Provider Name="Microsoft-Windows-Sysmon" Guid="{5770385F-C22A-43E0-BF4C-06F5698FFBD9}" />
      <EventID>11</EventID>
      <Version>2</Version>
      <Level>4</Level>
      <Task>11</Task>
      <Opcode>0</Opcode>
      <Keywords>0x8000000000000000</Keywords>
      <TimeCreated SystemTime="2019-04-27T15:57:53.650113200Z" />
      <EventRecordID>6581</EventRecordID>
      <Correlation />
      <Execution ProcessID="1912" ThreadID="996" />
      <Channel>Microsoft-Windows-Sysmon/Operational</Channel>
      <Computer>IEWIN7</Computer>
      <Security UserID="S-1-5-18" />
    </System>
    <EventData>
      <Data Name="RuleName">
      </Data>
      <Data Name="UtcTime">2019-04-27 15:57:53.634</Data>
      <Data Name="ProcessGuid">{365ABB72-7C01-5CC4-0000-00102B3E0C00}</Data>
      <Data Name="ProcessId">2680</Data>
      <Data Name="Image">C:\Users\IEUser\Downloads\Flash_update.exe</Data>
      <Data Name="TargetFilename">C:\Users\IEUser\AppData\Roaming\NvSmartMax.dll</Data>
      <Data Name="CreationUtcTime">2019-04-27 15:57:53.634</Data>
    </EventData>
  </Event>
  <Event xmlns="http://schemas.microsoft.com/win/2004/08/events/event">
    <System>
      <Provider Name="Microsoft-Windows-Sysmon" Guid="{5770385F-C22A-43E0-BF4C-06F5698FFBD9}" />
      <EventID>2</EventID>
      <Version>4</Version>
      <Level>4</Level>
      <Task>2</Task>
      <Opcode>0</Opcode>
      <Keywords>0x8000000000000000</Keywords>
      <TimeCreated SystemTime="2019-04-27T15:57:53.650113200Z" />
      <EventRecordID>6582</EventRecordID>
      <Correlation />
      <Execution ProcessID="1912" ThreadID="996" />
      <Channel>Microsoft-Windows-Sysmon/Operational</Channel>
      <Computer>IEWIN7</Computer>
      <Security UserID="S-1-5-18" />
    </System>
    <EventData>
      <Data Name="RuleName">technique_id=T1099,technique_name=Timestomp</Data>
      <Data Name="UtcTime">2019-04-27 15:57:53.650</Data>
      <Data Name="ProcessGuid">{365ABB72-7C01-5CC4-0000-00102B3E0C00}</Data>
      <Data Name="ProcessId">2680</Data>
      <Data Name="Image">C:\Users\IEUser\Downloads\Flash_update.exe</Data>
      <Data Name="TargetFilename">C:\Users\IEUser\AppData\Roaming\NvSmartMax.dll</Data>
      <Data Name="CreationUtcTime">2013-09-04 16:29:27.000</Data>
      <Data Name="PreviousCreationUtcTime">2019-04-27 15:57:53.634</Data>
    </EventData>
  </Event>
  <Event xmlns="http://schemas.microsoft.com/win/2004/08/events/event">
    <System>
      <Provider Name="Microsoft-Windows-Sysmon" Guid="{5770385F-C22A-43E0-BF4C-06F5698FFBD9}" />
      <EventID>2</EventID>
      <Version>4</Version>
      <Level>4</Level>
      <Task>2</Task>
      <Opcode>0</Opcode>
      <Keywords>0x8000000000000000</Keywords>
      <TimeCreated SystemTime="2019-04-27T15:57:53.650113200Z" />
      <EventRecordID>6583</EventRecordID>
      <Correlation />
      <Execution ProcessID="1912" ThreadID="996" />
      <Channel>Microsoft-Windows-Sysmon/Operational</Channel>
      <Computer>IEWIN7</Computer>
      <Security UserID="S-1-5-18" />
    </System>
    <EventData>
      <Data Name="RuleName">technique_id=T1099,technique_name=Timestomp</Data>
      <Data Name="UtcTime">2019-04-27 15:57:53.650</Data>
      <Data Name="ProcessGuid">{365ABB72-7C01-5CC4-0000-00102B3E0C00}</Data>
      <Data Name="ProcessId">2680</Data>
      <Data Name="Image">C:\Users\IEUser\Downloads\Flash_update.exe</Data>
      <Data Name="TargetFilename">C:\Users\IEUser\AppData\Roaming\NvSmartMax.dll.url</Data>
      <Data Name="CreationUtcTime">2013-09-05 17:50:28.000</Data>
      <Data Name="PreviousCreationUtcTime">2019-04-27 15:57:53.650</Data>
    </EventData>
  </Event>
  <Event xmlns="http://schemas.microsoft.com/win/2004/08/events/event">
    <System>
      <Provider Name="Microsoft-Windows-Sysmon" Guid="{5770385F-C22A-43E0-BF4C-06F5698FFBD9}" />
      <EventID>1</EventID>
      <Version>5</Version>
      <Level>4</Level>
      <Task>1</Task>
      <Opcode>0</Opcode>
      <Keywords>0x8000000000000000</Keywords>
      <TimeCreated SystemTime="2019-04-27T15:57:53.837613200Z" />
      <EventRecordID>6584</EventRecordID>
      <Correlation />
      <Execution ProcessID="1912" ThreadID="996" />
      <Channel>Microsoft-Windows-Sysmon/Operational</Channel>
      <Computer>IEWIN7</Computer>
      <Security UserID="S-1-5-18" />
    </System>
    <EventData>
      <Data Name="RuleName">technique_id=T1036,technique_name=Masquerading</Data>
      <Data Name="UtcTime">2019-04-27 15:57:53.696</Data>
      <Data Name="ProcessGuid">{365ABB72-7C01-5CC4-0000-0010F9530C00}</Data>
      <Data Name="ProcessId">2992</Data>
      <Data Name="Image">C:\Users\IEUser\AppData\Roaming\NvSmart.exe</Data>
      <Data Name="FileVersion">6.14.10.100.01</Data>
      <Data Name="Description">NVIDIA Smart Maximise Helper Host</Data>
      <Data Name="Product">NVIDIA Smart Maximise Helper Host version 100.01</Data>
      <Data Name="Company">?</Data>
      <Data Name="CommandLine">"C:\Users\IEUser\AppData\Roaming\NvSmart.exe" </Data>
      <Data Name="CurrentDirectory">C:\Users\IEUser\AppData\Roaming\</Data>
      <Data Name="User">IEWIN7\IEUser</Data>
      <Data Name="LogonGuid">{365ABB72-7AB1-5CC4-0000-0020BEF40000}</Data>
      <Data Name="LogonId">0xf4be</Data>
      <Data Name="TerminalSessionId">1</Data>
      <Data Name="IntegrityLevel">High</Data>
      <Data Name="Hashes">SHA1=6474D0369F97E72E01E4971128D1062F5C2B3656,MD5=09B8B54F78A10C435CD319070AA13C28,SHA256=523D28DF917F9D265CD2C0D38DF26277BC56A535145100ED82E6F5FDEAAE7256,IMPHASH=DF7251FDCE5E0D0813311EC9D52FDE93</Data>
      <Data Name="ParentProcessGuid">{365ABB72-7C01-5CC4-0000-00102B3E0C00}</Data>
      <Data Name="ParentProcessId">2680</Data>
      <Data Name="ParentImage">C:\Users\IEUser\Downloads\Flash_update.exe</Data>
      <Data Name="ParentCommandLine">"C:\Users\IEUser\Downloads\Flash_update.exe" </Data>
    </EventData>
  </Event>
  <Event xmlns="http://schemas.microsoft.com/win/2004/08/events/event">
    <System>
      <Provider Name="Microsoft-Windows-Sysmon" Guid="{5770385F-C22A-43E0-BF4C-06F5698FFBD9}" />
      <EventID>7</EventID>
      <Version>3</Version>
      <Level>4</Level>
      <Task>7</Task>
      <Opcode>0</Opcode>
      <Keywords>0x8000000000000000</Keywords>
      <TimeCreated SystemTime="2019-04-27T15:57:53.837613200Z" />
      <EventRecordID>6585</EventRecordID>
      <Correlation />
      <Execution ProcessID="1912" ThreadID="996" />
      <Channel>Microsoft-Windows-Sysmon/Operational</Channel>
      <Computer>IEWIN7</Computer>
      <Security UserID="S-1-5-18" />
    </System>
    <EventData>
      <Data Name="RuleName">dll side loading</Data>
      <Data Name="UtcTime">2019-04-27 15:57:53.696</Data>
      <Data Name="ProcessGuid">{365ABB72-7C01-5CC4-0000-00102B3E0C00}</Data>
      <Data Name="ProcessId">2680</Data>
      <Data Name="Image">C:\Users\IEUser\Downloads\Flash_update.exe</Data>
      <Data Name="ImageLoaded">C:\Users\IEUser\AppData\Roaming\NvSmart.exe</Data>
      <Data Name="FileVersion">?</Data>
      <Data Name="Description">?</Data>
      <Data Name="Product">?</Data>
      <Data Name="Company">?</Data>
      <Data Name="Hashes">SHA1=6474D0369F97E72E01E4971128D1062F5C2B3656,MD5=09B8B54F78A10C435CD319070AA13C28,SHA256=523D28DF917F9D265CD2C0D38DF26277BC56A535145100ED82E6F5FDEAAE7256,IMPHASH=DF7251FDCE5E0D0813311EC9D52FDE93</Data>
      <Data Name="Signed">true</Data>
      <Data Name="Signature">NVIDIA Corporation</Data>
      <Data Name="SignatureStatus">Valid</Data>
    </EventData>
  </Event>
  <Event xmlns="http://schemas.microsoft.com/win/2004/08/events/event">
    <System>
      <Provider Name="Microsoft-Windows-Sysmon" Guid="{5770385F-C22A-43E0-BF4C-06F5698FFBD9}" />
      <EventID>7</EventID>
      <Version>3</Version>
      <Level>4</Level>
      <Task>7</Task>
      <Opcode>0</Opcode>
      <Keywords>0x8000000000000000</Keywords>
      <TimeCreated SystemTime="2019-04-27T15:57:53.837613200Z" />
      <EventRecordID>6586</EventRecordID>
      <Correlation />
      <Execution ProcessID="1912" ThreadID="996" />
      <Channel>Microsoft-Windows-Sysmon/Operational</Channel>
      <Computer>IEWIN7</Computer>
      <Security UserID="S-1-5-18" />
    </System>
    <EventData>
      <Data Name="RuleName">dll side loading</Data>
      <Data Name="UtcTime">2019-04-27 15:57:53.712</Data>
      <Data Name="ProcessGuid">{365ABB72-7C01-5CC4-0000-00102B3E0C00}</Data>
      <Data Name="ProcessId">2680</Data>
      <Data Name="Image">C:\Users\IEUser\Downloads\Flash_update.exe</Data>
      <Data Name="ImageLoaded">C:\Users\IEUser\AppData\Roaming\NvSmart.exe</Data>
      <Data Name="FileVersion">?</Data>
      <Data Name="Description">?</Data>
      <Data Name="Product">?</Data>
      <Data Name="Company">?</Data>
      <Data Name="Hashes">SHA1=6474D0369F97E72E01E4971128D1062F5C2B3656,MD5=09B8B54F78A10C435CD319070AA13C28,SHA256=523D28DF917F9D265CD2C0D38DF26277BC56A535145100ED82E6F5FDEAAE7256,IMPHASH=DF7251FDCE5E0D0813311EC9D52FDE93</Data>
      <Data Name="Signed">true</Data>
      <Data Name="Signature">NVIDIA Corporation</Data>
      <Data Name="SignatureStatus">Valid</Data>
    </EventData>
  </Event>
  <Event xmlns="http://schemas.microsoft.com/win/2004/08/events/event">
    <System>
      <Provider Name="Microsoft-Windows-Sysmon" Guid="{5770385F-C22A-43E0-BF4C-06F5698FFBD9}" />
      <EventID>7</EventID>
      <Version>3</Version>
      <Level>4</Level>
      <Task>7</Task>
      <Opcode>0</Opcode>
      <Keywords>0x8000000000000000</Keywords>
      <TimeCreated SystemTime="2019-04-27T15:57:53.837613200Z" />
      <EventRecordID>6587</EventRecordID>
      <Correlation />
      <Execution ProcessID="1912" ThreadID="996" />
      <Channel>Microsoft-Windows-Sysmon/Operational</Channel>
      <Computer>IEWIN7</Computer>
      <Security UserID="S-1-5-18" />
    </System>
    <EventData>
      <Data Name="RuleName">dll side loading</Data>
      <Data Name="UtcTime">2019-04-27 15:57:53.712</Data>
      <Data Name="ProcessGuid">{365ABB72-7C01-5CC4-0000-0010F9530C00}</Data>
      <Data Name="ProcessId">2992</Data>
      <Data Name="Image">C:\Users\IEUser\AppData\Roaming\NvSmart.exe</Data>
      <Data Name="ImageLoaded">C:\Users\IEUser\AppData\Roaming\NvSmart.exe</Data>
      <Data Name="FileVersion">?</Data>
      <Data Name="Description">?</Data>
      <Data Name="Product">?</Data>
      <Data Name="Company">?</Data>
      <Data Name="Hashes">SHA1=6474D0369F97E72E01E4971128D1062F5C2B3656,MD5=09B8B54F78A10C435CD319070AA13C28,SHA256=523D28DF917F9D265CD2C0D38DF26277BC56A535145100ED82E6F5FDEAAE7256,IMPHASH=DF7251FDCE5E0D0813311EC9D52FDE93</Data>
      <Data Name="Signed">true</Data>
      <Data Name="Signature">NVIDIA Corporation</Data>
      <Data Name="SignatureStatus">Valid</Data>
    </EventData>
  </Event>
  <Event xmlns="http://schemas.microsoft.com/win/2004/08/events/event">
    <System>
      <Provider Name="Microsoft-Windows-Sysmon" Guid="{5770385F-C22A-43E0-BF4C-06F5698FFBD9}" />
      <EventID>7</EventID>
      <Version>3</Version>
      <Level>4</Level>
      <Task>7</Task>
      <Opcode>0</Opcode>
      <Keywords>0x8000000000000000</Keywords>
      <TimeCreated SystemTime="2019-04-27T15:57:53.853238200Z" />
      <EventRecordID>6588</EventRecordID>
      <Correlation />
      <Execution ProcessID="1912" ThreadID="996" />
      <Channel>Microsoft-Windows-Sysmon/Operational</Channel>
      <Computer>IEWIN7</Computer>
      <Security UserID="S-1-5-18" />
    </System>
    <EventData>
      <Data Name="RuleName">dll side loading</Data>
      <Data Name="UtcTime">2019-04-27 15:57:53.728</Data>
      <Data Name="ProcessGuid">{365ABB72-7C01-5CC4-0000-0010F9530C00}</Data>
      <Data Name="ProcessId">2992</Data>
      <Data Name="Image">C:\Users\IEUser\AppData\Roaming\NvSmart.exe</Data>
      <Data Name="ImageLoaded">C:\Users\IEUser\AppData\Roaming\NvSmartMax.dll</Data>
      <Data Name="FileVersion">?</Data>
      <Data Name="Description">?</Data>
      <Data Name="Product">?</Data>
      <Data Name="Company">?</Data>
      <Data Name="Hashes">SHA1=4E14894860034FEFBAB41CFE9A763D8061D19EF9,MD5=2D8FB1F82724CF542CD2E3A5E041FB52,SHA256=ECE29E4AF4B33C02DAFAC24748A9C125B057E39455ACF3C45464DB36BFE74881,IMPHASH=9599F61759CDFD742AFA0B8EC24B5599</Data>
      <Data Name="Signed">false</Data>
      <Data Name="Signature">
      </Data>
      <Data Name="SignatureStatus">Unavailable</Data>
    </EventData>
  </Event>
  <Event xmlns="http://schemas.microsoft.com/win/2004/08/events/event">
    <System>
      <Provider Name="Microsoft-Windows-Sysmon" Guid="{5770385F-C22A-43E0-BF4C-06F5698FFBD9}" />
      <EventID>7</EventID>
      <Version>3</Version>
      <Level>4</Level>
      <Task>7</Task>
      <Opcode>0</Opcode>
      <Keywords>0x8000000000000000</Keywords>
      <TimeCreated SystemTime="2019-04-27T15:57:53.853238200Z" />
      <EventRecordID>6589</EventRecordID>
      <Correlation />
      <Execution ProcessID="1912" ThreadID="996" />
      <Channel>Microsoft-Windows-Sysmon/Operational</Channel>
      <Computer>IEWIN7</Computer>
      <Security UserID="S-1-5-18" />
    </System>
    <EventData>
      <Data Name="RuleName">dll side loading</Data>
      <Data Name="UtcTime">2019-04-27 15:57:53.743</Data>
      <Data Name="ProcessGuid">{365ABB72-7C01-5CC4-0000-0010F9530C00}</Data>
      <Data Name="ProcessId">2992</Data>
      <Data Name="Image">C:\Users\IEUser\AppData\Roaming\NvSmart.exe</Data>
      <Data Name="ImageLoaded">C:\Windows\System32\winmm.dll</Data>
      <Data Name="FileVersion">6.1.7600.16385 (win7_rtm.090713-1255)</Data>
      <Data Name="Description">MCI API DLL</Data>
      <Data Name="Product">Microsoft« Windows« Operating System</Data>
      <Data Name="Company">Microsoft Corporation</Data>
      <Data Name="Hashes">SHA1=41905C387FA657D91DA8A743ABC04B6C11A38B52,MD5=D5AEFAD57C08349A4393D987DF7C715D,SHA256=C36A45BC2448DF30CD17BD2F8A17FC196FAFB685612CACCEB22DC7B58515C201,IMPHASH=1A7210F2C9930AF9B51025300C67DA77</Data>
      <Data Name="Signed">true</Data>
      <Data Name="Signature">Microsoft Windows</Data>
      <Data Name="SignatureStatus">Valid</Data>
    </EventData>
  </Event>
  <Event xmlns="http://schemas.microsoft.com/win/2004/08/events/event">
    <System>
      <Provider Name="Microsoft-Windows-Sysmon" Guid="{5770385F-C22A-43E0-BF4C-06F5698FFBD9}" />
      <EventID>7</EventID>
      <Version>3</Version>
      <Level>4</Level>
      <Task>7</Task>
      <Opcode>0</Opcode>
      <Keywords>0x8000000000000000</Keywords>
      <TimeCreated SystemTime="2019-04-27T15:57:53.868863200Z" />
      <EventRecordID>6590</EventRecordID>
      <Correlation />
      <Execution ProcessID="1912" ThreadID="996" />
      <Channel>Microsoft-Windows-Sysmon/Operational</Channel>
      <Computer>IEWIN7</Computer>
      <Security UserID="S-1-5-18" />
    </System>
    <EventData>
      <Data Name="RuleName">dll side loading</Data>
      <Data Name="UtcTime">2019-04-27 15:57:53.775</Data>
      <Data Name="ProcessGuid">{365ABB72-7C01-5CC4-0000-0010F9530C00}</Data>
      <Data Name="ProcessId">2992</Data>
      <Data Name="Image">C:\Users\IEUser\AppData\Roaming\NvSmart.exe</Data>
      <Data Name="ImageLoaded">C:\Users\IEUser\AppData\Roaming\NvSmart.exe</Data>
      <Data Name="FileVersion">?</Data>
      <Data Name="Description">?</Data>
      <Data Name="Product">?</Data>
      <Data Name="Company">?</Data>
      <Data Name="Hashes">SHA1=6474D0369F97E72E01E4971128D1062F5C2B3656,MD5=09B8B54F78A10C435CD319070AA13C28,SHA256=523D28DF917F9D265CD2C0D38DF26277BC56A535145100ED82E6F5FDEAAE7256,IMPHASH=DF7251FDCE5E0D0813311EC9D52FDE93</Data>
      <Data Name="Signed">true</Data>
      <Data Name="Signature">NVIDIA Corporation</Data>
      <Data Name="SignatureStatus">Valid</Data>
    </EventData>
  </Event>
  <Event xmlns="http://schemas.microsoft.com/win/2004/08/events/event">
    <System>
      <Provider Name="Microsoft-Windows-Sysmon" Guid="{5770385F-C22A-43E0-BF4C-06F5698FFBD9}" />
      <EventID>7</EventID>
      <Version>3</Version>
      <Level>4</Level>
      <Task>7</Task>
      <Opcode>0</Opcode>
      <Keywords>0x8000000000000000</Keywords>
      <TimeCreated SystemTime="2019-04-27T15:57:53.868863200Z" />
      <EventRecordID>6591</EventRecordID>
      <Correlation />
      <Execution ProcessID="1912" ThreadID="996" />
      <Channel>Microsoft-Windows-Sysmon/Operational</Channel>
      <Computer>IEWIN7</Computer>
      <Security UserID="S-1-5-18" />
    </System>
    <EventData>
      <Data Name="RuleName">dll side loading</Data>
      <Data Name="UtcTime">2019-04-27 15:57:53.790</Data>
      <Data Name="ProcessGuid">{365ABB72-7C01-5CC4-0000-0010F9530C00}</Data>
      <Data Name="ProcessId">2992</Data>
      <Data Name="Image">C:\Users\IEUser\AppData\Roaming\NvSmart.exe</Data>
      <Data Name="ImageLoaded">C:\Users\IEUser\AppData\Roaming\NvSmart.exe</Data>
      <Data Name="FileVersion">?</Data>
      <Data Name="Description">?</Data>
      <Data Name="Product">?</Data>
      <Data Name="Company">?</Data>
      <Data Name="Hashes">SHA1=6474D0369F97E72E01E4971128D1062F5C2B3656,MD5=09B8B54F78A10C435CD319070AA13C28,SHA256=523D28DF917F9D265CD2C0D38DF26277BC56A535145100ED82E6F5FDEAAE7256,IMPHASH=DF7251FDCE5E0D0813311EC9D52FDE93</Data>
      <Data Name="Signed">true</Data>
      <Data Name="Signature">NVIDIA Corporation</Data>
      <Data Name="SignatureStatus">Valid</Data>
    </EventData>
  </Event>
  <Event xmlns="http://schemas.microsoft.com/win/2004/08/events/event">
    <System>
      <Provider Name="Microsoft-Windows-Sysmon" Guid="{5770385F-C22A-43E0-BF4C-06F5698FFBD9}" />
      <EventID>7</EventID>
      <Version>3</Version>
      <Level>4</Level>
      <Task>7</Task>
      <Opcode>0</Opcode>
      <Keywords>0x8000000000000000</Keywords>
      <TimeCreated SystemTime="2019-04-27T15:57:53.868863200Z" />
      <EventRecordID>6592</EventRecordID>
      <Correlation />
      <Execution ProcessID="1912" ThreadID="996" />
      <Channel>Microsoft-Windows-Sysmon/Operational</Channel>
      <Computer>IEWIN7</Computer>
      <Security UserID="S-1-5-18" />
    </System>
    <EventData>
      <Data Name="RuleName">dll side loading</Data>
      <Data Name="UtcTime">2019-04-27 15:57:53.790</Data>
      <Data Name="ProcessGuid">{365ABB72-7C01-5CC4-0000-0010F9530C00}</Data>
      <Data Name="ProcessId">2992</Data>
      <Data Name="Image">C:\Users\IEUser\AppData\Roaming\NvSmart.exe</Data>
      <Data Name="ImageLoaded">C:\Users\IEUser\AppData\Roaming\NvSmart.exe</Data>
      <Data Name="FileVersion">?</Data>
      <Data Name="Description">?</Data>
      <Data Name="Product">?</Data>
      <Data Name="Company">?</Data>
      <Data Name="Hashes">SHA1=6474D0369F97E72E01E4971128D1062F5C2B3656,MD5=09B8B54F78A10C435CD319070AA13C28,SHA256=523D28DF917F9D265CD2C0D38DF26277BC56A535145100ED82E6F5FDEAAE7256,IMPHASH=DF7251FDCE5E0D0813311EC9D52FDE93</Data>
      <Data Name="Signed">true</Data>
      <Data Name="Signature">NVIDIA Corporation</Data>
      <Data Name="SignatureStatus">Valid</Data>
    </EventData>
  </Event>
  <Event xmlns="http://schemas.microsoft.com/win/2004/08/events/event">
    <System>
      <Provider Name="Microsoft-Windows-Sysmon" Guid="{5770385F-C22A-43E0-BF4C-06F5698FFBD9}" />
      <EventID>13</EventID>
      <Version>2</Version>
      <Level>4</Level>
      <Task>13</Task>
      <Opcode>0</Opcode>
      <Keywords>0x8000000000000000</Keywords>
      <TimeCreated SystemTime="2019-04-27T15:57:53.884488200Z" />
      <EventRecordID>6593</EventRecordID>
      <Correlation />
      <Execution ProcessID="1912" ThreadID="996" />
      <Channel>Microsoft-Windows-Sysmon/Operational</Channel>
      <Computer>IEWIN7</Computer>
      <Security UserID="S-1-5-18" />
    </System>
    <EventData>
      <Data Name="RuleName">technique_id=T1060,technique_name=Registry Run Keys / Start Folder</Data>
      <Data Name="EventType">SetValue</Data>
      <Data Name="UtcTime">2019-04-27 15:57:53.806</Data>
      <Data Name="ProcessGuid">{365ABB72-7C01-5CC4-0000-0010F9530C00}</Data>
      <Data Name="ProcessId">2992</Data>
      <Data Name="Image">C:\Users\IEUser\AppData\Roaming\NvSmart.exe</Data>
      <Data Name="TargetObject">HKU\S-1-5-21-3583694148-1414552638-2922671848-1000\Software\Microsoft\Windows\CurrentVersion\Run\360v</Data>
      <Data Name="Details">C:\Users\IEUser\AppData\Roaming\svchost.exe</Data>
    </EventData>
  </Event>
  <Event xmlns="http://schemas.microsoft.com/win/2004/08/events/event">
    <System>
      <Provider Name="Microsoft-Windows-Sysmon" Guid="{5770385F-C22A-43E0-BF4C-06F5698FFBD9}" />
      <EventID>1</EventID>
      <Version>5</Version>
      <Level>4</Level>
      <Task>1</Task>
      <Opcode>0</Opcode>
      <Keywords>0x8000000000000000</Keywords>
      <TimeCreated SystemTime="2019-04-27T15:57:53.931363200Z" />
      <EventRecordID>6594</EventRecordID>
      <Correlation />
      <Execution ProcessID="1912" ThreadID="996" />
      <Channel>Microsoft-Windows-Sysmon/Operational</Channel>
      <Computer>IEWIN7</Computer>
      <Security UserID="S-1-5-18" />
    </System>
    <EventData>
      <Data Name="RuleName">technique_id=T1059,technique_name=Command-Line Interface</Data>
      <Data Name="UtcTime">2019-04-27 15:57:53.806</Data>
      <Data Name="ProcessGuid">{365ABB72-7C01-5CC4-0000-00105C5C0C00}</Data>
      <Data Name="ProcessId">3076</Data>
      <Data Name="Image">C:\Windows\System32\cmd.exe</Data>
      <Data Name="FileVersion">6.1.7601.17514 (win7sp1_rtm.101119-1850)</Data>
      <Data Name="Description">Windows Command Processor</Data>
      <Data Name="Product">Microsoft« Windows« Operating System</Data>
      <Data Name="Company">Microsoft Corporation</Data>
      <Data Name="CommandLine">cmd.exe /A</Data>
      <Data Name="CurrentDirectory">C:\Users\IEUser\AppData\Roaming\</Data>
      <Data Name="User">IEWIN7\IEUser</Data>
      <Data Name="LogonGuid">{365ABB72-7AB1-5CC4-0000-0020BEF40000}</Data>
      <Data Name="LogonId">0xf4be</Data>
      <Data Name="TerminalSessionId">1</Data>
      <Data Name="IntegrityLevel">High</Data>
      <Data Name="Hashes">SHA1=EE8CBF12D87C4D388F09B4F69BED2E91682920B5,MD5=AD7B9C14083B52BC532FBA5948342B98,SHA256=17F746D82695FA9B35493B41859D39D786D32B23A9D2E00F4011DEC7A02402AE,IMPHASH=CEEFB55F764020CC5C5F8F23349AB163</Data>
      <Data Name="ParentProcessGuid">{365ABB72-7C01-5CC4-0000-0010F9530C00}</Data>
      <Data Name="ParentProcessId">2992</Data>
      <Data Name="ParentImage">C:\Users\IEUser\AppData\Roaming\NvSmart.exe</Data>
      <Data Name="ParentCommandLine">"C:\Users\IEUser\AppData\Roaming\NvSmart.exe" </Data>
    </EventData>
  </Event>
  <Event xmlns="http://schemas.microsoft.com/win/2004/08/events/event">
    <System>
      <Provider Name="Microsoft-Windows-Sysmon" Guid="{5770385F-C22A-43E0-BF4C-06F5698FFBD9}" />
      <EventID>10</EventID>
      <Version>3</Version>
      <Level>4</Level>
      <Task>10</Task>
      <Opcode>0</Opcode>
      <Keywords>0x8000000000000000</Keywords>
      <TimeCreated SystemTime="2019-04-27T15:57:53.931363200Z" />
      <EventRecordID>6595</EventRecordID>
      <Correlation />
      <Execution ProcessID="1912" ThreadID="996" />
      <Channel>Microsoft-Windows-Sysmon/Operational</Channel>
      <Computer>IEWIN7</Computer>
      <Security UserID="S-1-5-18" />
    </System>
    <EventData>
      <Data Name="RuleName">
      </Data>
      <Data Name="UtcTime">2019-04-27 15:57:53.806</Data>
      <Data Name="SourceProcessGUID">{365ABB72-7C01-5CC4-0000-0010F9530C00}</Data>
      <Data Name="SourceProcessId">2992</Data>
      <Data Name="SourceThreadId">3008</Data>
      <Data Name="SourceImage">C:\Users\IEUser\AppData\Roaming\NvSmart.exe</Data>
      <Data Name="TargetProcessGUID">{365ABB72-7C01-5CC4-0000-00105C5C0C00}</Data>
      <Data Name="TargetProcessId">3076</Data>
      <Data Name="TargetImage">C:\Windows\system32\cmd.exe</Data>
      <Data Name="GrantedAccess">0x1fffff</Data>
      <Data Name="CallTrace">C:\Windows\SYSTEM32\ntdll.dll+4534c|C:\Windows\system32\kernel32.dll+5112b|C:\Windows\system32\kernel32.dll+2079|UNKNOWN(100013EA)|UNKNOWN(10001D84)|UNKNOWN(1000249F)|UNKNOWN(100025A6)|UNKNOWN(0020082A)|UNKNOWN(002008D0)|UNKNOWN(00200A72)|UNKNOWN(00200022)|C:\Windows\system32\kernel32.dll+4ef8c|C:\Windows\SYSTEM32\ntdll.dll+6367a|C:\Windows\SYSTEM32\ntdll.dll+6364d</Data>
    </EventData>
  </Event>
  <Event xmlns="http://schemas.microsoft.com/win/2004/08/events/event">
    <System>
      <Provider Name="Microsoft-Windows-Sysmon" Guid="{5770385F-C22A-43E0-BF4C-06F5698FFBD9}" />
      <EventID>1</EventID>
      <Version>5</Version>
      <Level>4</Level>
      <Task>1</Task>
      <Opcode>0</Opcode>
      <Keywords>0x8000000000000000</Keywords>
      <TimeCreated SystemTime="2019-04-27T15:57:54.134488200Z" />
      <EventRecordID>6622</EventRecordID>
      <Correlation />
      <Execution ProcessID="1912" ThreadID="996" />
      <Channel>Microsoft-Windows-Sysmon/Operational</Channel>
      <Computer>IEWIN7</Computer>
      <Security UserID="S-1-5-18" />
    </System>
    <EventData>
      <Data Name="RuleName">technique_id=T1059,technique_name=Command-Line Interface</Data>
      <Data Name="UtcTime">2019-04-27 15:57:54.087</Data>
      <Data Name="ProcessGuid">{365ABB72-7C02-5CC4-0000-0010FD6E0C00}</Data>
      <Data Name="ProcessId">3188</Data>
      <Data Name="Image">C:\Windows\System32\cmd.exe</Data>
      <Data Name="FileVersion">6.1.7601.17514 (win7sp1_rtm.101119-1850)</Data>
      <Data Name="Description">Windows Command Processor</Data>
      <Data Name="Product">Microsoft« Windows« Operating System</Data>
      <Data Name="Company">Microsoft Corporation</Data>
      <Data Name="CommandLine">"C:\Windows\System32\cmd.exe" /c del /q "C:\Users\IEUser\Downloads\Flash_update.exe" </Data>
      <Data Name="CurrentDirectory">C:\Users\IEUser\AppData\Roaming\</Data>
      <Data Name="User">IEWIN7\IEUser</Data>
      <Data Name="LogonGuid">{365ABB72-7AB1-5CC4-0000-0020BEF40000}</Data>
      <Data Name="LogonId">0xf4be</Data>
      <Data Name="TerminalSessionId">1</Data>
      <Data Name="IntegrityLevel">High</Data>
      <Data Name="Hashes">SHA1=EE8CBF12D87C4D388F09B4F69BED2E91682920B5,MD5=AD7B9C14083B52BC532FBA5948342B98,SHA256=17F746D82695FA9B35493B41859D39D786D32B23A9D2E00F4011DEC7A02402AE,IMPHASH=CEEFB55F764020CC5C5F8F23349AB163</Data>
      <Data Name="ParentProcessGuid">{365ABB72-7C01-5CC4-0000-00102B3E0C00}</Data>
      <Data Name="ParentProcessId">2680</Data>
      <Data Name="ParentImage">C:\Users\IEUser\Downloads\Flash_update.exe</Data>
      <Data Name="ParentCommandLine">"C:\Users\IEUser\Downloads\Flash_update.exe" </Data>
    </EventData>
  </Event>
  <Event xmlns="http://schemas.microsoft.com/win/2004/08/events/event">
    <System>
      <Provider Name="Microsoft-Windows-Sysmon" Guid="{5770385F-C22A-43E0-BF4C-06F5698FFBD9}" />
      <EventID>5</EventID>
      <Version>3</Version>
      <Level>4</Level>
      <Task>5</Task>
      <Opcode>0</Opcode>
      <Keywords>0x8000000000000000</Keywords>
      <TimeCreated SystemTime="2019-04-27T15:57:54.165738200Z" />
      <EventRecordID>6623</EventRecordID>
      <Correlation />
      <Execution ProcessID="1912" ThreadID="996" />
      <Channel>Microsoft-Windows-Sysmon/Operational</Channel>
      <Computer>IEWIN7</Computer>
      <Security UserID="S-1-5-18" />
    </System>
    <EventData>
      <Data Name="RuleName">
      </Data>
      <Data Name="UtcTime">2019-04-27 15:57:54.165</Data>
      <Data Name="ProcessGuid">{365ABB72-7C01-5CC4-0000-00102B3E0C00}</Data>
      <Data Name="ProcessId">2680</Data>
      <Data Name="Image">C:\Users\IEUser\Downloads\Flash_update.exe</Data>
    </EventData>
  </Event>
</root>