<root>
  <Event xmlns="http://schemas.microsoft.com/win/2004/08/events/event">
    <System>
      <Provider Name="Microsoft-Windows-Sysmon" Guid="{5770385F-C22A-43E0-BF4C-06F5698FFBD9}" />
      <EventID>1</EventID>
      <Version>5</Version>
      <Level>4</Level>
      <Task>1</Task>
      <Opcode>0</Opcode>
      <Keywords>0x8000000000000000</Keywords>
      <TimeCreated SystemTime="2019-05-16T14:17:15.762708800Z" />
      <EventRecordID>18617</EventRecordID>
      <Correlation />
      <Execution ProcessID="1780" ThreadID="2204" />
      <Channel>Microsoft-Windows-Sysmon/Operational</Channel>
      <Computer>DC1.insecurebank.local</Computer>
      <Security UserID="S-1-5-18" />
    </System>
    <EventData>
      <Data Name="RuleName">technique_id=T1112,technique_name=Modify Registry</Data>
      <Data Name="UtcTime">2019-05-16 14:17:15.753</Data>
      <Data Name="ProcessGuid">{DFAE8213-70EB-5CDD-0000-0010F66D0A00}</Data>
      <Data Name="ProcessId">3788</Data>
      <Data Name="Image">C:\Windows\System32\reg.exe</Data>
      <Data Name="FileVersion">6.3.9600.16384 (winblue_rtm.130821-1623)</Data>
      <Data Name="Description">Registry Console Tool</Data>
      <Data Name="Product">Microsoft« Windows« Operating System</Data>
      <Data Name="Company">Microsoft Corporation</Data>
      <Data Name="CommandLine">reg  add hklm\software\microsoft\windows\currentversion\policies\system /v EnableLUA /t REG_DWORD /d 0x0 /f</Data>
      <Data Name="CurrentDirectory">C:\</Data>
      <Data Name="User">insecurebank\Administrator</Data>
      <Data Name="LogonGuid">{DFAE8213-7002-5CDD-0000-0020E6850500}</Data>
      <Data Name="LogonId">0x585e6</Data>
      <Data Name="TerminalSessionId">2</Data>
      <Data Name="IntegrityLevel">High</Data>
      <Data Name="Hashes">SHA1=0873F40DE395DE017495ED5C7E693AFB55E9F867,MD5=A3F446F1E2B8C6ECE56F608FB32B8DC6,SHA256=849F54DC526EA18D59ABAF4904CB11BC15B982D2952B971F2E1B6FBF8C974B39,IMPHASH=A069A88BBB8016324D7EC0A0EEC459EB</Data>
      <Data Name="ParentProcessGuid">{DFAE8213-702C-5CDD-0000-0010E8C50600}</Data>
      <Data Name="ParentProcessId">3748</Data>
      <Data Name="ParentImage">C:\Windows\System32\cmd.exe</Data>
      <Data Name="ParentCommandLine">"C:\Windows\system32\cmd.exe" </Data>
    </EventData>
  </Event>
  <Event xmlns="http://schemas.microsoft.com/win/2004/08/events/event">
    <System>
      <Provider Name="Microsoft-Windows-Sysmon" Guid="{5770385F-C22A-43E0-BF4C-06F5698FFBD9}" />
      <EventID>12</EventID>
      <Version>2</Version>
      <Level>4</Level>
      <Task>12</Task>
      <Opcode>0</Opcode>
      <Keywords>0x8000000000000000</Keywords>
      <TimeCreated SystemTime="2019-05-16T14:17:15.763712700Z" />
      <EventRecordID>18618</EventRecordID>
      <Correlation />
      <Execution ProcessID="1780" ThreadID="2204" />
      <Channel>Microsoft-Windows-Sysmon/Operational</Channel>
      <Computer>DC1.insecurebank.local</Computer>
      <Security UserID="S-1-5-18" />
    </System>
    <EventData>
      <Data Name="RuleName">technique_id=T1088,technique_name=Bypass User Account Control</Data>
      <Data Name="EventType">CreateKey</Data>
      <Data Name="UtcTime">2019-05-16 14:17:15.758</Data>
      <Data Name="ProcessGuid">{DFAE8213-70EB-5CDD-0000-0010F66D0A00}</Data>
      <Data Name="ProcessId">3788</Data>
      <Data Name="Image">C:\Windows\system32\reg.exe</Data>
      <Data Name="TargetObject">HKLM\SOFTWARE\Microsoft\Windows\CurrentVersion\policies\system</Data>
    </EventData>
  </Event>
  <Event xmlns="http://schemas.microsoft.com/win/2004/08/events/event">
    <System>
      <Provider Name="Microsoft-Windows-Sysmon" Guid="{5770385F-C22A-43E0-BF4C-06F5698FFBD9}" />
      <EventID>13</EventID>
      <Version>2</Version>
      <Level>4</Level>
      <Task>13</Task>
      <Opcode>0</Opcode>
      <Keywords>0x8000000000000000</Keywords>
      <TimeCreated SystemTime="2019-05-16T14:17:15.763712700Z" />
      <EventRecordID>18619</EventRecordID>
      <Correlation />
      <Execution ProcessID="1780" ThreadID="2204" />
      <Channel>Microsoft-Windows-Sysmon/Operational</Channel>
      <Computer>DC1.insecurebank.local</Computer>
      <Security UserID="S-1-5-18" />
    </System>
    <EventData>
      <Data Name="RuleName">technique_id=T1088,technique_name=Bypass User Account Control</Data>
      <Data Name="EventType">SetValue</Data>
      <Data Name="UtcTime">2019-05-16 14:17:15.758</Data>
      <Data Name="ProcessGuid">{DFAE8213-70EB-5CDD-0000-0010F66D0A00}</Data>
      <Data Name="ProcessId">3788</Data>
      <Data Name="Image">C:\Windows\system32\reg.exe</Data>
      <Data Name="TargetObject">HKLM\SOFTWARE\Microsoft\Windows\CurrentVersion\policies\system\EnableLUA</Data>
      <Data Name="Details">DWORD (0x00000000)</Data>
    </EventData>
  </Event>
</root>