<root>
  <Event xmlns="http://schemas.microsoft.com/win/2004/08/events/event">
    <System>
      <Provider Name="Microsoft-Windows-Sysmon" Guid="{5770385F-C22A-43E0-BF4C-06F5698FFBD9}" />
      <EventID>18</EventID>
      <Version>1</Version>
      <Level>4</Level>
      <Task>18</Task>
      <Opcode>0</Opcode>
      <Keywords>0x8000000000000000</Keywords>
      <TimeCreated SystemTime="2019-05-14T17:42:52.833387300Z" />
      <EventRecordID>14920</EventRecordID>
      <Correlation />
      <Execution ProcessID="1808" ThreadID="2184" />
      <Channel>Microsoft-Windows-Sysmon/Operational</Channel>
      <Computer>DC1.insecurebank.local</Computer>
      <Security UserID="S-1-5-18" />
    </System>
    <EventData>
      <Data Name="RuleName">
      </Data>
      <Data Name="UtcTime">2019-05-14 17:42:52.833</Data>
      <Data Name="ProcessGuid">{DFAE8213-F1B5-5CDA-0000-0010EB030000}</Data>
      <Data Name="ProcessId">4</Data>
      <Data Name="PipeName">\srvsvc</Data>
      <Data Name="Image">System</Data>
    </EventData>
  </Event>
  <Event xmlns="http://schemas.microsoft.com/win/2004/08/events/event">
    <System>
      <Provider Name="Microsoft-Windows-Sysmon" Guid="{5770385F-C22A-43E0-BF4C-06F5698FFBD9}" />
      <EventID>18</EventID>
      <Version>1</Version>
      <Level>4</Level>
      <Task>18</Task>
      <Opcode>0</Opcode>
      <Keywords>0x8000000000000000</Keywords>
      <TimeCreated SystemTime="2019-05-14T17:42:52.848384100Z" />
      <EventRecordID>14921</EventRecordID>
      <Correlation />
      <Execution ProcessID="1808" ThreadID="2184" />
      <Channel>Microsoft-Windows-Sysmon/Operational</Channel>
      <Computer>DC1.insecurebank.local</Computer>
      <Security UserID="S-1-5-18" />
    </System>
    <EventData>
      <Data Name="RuleName">
      </Data>
      <Data Name="UtcTime">2019-05-14 17:42:52.848</Data>
      <Data Name="ProcessGuid">{DFAE8213-F1B5-5CDA-0000-0010EB030000}</Data>
      <Data Name="ProcessId">4</Data>
      <Data Name="PipeName">\srvsvc</Data>
      <Data Name="Image">System</Data>
    </EventData>
  </Event>
  <Event xmlns="http://schemas.microsoft.com/win/2004/08/events/event">
    <System>
      <Provider Name="Microsoft-Windows-Sysmon" Guid="{5770385F-C22A-43E0-BF4C-06F5698FFBD9}" />
      <EventID>3</EventID>
      <Version>5</Version>
      <Level>4</Level>
      <Task>3</Task>
      <Opcode>0</Opcode>
      <Keywords>0x8000000000000000</Keywords>
      <TimeCreated SystemTime="2019-05-14T17:42:53.854381500Z" />
      <EventRecordID>14922</EventRecordID>
      <Correlation />
      <Execution ProcessID="1808" ThreadID="2120" />
      <Channel>Microsoft-Windows-Sysmon/Operational</Channel>
      <Computer>DC1.insecurebank.local</Computer>
      <Security UserID="S-1-5-18" />
    </System>
    <EventData>
      <Data Name="RuleName">
      </Data>
      <Data Name="UtcTime">2019-05-14 17:42:52.819</Data>
      <Data Name="ProcessGuid">{DFAE8213-F1B5-5CDA-0000-0010EB030000}</Data>
      <Data Name="ProcessId">4</Data>
      <Data Name="Image">System</Data>
      <Data Name="User">NT AUTHORITY\SYSTEM</Data>
      <Data Name="Protocol">tcp</Data>
      <Data Name="Initiated">false</Data>
      <Data Name="SourceIsIpv6">false</Data>
      <Data Name="SourceIp">10.59.4.11</Data>
      <Data Name="SourceHostname">DC1.insecurebank.local</Data>
      <Data Name="SourcePort">445</Data>
      <Data Name="SourcePortName">microsoft-ds</Data>
      <Data Name="DestinationIsIpv6">false</Data>
      <Data Name="DestinationIp">10.59.4.20</Data>
      <Data Name="DestinationHostname">ALICE</Data>
      <Data Name="DestinationPort">49304</Data>
      <Data Name="DestinationPortName">
      </Data>
    </EventData>
  </Event>
  <Event xmlns="http://schemas.microsoft.com/win/2004/08/events/event">
    <System>
      <Provider Name="Microsoft-Windows-Sysmon" Guid="{5770385F-C22A-43E0-BF4C-06F5698FFBD9}" />
      <EventID>3</EventID>
      <Version>5</Version>
      <Level>4</Level>
      <Task>3</Task>
      <Opcode>0</Opcode>
      <Keywords>0x8000000000000000</Keywords>
      <TimeCreated SystemTime="2019-05-14T17:43:03.888379400Z" />
      <EventRecordID>14923</EventRecordID>
      <Correlation />
      <Execution ProcessID="1808" ThreadID="2120" />
      <Channel>Microsoft-Windows-Sysmon/Operational</Channel>
      <Computer>DC1.insecurebank.local</Computer>
      <Security UserID="S-1-5-18" />
    </System>
    <EventData>
      <Data Name="RuleName">
      </Data>
      <Data Name="UtcTime">2019-05-14 17:43:02.750</Data>
      <Data Name="ProcessGuid">{DFAE8213-F1B5-5CDA-0000-0010EB030000}</Data>
      <Data Name="ProcessId">4</Data>
      <Data Name="Image">System</Data>
      <Data Name="User">NT AUTHORITY\SYSTEM</Data>
      <Data Name="Protocol">tcp</Data>
      <Data Name="Initiated">false</Data>
      <Data Name="SourceIsIpv6">false</Data>
      <Data Name="SourceIp">10.59.4.11</Data>
      <Data Name="SourceHostname">DC1.insecurebank.local</Data>
      <Data Name="SourcePort">445</Data>
      <Data Name="SourcePortName">microsoft-ds</Data>
      <Data Name="DestinationIsIpv6">false</Data>
      <Data Name="DestinationIp">10.59.4.20</Data>
      <Data Name="DestinationHostname">ALICE</Data>
      <Data Name="DestinationPort">49306</Data>
      <Data Name="DestinationPortName">
      </Data>
    </EventData>
  </Event>
</root>