<root>
  <Event xmlns="http://schemas.microsoft.com/win/2004/08/events/event">
    <System>
      <Provider Name="Microsoft-Windows-Eventlog" Guid="{fc65ddd8-d6ef-4962-83d5-6e5cfe9ce148}" />
      <EventID>1102</EventID>
      <Version>0</Version>
      <Level>4</Level>
      <Task>104</Task>
      <Opcode>0</Opcode>
      <Keywords>0x4020000000000000</Keywords>
      <TimeCreated SystemTime="2019-01-20T07:00:50.800225000Z" />
      <EventRecordID>32853</EventRecordID>
      <Correlation />
      <Execution ProcessID="736" ThreadID="1592" />
      <Channel>Security</Channel>
      <Computer>WIN-77LTAPHIQ1R.example.corp</Computer>
      <Security />
    </System>
    <UserData>
      <LogFileCleared xmlns="http://manifests.microsoft.com/win/2004/08/windows/eventlog">
        <SubjectUserSid>S-1-5-21-1587066498-1489273250-1035260531-500</SubjectUserSid>
        <SubjectUserName>Administrator</SubjectUserName>
        <SubjectDomainName>EXAMPLE</SubjectDomainName>
        <SubjectLogonId>0x35312</SubjectLogonId>
      </LogFileCleared>
    </UserData>
  </Event>
  <Event xmlns="http://schemas.microsoft.com/win/2004/08/events/event">
    <System>
      <Provider Name="Microsoft-Windows-Security-Auditing" Guid="{54849625-5478-4994-A5BA-3E3B0328C30D}" />
      <EventID>5145</EventID>
      <Version>0</Version>
      <Level>0</Level>
      <Task>12811</Task>
      <Opcode>0</Opcode>
      <Keywords>0x8020000000000000</Keywords>
      <TimeCreated SystemTime="2019-01-20T07:00:56.784849000Z" />
      <EventRecordID>32854</EventRecordID>
      <Correlation />
      <Execution ProcessID="436" ThreadID="444" />
      <Channel>Security</Channel>
      <Computer>WIN-77LTAPHIQ1R.example.corp</Computer>
      <Security />
    </System>
    <EventData>
      <Data Name="SubjectUserSid">S-1-5-21-1587066498-1489273250-1035260531-1108</Data>
      <Data Name="SubjectUserName">admin01</Data>
      <Data Name="SubjectDomainName">EXAMPLE</Data>
      <Data Name="SubjectLogonId">0x135faa</Data>
      <Data Name="ObjectType">File</Data>
      <Data Name="IpAddress">10.0.2.18</Data>
      <Data Name="IpPort">49786</Data>
      <Data Name="ShareName">\\*\IPC$</Data>
      <Data Name="ShareLocalPath">
      </Data>
      <Data Name="RelativeTargetName">samr</Data>
      <Data Name="AccessMask">0x12019f</Data>
      <Data Name="AccessList">%%1538
				%%1541
				%%4416
				%%4417
				%%4418
				%%4419
				%%4420
				%%4423
				%%4424
				</Data>
      <Data Name="AccessReason">-</Data>
    </EventData>
  </Event>
  <Event xmlns="http://schemas.microsoft.com/win/2004/08/events/event">
    <System>
      <Provider Name="Microsoft-Windows-Security-Auditing" Guid="{54849625-5478-4994-A5BA-3E3B0328C30D}" />
      <EventID>5145</EventID>
      <Version>0</Version>
      <Level>0</Level>
      <Task>12811</Task>
      <Opcode>0</Opcode>
      <Keywords>0x8020000000000000</Keywords>
      <TimeCreated SystemTime="2019-01-20T07:01:20.972601700Z" />
      <EventRecordID>32855</EventRecordID>
      <Correlation />
      <Execution ProcessID="436" ThreadID="444" />
      <Channel>Security</Channel>
      <Computer>WIN-77LTAPHIQ1R.example.corp</Computer>
      <Security />
    </System>
    <EventData>
      <Data Name="SubjectUserSid">S-1-5-18</Data>
      <Data Name="SubjectUserName">WIN-77LTAPHIQ1R$</Data>
      <Data Name="SubjectDomainName">EXAMPLE</Data>
      <Data Name="SubjectLogonId">0x136123</Data>
      <Data Name="ObjectType">File</Data>
      <Data Name="IpAddress">fe80::79bf:8ee2:433c:2567</Data>
      <Data Name="IpPort">63570</Data>
      <Data Name="ShareName">\\*\SYSVOL</Data>
      <Data Name="ShareLocalPath">\??\C:\Windows\SYSVOL\sysvol</Data>
      <Data Name="RelativeTargetName">\</Data>
      <Data Name="AccessMask">0x100080</Data>
      <Data Name="AccessList">%%1541
				%%4423
				</Data>
      <Data Name="AccessReason">%%1541:	%%1801	D:(A;;0x1200a9;;;WD)
				%%4423:	%%1801	D:(A;;0x1200a9;;;WD)
				</Data>
    </EventData>
  </Event>
  <Event xmlns="http://schemas.microsoft.com/win/2004/08/events/event">
    <System>
      <Provider Name="Microsoft-Windows-Security-Auditing" Guid="{54849625-5478-4994-A5BA-3E3B0328C30D}" />
      <EventID>5145</EventID>
      <Version>0</Version>
      <Level>0</Level>
      <Task>12811</Task>
      <Opcode>0</Opcode>
      <Keywords>0x8020000000000000</Keywords>
      <TimeCreated SystemTime="2019-01-20T07:01:41.206379000Z" />
      <EventRecordID>32856</EventRecordID>
      <Correlation />
      <Execution ProcessID="436" ThreadID="444" />
      <Channel>Security</Channel>
      <Computer>WIN-77LTAPHIQ1R.example.corp</Computer>
      <Security />
    </System>
    <EventData>
      <Data Name="SubjectUserSid">S-1-5-21-1587066498-1489273250-1035260531-1106</Data>
      <Data Name="SubjectUserName">user01</Data>
      <Data Name="SubjectDomainName">EXAMPLE</Data>
      <Data Name="SubjectLogonId">0x1361bd</Data>
      <Data Name="ObjectType">File</Data>
      <Data Name="IpAddress">10.0.2.17</Data>
      <Data Name="IpPort">49409</Data>
      <Data Name="ShareName">\\*\IPC$</Data>
      <Data Name="ShareLocalPath">
      </Data>
      <Data Name="RelativeTargetName">samr</Data>
      <Data Name="AccessMask">0x12019f</Data>
      <Data Name="AccessList">%%1538
				%%1541
				%%4416
				%%4417
				%%4418
				%%4419
				%%4420
				%%4423
				%%4424
				</Data>
      <Data Name="AccessReason">-</Data>
    </EventData>
  </Event>
  <Event xmlns="http://schemas.microsoft.com/win/2004/08/events/event">
    <System>
      <Provider Name="Microsoft-Windows-Security-Auditing" Guid="{54849625-5478-4994-A5BA-3E3B0328C30D}" />
      <EventID>5145</EventID>
      <Version>0</Version>
      <Level>0</Level>
      <Task>12811</Task>
      <Opcode>0</Opcode>
      <Keywords>0x8020000000000000</Keywords>
      <TimeCreated SystemTime="2019-01-20T07:02:45.409321800Z" />
      <EventRecordID>32857</EventRecordID>
      <Correlation />
      <Execution ProcessID="436" ThreadID="444" />
      <Channel>Security</Channel>
      <Computer>WIN-77LTAPHIQ1R.example.corp</Computer>
      <Security />
    </System>
    <EventData>
      <Data Name="SubjectUserSid">S-1-5-21-1587066498-1489273250-1035260531-1106</Data>
      <Data Name="SubjectUserName">user01</Data>
      <Data Name="SubjectDomainName">EXAMPLE</Data>
      <Data Name="SubjectLogonId">0x13659d</Data>
      <Data Name="ObjectType">File</Data>
      <Data Name="IpAddress">10.0.2.17</Data>
      <Data Name="IpPort">49420</Data>
      <Data Name="ShareName">\\*\IPC$</Data>
      <Data Name="ShareLocalPath">
      </Data>
      <Data Name="RelativeTargetName">samr</Data>
      <Data Name="AccessMask">0x12019f</Data>
      <Data Name="AccessList">%%1538
				%%1541
				%%4416
				%%4417
				%%4418
				%%4419
				%%4420
				%%4423
				%%4424
				</Data>
      <Data Name="AccessReason">-</Data>
    </EventData>
  </Event>
  <Event xmlns="http://schemas.microsoft.com/win/2004/08/events/event">
    <System>
      <Provider Name="Microsoft-Windows-Security-Auditing" Guid="{54849625-5478-4994-A5BA-3E3B0328C30D}" />
      <EventID>5145</EventID>
      <Version>0</Version>
      <Level>0</Level>
      <Task>12811</Task>
      <Opcode>0</Opcode>
      <Keywords>0x8020000000000000</Keywords>
      <TimeCreated SystemTime="2019-01-20T07:02:45.424918200Z" />
      <EventRecordID>32858</EventRecordID>
      <Correlation />
      <Execution ProcessID="436" ThreadID="444" />
      <Channel>Security</Channel>
      <Computer>WIN-77LTAPHIQ1R.example.corp</Computer>
      <Security />
    </System>
    <EventData>
      <Data Name="SubjectUserSid">S-1-5-21-1587066498-1489273250-1035260531-1106</Data>
      <Data Name="SubjectUserName">user01</Data>
      <Data Name="SubjectDomainName">EXAMPLE</Data>
      <Data Name="SubjectLogonId">0x13659d</Data>
      <Data Name="ObjectType">File</Data>
      <Data Name="IpAddress">10.0.2.17</Data>
      <Data Name="IpPort">49420</Data>
      <Data Name="ShareName">\\*\IPC$</Data>
      <Data Name="ShareLocalPath">
      </Data>
      <Data Name="RelativeTargetName">lsarpc</Data>
      <Data Name="AccessMask">0x12019f</Data>
      <Data Name="AccessList">%%1538
				%%1541
				%%4416
				%%4417
				%%4418
				%%4419
				%%4420
				%%4423
				%%4424
				</Data>
      <Data Name="AccessReason">-</Data>
    </EventData>
  </Event>
  <Event xmlns="http://schemas.microsoft.com/win/2004/08/events/event">
    <System>
      <Provider Name="Microsoft-Windows-Security-Auditing" Guid="{54849625-5478-4994-A5BA-3E3B0328C30D}" />
      <EventID>5145</EventID>
      <Version>0</Version>
      <Level>0</Level>
      <Task>12811</Task>
      <Opcode>0</Opcode>
      <Keywords>0x8020000000000000</Keywords>
      <TimeCreated SystemTime="2019-01-20T07:02:45.440693300Z" />
      <EventRecordID>32859</EventRecordID>
      <Correlation />
      <Execution ProcessID="436" ThreadID="444" />
      <Channel>Security</Channel>
      <Computer>WIN-77LTAPHIQ1R.example.corp</Computer>
      <Security />
    </System>
    <EventData>
      <Data Name="SubjectUserSid">S-1-5-21-1587066498-1489273250-1035260531-1106</Data>
      <Data Name="SubjectUserName">user01</Data>
      <Data Name="SubjectDomainName">EXAMPLE</Data>
      <Data Name="SubjectLogonId">0x13659d</Data>
      <Data Name="ObjectType">File</Data>
      <Data Name="IpAddress">10.0.2.17</Data>
      <Data Name="IpPort">49420</Data>
      <Data Name="ShareName">\\*\IPC$</Data>
      <Data Name="ShareLocalPath">
      </Data>
      <Data Name="RelativeTargetName">NETLOGON</Data>
      <Data Name="AccessMask">0x12019f</Data>
      <Data Name="AccessList">%%1538
				%%1541
				%%4416
				%%4417
				%%4418
				%%4419
				%%4420
				%%4423
				%%4424
				</Data>
      <Data Name="AccessReason">-</Data>
    </EventData>
  </Event>
  <Event xmlns="http://schemas.microsoft.com/win/2004/08/events/event">
    <System>
      <Provider Name="Microsoft-Windows-Security-Auditing" Guid="{54849625-5478-4994-A5BA-3E3B0328C30D}" />
      <EventID>5145</EventID>
      <Version>0</Version>
      <Level>0</Level>
      <Task>12811</Task>
      <Opcode>0</Opcode>
      <Keywords>0x8020000000000000</Keywords>
      <TimeCreated SystemTime="2019-01-20T07:02:45.472384400Z" />
      <EventRecordID>32860</EventRecordID>
      <Correlation />
      <Execution ProcessID="436" ThreadID="444" />
      <Channel>Security</Channel>
      <Computer>WIN-77LTAPHIQ1R.example.corp</Computer>
      <Security />
    </System>
    <EventData>
      <Data Name="SubjectUserSid">S-1-5-21-1587066498-1489273250-1035260531-1106</Data>
      <Data Name="SubjectUserName">user01</Data>
      <Data Name="SubjectDomainName">EXAMPLE</Data>
      <Data Name="SubjectLogonId">0x13659d</Data>
      <Data Name="ObjectType">File</Data>
      <Data Name="IpAddress">10.0.2.17</Data>
      <Data Name="IpPort">49420</Data>
      <Data Name="ShareName">\\*\IPC$</Data>
      <Data Name="ShareLocalPath">
      </Data>
      <Data Name="RelativeTargetName">samr</Data>
      <Data Name="AccessMask">0x12019f</Data>
      <Data Name="AccessList">%%1538
				%%1541
				%%4416
				%%4417
				%%4418
				%%4419
				%%4420
				%%4423
				%%4424
				</Data>
      <Data Name="AccessReason">-</Data>
    </EventData>
  </Event>
  <Event xmlns="http://schemas.microsoft.com/win/2004/08/events/event">
    <System>
      <Provider Name="Microsoft-Windows-Security-Auditing" Guid="{54849625-5478-4994-A5BA-3E3B0328C30D}" />
      <EventID>5145</EventID>
      <Version>0</Version>
      <Level>0</Level>
      <Task>12811</Task>
      <Opcode>0</Opcode>
      <Keywords>0x8020000000000000</Keywords>
      <TimeCreated SystemTime="2019-01-20T07:02:45.503202100Z" />
      <EventRecordID>32861</EventRecordID>
      <Correlation />
      <Execution ProcessID="436" ThreadID="444" />
      <Channel>Security</Channel>
      <Computer>WIN-77LTAPHIQ1R.example.corp</Computer>
      <Security />
    </System>
    <EventData>
      <Data Name="SubjectUserSid">S-1-5-21-1587066498-1489273250-1035260531-1106</Data>
      <Data Name="SubjectUserName">user01</Data>
      <Data Name="SubjectDomainName">EXAMPLE</Data>
      <Data Name="SubjectLogonId">0x13659d</Data>
      <Data Name="ObjectType">File</Data>
      <Data Name="IpAddress">10.0.2.17</Data>
      <Data Name="IpPort">49420</Data>
      <Data Name="ShareName">\\*\IPC$</Data>
      <Data Name="ShareLocalPath">
      </Data>
      <Data Name="RelativeTargetName">samr</Data>
      <Data Name="AccessMask">0x12019f</Data>
      <Data Name="AccessList">%%1538
				%%1541
				%%4416
				%%4417
				%%4418
				%%4419
				%%4420
				%%4423
				%%4424
				</Data>
      <Data Name="AccessReason">-</Data>
    </EventData>
  </Event>
  <Event xmlns="http://schemas.microsoft.com/win/2004/08/events/event">
    <System>
      <Provider Name="Microsoft-Windows-Security-Auditing" Guid="{54849625-5478-4994-A5BA-3E3B0328C30D}" />
      <EventID>5145</EventID>
      <Version>0</Version>
      <Level>0</Level>
      <Task>12811</Task>
      <Opcode>0</Opcode>
      <Keywords>0x8020000000000000</Keywords>
      <TimeCreated SystemTime="2019-01-20T07:02:45.550112500Z" />
      <EventRecordID>32862</EventRecordID>
      <Correlation />
      <Execution ProcessID="436" ThreadID="444" />
      <Channel>Security</Channel>
      <Computer>WIN-77LTAPHIQ1R.example.corp</Computer>
      <Security />
    </System>
    <EventData>
      <Data Name="SubjectUserSid">S-1-5-21-1587066498-1489273250-1035260531-1106</Data>
      <Data Name="SubjectUserName">user01</Data>
      <Data Name="SubjectDomainName">EXAMPLE</Data>
      <Data Name="SubjectLogonId">0x13659d</Data>
      <Data Name="ObjectType">File</Data>
      <Data Name="IpAddress">10.0.2.17</Data>
      <Data Name="IpPort">49420</Data>
      <Data Name="ShareName">\\*\IPC$</Data>
      <Data Name="ShareLocalPath">
      </Data>
      <Data Name="RelativeTargetName">srvsvc</Data>
      <Data Name="AccessMask">0x12019f</Data>
      <Data Name="AccessList">%%1538
				%%1541
				%%4416
				%%4417
				%%4418
				%%4419
				%%4420
				%%4423
				%%4424
				</Data>
      <Data Name="AccessReason">-</Data>
    </EventData>
  </Event>
</root>