<root>
  <Event xmlns="http://schemas.microsoft.com/win/2004/08/events/event">
    <System>
      <Provider Name="Microsoft-Windows-Eventlog" Guid="{fc65ddd8-d6ef-4962-83d5-6e5cfe9ce148}" />
      <EventID>1102</EventID>
      <Version>0</Version>
      <Level>4</Level>
      <Task>104</Task>
      <Opcode>0</Opcode>
      <Keywords>0x4020000000000000</Keywords>
      <TimeCreated SystemTime="2019-01-20T07:29:57.863893100Z" />
      <EventRecordID>32950</EventRecordID>
      <Correlation />
      <Execution ProcessID="736" ThreadID="2372" />
      <Channel>Security</Channel>
      <Computer>WIN-77LTAPHIQ1R.example.corp</Computer>
      <Security />
    </System>
    <UserData>
      <LogFileCleared xmlns="http://manifests.microsoft.com/win/2004/08/windows/eventlog">
        <SubjectUserSid>S-1-5-21-1587066498-1489273250-1035260531-500</SubjectUserSid>
        <SubjectUserName>Administrator</SubjectUserName>
        <SubjectDomainName>EXAMPLE</SubjectDomainName>
        <SubjectLogonId>0x35312</SubjectLogonId>
      </LogFileCleared>
    </UserData>
  </Event>
  <Event xmlns="http://schemas.microsoft.com/win/2004/08/events/event">
    <System>
      <Provider Name="Microsoft-Windows-Security-Auditing" Guid="{54849625-5478-4994-A5BA-3E3B0328C30D}" />
      <EventID>5145</EventID>
      <Version>0</Version>
      <Level>0</Level>
      <Task>12811</Task>
      <Opcode>0</Opcode>
      <Keywords>0x8020000000000000</Keywords>
      <TimeCreated SystemTime="2019-01-20T07:30:10.645116800Z" />
      <EventRecordID>32951</EventRecordID>
      <Correlation />
      <Execution ProcessID="436" ThreadID="444" />
      <Channel>Security</Channel>
      <Computer>WIN-77LTAPHIQ1R.example.corp</Computer>
      <Security />
    </System>
    <EventData>
      <Data Name="SubjectUserSid">S-1-5-21-1587066498-1489273250-1035260531-1106</Data>
      <Data Name="SubjectUserName">user01</Data>
      <Data Name="SubjectDomainName">EXAMPLE</Data>
      <Data Name="SubjectLogonId">0x150133</Data>
      <Data Name="ObjectType">File</Data>
      <Data Name="IpAddress">10.0.2.17</Data>
      <Data Name="IpPort">49381</Data>
      <Data Name="ShareName">\\*\IPC$</Data>
      <Data Name="ShareLocalPath">
      </Data>
      <Data Name="RelativeTargetName">winreg</Data>
      <Data Name="AccessMask">0x12019f</Data>
      <Data Name="AccessList">%%1538
				%%1541
				%%4416
				%%4417
				%%4418
				%%4419
				%%4420
				%%4423
				%%4424
				</Data>
      <Data Name="AccessReason">-</Data>
    </EventData>
  </Event>
  <Event xmlns="http://schemas.microsoft.com/win/2004/08/events/event">
    <System>
      <Provider Name="Microsoft-Windows-Security-Auditing" Guid="{54849625-5478-4994-A5BA-3E3B0328C30D}" />
      <EventID>5145</EventID>
      <Version>0</Version>
      <Level>0</Level>
      <Task>12811</Task>
      <Opcode>0</Opcode>
      <Keywords>0x8020000000000000</Keywords>
      <TimeCreated SystemTime="2019-01-20T07:30:10.660099400Z" />
      <EventRecordID>32952</EventRecordID>
      <Correlation />
      <Execution ProcessID="436" ThreadID="444" />
      <Channel>Security</Channel>
      <Computer>WIN-77LTAPHIQ1R.example.corp</Computer>
      <Security />
    </System>
    <EventData>
      <Data Name="SubjectUserSid">S-1-5-21-1587066498-1489273250-1035260531-1106</Data>
      <Data Name="SubjectUserName">user01</Data>
      <Data Name="SubjectDomainName">EXAMPLE</Data>
      <Data Name="SubjectLogonId">0x150133</Data>
      <Data Name="ObjectType">File</Data>
      <Data Name="IpAddress">10.0.2.17</Data>
      <Data Name="IpPort">49381</Data>
      <Data Name="ShareName">\\*\IPC$</Data>
      <Data Name="ShareLocalPath">
      </Data>
      <Data Name="RelativeTargetName">lsarpc</Data>
      <Data Name="AccessMask">0x12019f</Data>
      <Data Name="AccessList">%%1538
				%%1541
				%%4416
				%%4417
				%%4418
				%%4419
				%%4420
				%%4423
				%%4424
				</Data>
      <Data Name="AccessReason">-</Data>
    </EventData>
  </Event>
  <Event xmlns="http://schemas.microsoft.com/win/2004/08/events/event">
    <System>
      <Provider Name="Microsoft-Windows-Security-Auditing" Guid="{54849625-5478-4994-A5BA-3E3B0328C30D}" />
      <EventID>5145</EventID>
      <Version>0</Version>
      <Level>0</Level>
      <Task>12811</Task>
      <Opcode>0</Opcode>
      <Keywords>0x8020000000000000</Keywords>
      <TimeCreated SystemTime="2019-01-20T07:30:10.660099400Z" />
      <EventRecordID>32953</EventRecordID>
      <Correlation />
      <Execution ProcessID="436" ThreadID="444" />
      <Channel>Security</Channel>
      <Computer>WIN-77LTAPHIQ1R.example.corp</Computer>
      <Security />
    </System>
    <EventData>
      <Data Name="SubjectUserSid">S-1-5-21-1587066498-1489273250-1035260531-1106</Data>
      <Data Name="SubjectUserName">user01</Data>
      <Data Name="SubjectDomainName">EXAMPLE</Data>
      <Data Name="SubjectLogonId">0x150133</Data>
      <Data Name="ObjectType">File</Data>
      <Data Name="IpAddress">10.0.2.17</Data>
      <Data Name="IpPort">49381</Data>
      <Data Name="ShareName">\\*\IPC$</Data>
      <Data Name="ShareLocalPath">
      </Data>
      <Data Name="RelativeTargetName">srvsvc</Data>
      <Data Name="AccessMask">0x12019f</Data>
      <Data Name="AccessList">%%1538
				%%1541
				%%4416
				%%4417
				%%4418
				%%4419
				%%4420
				%%4423
				%%4424
				</Data>
      <Data Name="AccessReason">-</Data>
    </EventData>
  </Event>
</root>