<root>
  <Event xmlns="http://schemas.microsoft.com/win/2004/08/events/event">
    <System>
      <Provider Name="Microsoft-Windows-Sysmon" Guid="{5770385F-C22A-43E0-BF4C-06F5698FFBD9}" />
      <EventID>18</EventID>
      <Version>1</Version>
      <Level>4</Level>
      <Task>18</Task>
      <Opcode>0</Opcode>
      <Keywords>0x8000000000000000</Keywords>
      <TimeCreated SystemTime="2019-05-14T17:31:27.973399400Z" />
      <EventRecordID>14907</EventRecordID>
      <Correlation />
      <Execution ProcessID="1808" ThreadID="2184" />
      <Channel>Microsoft-Windows-Sysmon/Operational</Channel>
      <Computer>DC1.insecurebank.local</Computer>
      <Security UserID="S-1-5-18" />
    </System>
    <EventData>
      <Data Name="RuleName">
      </Data>
      <Data Name="UtcTime">2019-05-14 17:31:27.973</Data>
      <Data Name="ProcessGuid">{DFAE8213-F1B5-5CDA-0000-0010EB030000}</Data>
      <Data Name="ProcessId">4</Data>
      <Data Name="PipeName">\srvsvc</Data>
      <Data Name="Image">System</Data>
    </EventData>
  </Event>
</root>