<root>
  <Event xmlns="http://schemas.microsoft.com/win/2004/08/events/event">
    <System>
      <Provider Name="Microsoft-Windows-Security-Auditing" Guid="{54849625-5478-4994-A5BA-3E3B0328C30D}" />
      <EventID>4798</EventID>
      <Version>0</Version>
      <Level>0</Level>
      <Task>13824</Task>
      <Opcode>0</Opcode>
      <Keywords>0x8020000000000000</Keywords>
      <TimeCreated SystemTime="2019-08-05T09:24:56.740218000Z" />
      <EventRecordID>10089</EventRecordID>
      <Correlation ActivityID="{FDC063DE-4B69-0000-5564-C0FD694BD501}" />
      <Execution ProcessID="620" ThreadID="1948" />
      <Channel>Security</Channel>
      <Computer>MSEDGEWIN10</Computer>
      <Security />
    </System>
    <EventData>
      <Data Name="TargetUserName">Administrator</Data>
      <Data Name="TargetDomainName">MSEDGEWIN10</Data>
      <Data Name="TargetSid">S-1-5-21-3461203602-4096304019-2269080069-500</Data>
      <Data Name="SubjectUserSid">S-1-5-21-3461203602-4096304019-2269080069-1000</Data>
      <Data Name="SubjectUserName">IEUser</Data>
      <Data Name="SubjectDomainName">MSEDGEWIN10</Data>
      <Data Name="SubjectLogonId">0x2e47a</Data>
      <Data Name="CallerProcessId">0x10b4</Data>
      <Data Name="CallerProcessName">C:\Windows\System32\net1.exe</Data>
    </EventData>
  </Event>
  <Event xmlns="http://schemas.microsoft.com/win/2004/08/events/event">
    <System>
      <Provider Name="Microsoft-Windows-Security-Auditing" Guid="{54849625-5478-4994-A5BA-3E3B0328C30D}" />
      <EventID>4798</EventID>
      <Version>0</Version>
      <Level>0</Level>
      <Task>13824</Task>
      <Opcode>0</Opcode>
      <Keywords>0x8020000000000000</Keywords>
      <TimeCreated SystemTime="2019-08-05T09:24:56.774257300Z" />
      <EventRecordID>10090</EventRecordID>
      <Correlation ActivityID="{FDC063DE-4B69-0000-5564-C0FD694BD501}" />
      <Execution ProcessID="620" ThreadID="1948" />
      <Channel>Security</Channel>
      <Computer>MSEDGEWIN10</Computer>
      <Security />
    </System>
    <EventData>
      <Data Name="TargetUserName">Administrator</Data>
      <Data Name="TargetDomainName">MSEDGEWIN10</Data>
      <Data Name="TargetSid">S-1-5-21-3461203602-4096304019-2269080069-500</Data>
      <Data Name="SubjectUserSid">S-1-5-21-3461203602-4096304019-2269080069-1000</Data>
      <Data Name="SubjectUserName">IEUser</Data>
      <Data Name="SubjectDomainName">MSEDGEWIN10</Data>
      <Data Name="SubjectLogonId">0x2e47a</Data>
      <Data Name="CallerProcessId">0x10b4</Data>
      <Data Name="CallerProcessName">C:\Windows\System32\net1.exe</Data>
    </EventData>
  </Event>
  <Event xmlns="http://schemas.microsoft.com/win/2004/08/events/event">
    <System>
      <Provider Name="Microsoft-Windows-Security-Auditing" Guid="{54849625-5478-4994-A5BA-3E3B0328C30D}" />
      <EventID>4799</EventID>
      <Version>0</Version>
      <Level>0</Level>
      <Task>13826</Task>
      <Opcode>0</Opcode>
      <Keywords>0x8020000000000000</Keywords>
      <TimeCreated SystemTime="2019-08-05T09:25:03.867961600Z" />
      <EventRecordID>10091</EventRecordID>
      <Correlation ActivityID="{FDC063DE-4B69-0000-5564-C0FD694BD501}" />
      <Execution ProcessID="620" ThreadID="1948" />
      <Channel>Security</Channel>
      <Computer>MSEDGEWIN10</Computer>
      <Security />
    </System>
    <EventData>
      <Data Name="TargetUserName">Administrators</Data>
      <Data Name="TargetDomainName">Builtin</Data>
      <Data Name="TargetSid">S-1-5-32-544</Data>
      <Data Name="SubjectUserSid">S-1-5-21-3461203602-4096304019-2269080069-1000</Data>
      <Data Name="SubjectUserName">IEUser</Data>
      <Data Name="SubjectDomainName">MSEDGEWIN10</Data>
      <Data Name="SubjectLogonId">0x2e47a</Data>
      <Data Name="CallerProcessId">0x5c0</Data>
      <Data Name="CallerProcessName">C:\Windows\System32\net1.exe</Data>
    </EventData>
  </Event>
</root>