<root>
  <Event xmlns="http://schemas.microsoft.com/win/2004/08/events/event">
    <System>
      <Provider Name="Microsoft-Windows-Sysmon" Guid="{5770385F-C22A-43E0-BF4C-06F5698FFBD9}" />
      <EventID>1</EventID>
      <Version>5</Version>
      <Level>4</Level>
      <Task>1</Task>
      <Opcode>0</Opcode>
      <Keywords>0x8000000000000000</Keywords>
      <TimeCreated SystemTime="2019-05-23T17:26:08.716859400Z" />
      <EventRecordID>1017</EventRecordID>
      <Correlation />
      <Execution ProcessID="2032" ThreadID="2092" />
      <Channel>Microsoft-Windows-Sysmon/Operational</Channel>
      <Computer>IEWIN7</Computer>
      <Security UserID="S-1-5-18" />
    </System>
    <EventData>
      <Data Name="RuleName">
      </Data>
      <Data Name="UtcTime">2019-05-23 17:26:08.686</Data>
      <Data Name="ProcessGuid">{365ABB72-D7B0-5CE6-0000-001077C56D00}</Data>
      <Data Name="ProcessId">3388</Data>
      <Data Name="Image">\\vboxsrv\HTools\msxsl.exe</Data>
      <Data Name="FileVersion">1.1.0.1</Data>
      <Data Name="Description">msxsl</Data>
      <Data Name="Product">Command Line XSLT</Data>
      <Data Name="Company">Microsoft</Data>
      <Data Name="CommandLine">msxsl.exe  c:\Users\IEUser\AppData\Roaming\Adobe\test.dat c:\Users\IEUser\AppData\Roaming\Adobe\test.dat</Data>
      <Data Name="CurrentDirectory">D:\</Data>
      <Data Name="User">IEWIN7\IEUser</Data>
      <Data Name="LogonGuid">{365ABB72-CE6C-5CE6-0000-002047F30000}</Data>
      <Data Name="LogonId">0xf347</Data>
      <Data Name="TerminalSessionId">1</Data>
      <Data Name="IntegrityLevel">High</Data>
      <Data Name="Hashes">SHA1=8B516E7BE14172E49085C4234C9A53C6EB490A45,MD5=3E9F31B4E2CD423C015D34D63047685E,SHA256=35BA7624F586086F32A01459FCC0AB755B01B49D571618AF456AA49E593734C7,IMPHASH=2477F6A819520981112AD254E2BD87D8</Data>
      <Data Name="ParentProcessGuid">{365ABB72-D2D4-5CE6-0000-001047EA6400}</Data>
      <Data Name="ParentProcessId">2236</Data>
      <Data Name="ParentImage">C:\Windows\System32\cmd.exe</Data>
      <Data Name="ParentCommandLine">"C:\Windows\System32\cmd.exe" </Data>
    </EventData>
  </Event>
  <Event xmlns="http://schemas.microsoft.com/win/2004/08/events/event">
    <System>
      <Provider Name="Microsoft-Windows-Sysmon" Guid="{5770385F-C22A-43E0-BF4C-06F5698FFBD9}" />
      <EventID>7</EventID>
      <Version>3</Version>
      <Level>4</Level>
      <Task>7</Task>
      <Opcode>0</Opcode>
      <Keywords>0x8000000000000000</Keywords>
      <TimeCreated SystemTime="2019-05-23T17:26:08.947190600Z" />
      <EventRecordID>1018</EventRecordID>
      <Correlation />
      <Execution ProcessID="2032" ThreadID="2092" />
      <Channel>Microsoft-Windows-Sysmon/Operational</Channel>
      <Computer>IEWIN7</Computer>
      <Security UserID="S-1-5-18" />
    </System>
    <EventData>
      <Data Name="RuleName">Execution - Suspicious Microsoft.XMLDOM module load</Data>
      <Data Name="UtcTime">2019-05-23 17:26:08.927</Data>
      <Data Name="ProcessGuid">{365ABB72-D7B0-5CE6-0000-001077C56D00}</Data>
      <Data Name="ProcessId">3388</Data>
      <Data Name="Image">\\vboxsrv\HTools\msxsl.exe</Data>
      <Data Name="ImageLoaded">C:\Windows\System32\msxml3.dll</Data>
      <Data Name="FileVersion">8.110.7601.23648</Data>
      <Data Name="Description">MSXML 3.0 SP11</Data>
      <Data Name="Product">Microsoft(R) MSXML 3.0 SP11</Data>
      <Data Name="Company">Microsoft Corporation</Data>
      <Data Name="Hashes">SHA1=723644A78C703DF177235E820A906B9621B9B2FB,MD5=3CB096F266A52F65A571B2A3FC81D13E,SHA256=12D498F5310AD70818C7251B5D6AAF145CD7FA67887125645E245D856347BFAA,IMPHASH=EF7BEA73AB4F834F0C44DDE0150B5648</Data>
      <Data Name="Signed">true</Data>
      <Data Name="Signature">Microsoft Windows</Data>
      <Data Name="SignatureStatus">Valid</Data>
    </EventData>
  </Event>
  <Event xmlns="http://schemas.microsoft.com/win/2004/08/events/event">
    <System>
      <Provider Name="Microsoft-Windows-Sysmon" Guid="{5770385F-C22A-43E0-BF4C-06F5698FFBD9}" />
      <EventID>1</EventID>
      <Version>5</Version>
      <Level>4</Level>
      <Task>1</Task>
      <Opcode>0</Opcode>
      <Keywords>0x8000000000000000</Keywords>
      <TimeCreated SystemTime="2019-05-23T17:26:09.437896200Z" />
      <EventRecordID>1019</EventRecordID>
      <Correlation />
      <Execution ProcessID="2032" ThreadID="2092" />
      <Channel>Microsoft-Windows-Sysmon/Operational</Channel>
      <Computer>IEWIN7</Computer>
      <Security UserID="S-1-5-18" />
    </System>
    <EventData>
      <Data Name="RuleName">
      </Data>
      <Data Name="UtcTime">2019-05-23 17:26:09.417</Data>
      <Data Name="ProcessGuid">{365ABB72-D7B1-5CE6-0000-00102CD76D00}</Data>
      <Data Name="ProcessId">2240</Data>
      <Data Name="Image">C:\Windows\System32\cmd.exe</Data>
      <Data Name="FileVersion">6.1.7601.17514 (win7sp1_rtm.101119-1850)</Data>
      <Data Name="Description">Windows Command Processor</Data>
      <Data Name="Product">Microsoft« Windows« Operating System</Data>
      <Data Name="Company">Microsoft Corporation</Data>
      <Data Name="CommandLine">"C:\Windows\System32\cmd.exe" </Data>
      <Data Name="CurrentDirectory">D:\</Data>
      <Data Name="User">IEWIN7\IEUser</Data>
      <Data Name="LogonGuid">{365ABB72-CE6C-5CE6-0000-002047F30000}</Data>
      <Data Name="LogonId">0xf347</Data>
      <Data Name="TerminalSessionId">1</Data>
      <Data Name="IntegrityLevel">High</Data>
      <Data Name="Hashes">SHA1=EE8CBF12D87C4D388F09B4F69BED2E91682920B5,MD5=AD7B9C14083B52BC532FBA5948342B98,SHA256=17F746D82695FA9B35493B41859D39D786D32B23A9D2E00F4011DEC7A02402AE,IMPHASH=CEEFB55F764020CC5C5F8F23349AB163</Data>
      <Data Name="ParentProcessGuid">{365ABB72-D7B0-5CE6-0000-001077C56D00}</Data>
      <Data Name="ParentProcessId">3388</Data>
      <Data Name="ParentImage">\\vboxsrv\HTools\msxsl.exe</Data>
      <Data Name="ParentCommandLine">msxsl.exe  c:\Users\IEUser\AppData\Roaming\Adobe\test.dat c:\Users\IEUser\AppData\Roaming\Adobe\test.dat</Data>
    </EventData>
  </Event>
</root>