<root>
  <Event xmlns="http://schemas.microsoft.com/win/2004/08/events/event">
    <System>
      <Provider Name="Microsoft-Windows-Sysmon" Guid="{5770385F-C22A-43E0-BF4C-06F5698FFBD9}" />
      <EventID>1</EventID>
      <Version>5</Version>
      <Level>4</Level>
      <Task>1</Task>
      <Opcode>0</Opcode>
      <Keywords>0x8000000000000000</Keywords>
      <TimeCreated SystemTime="2019-05-12T17:01:43.391862000Z" />
      <EventRecordID>16496</EventRecordID>
      <Correlation />
      <Execution ProcessID="2012" ThreadID="300" />
      <Channel>Microsoft-Windows-Sysmon/Operational</Channel>
      <Computer>IEWIN7</Computer>
      <Security UserID="S-1-5-18" />
    </System>
    <EventData>
      <Data Name="RuleName">
      </Data>
      <Data Name="UtcTime">2019-05-12 17:01:31.380</Data>
      <Data Name="ProcessGuid">{365ABB72-516B-5CD8-0000-001087E41600}</Data>
      <Data Name="ProcessId">3788</Data>
      <Data Name="Image">C:\Windows\System32\cmd.exe</Data>
      <Data Name="FileVersion">6.1.7601.17514 (win7sp1_rtm.101119-1850)</Data>
      <Data Name="Description">Windows Command Processor</Data>
      <Data Name="Product">Microsoft« Windows« Operating System</Data>
      <Data Name="Company">Microsoft Corporation</Data>
      <Data Name="CommandLine">"C:\Windows\system32\cmd.exe" </Data>
      <Data Name="CurrentDirectory">C:\Users\IEUser\</Data>
      <Data Name="User">IEWIN7\IEUser</Data>
      <Data Name="LogonGuid">{365ABB72-4FB5-5CD8-0000-0020F2350100}</Data>
      <Data Name="LogonId">0x135f2</Data>
      <Data Name="TerminalSessionId">1</Data>
      <Data Name="IntegrityLevel">Medium</Data>
      <Data Name="Hashes">SHA1=EE8CBF12D87C4D388F09B4F69BED2E91682920B5,MD5=AD7B9C14083B52BC532FBA5948342B98,SHA256=17F746D82695FA9B35493B41859D39D786D32B23A9D2E00F4011DEC7A02402AE,IMPHASH=CEEFB55F764020CC5C5F8F23349AB163</Data>
      <Data Name="ParentProcessGuid">{365ABB72-502E-5CD8-0000-00102A330700}</Data>
      <Data Name="ParentProcessId">3192</Data>
      <Data Name="ParentImage">C:\Windows\explorer.exe</Data>
      <Data Name="ParentCommandLine">C:\Windows\Explorer.EXE</Data>
    </EventData>
  </Event>
  <Event xmlns="http://schemas.microsoft.com/win/2004/08/events/event">
    <System>
      <Provider Name="Microsoft-Windows-Sysmon" Guid="{5770385F-C22A-43E0-BF4C-06F5698FFBD9}" />
      <EventID>1</EventID>
      <Version>5</Version>
      <Level>4</Level>
      <Task>1</Task>
      <Opcode>0</Opcode>
      <Keywords>0x8000000000000000</Keywords>
      <TimeCreated SystemTime="2019-05-12T17:01:50.781015200Z" />
      <EventRecordID>16497</EventRecordID>
      <Correlation />
      <Execution ProcessID="2012" ThreadID="300" />
      <Channel>Microsoft-Windows-Sysmon/Operational</Channel>
      <Computer>IEWIN7</Computer>
      <Security UserID="S-1-5-18" />
    </System>
    <EventData>
      <Data Name="RuleName">
      </Data>
      <Data Name="UtcTime">2019-05-12 17:01:50.781</Data>
      <Data Name="ProcessGuid">{365ABB72-517E-5CD8-0000-001024D61700}</Data>
      <Data Name="ProcessId">2952</Data>
      <Data Name="Image">C:\Windows\System32\pcalua.exe</Data>
      <Data Name="FileVersion">6.1.7600.16385 (win7_rtm.090713-1255)</Data>
      <Data Name="Description">Program Compatibility Assistant</Data>
      <Data Name="Product">Microsoft« Windows« Operating System</Data>
      <Data Name="Company">Microsoft Corporation</Data>
      <Data Name="CommandLine">"C:\Windows\System32\pcalua.exe"  -a c:\Windows\system32\calc.exe</Data>
      <Data Name="CurrentDirectory">C:\Users\IEUser\</Data>
      <Data Name="User">IEWIN7\IEUser</Data>
      <Data Name="LogonGuid">{365ABB72-4FB5-5CD8-0000-0020F2350100}</Data>
      <Data Name="LogonId">0x135f2</Data>
      <Data Name="TerminalSessionId">1</Data>
      <Data Name="IntegrityLevel">Medium</Data>
      <Data Name="Hashes">SHA1=ABB6319976D9702E0C80978D51C0AEE88A33D201,MD5=D652BA887500816431566B524292ECCB,SHA256=65446AF2997779DB6CDAEFB2ABC2994CA9F2A2477C882BC3A5F828BBFFB83CEE,IMPHASH=256CD8CEDFD4FCB3BC9DB32E27E5923A</Data>
      <Data Name="ParentProcessGuid">{365ABB72-516B-5CD8-0000-001087E41600}</Data>
      <Data Name="ParentProcessId">3788</Data>
      <Data Name="ParentImage">C:\Windows\System32\cmd.exe</Data>
      <Data Name="ParentCommandLine">"C:\Windows\system32\cmd.exe" </Data>
    </EventData>
  </Event>
  <Event xmlns="http://schemas.microsoft.com/win/2004/08/events/event">
    <System>
      <Provider Name="Microsoft-Windows-Sysmon" Guid="{5770385F-C22A-43E0-BF4C-06F5698FFBD9}" />
      <EventID>1</EventID>
      <Version>5</Version>
      <Level>4</Level>
      <Task>1</Task>
      <Opcode>0</Opcode>
      <Keywords>0x8000000000000000</Keywords>
      <TimeCreated SystemTime="2019-05-12T17:01:51.007950900Z" />
      <EventRecordID>16498</EventRecordID>
      <Correlation />
      <Execution ProcessID="2012" ThreadID="300" />
      <Channel>Microsoft-Windows-Sysmon/Operational</Channel>
      <Computer>IEWIN7</Computer>
      <Security UserID="S-1-5-18" />
    </System>
    <EventData>
      <Data Name="RuleName">
      </Data>
      <Data Name="UtcTime">2019-05-12 17:01:50.852</Data>
      <Data Name="ProcessGuid">{365ABB72-517E-5CD8-0000-00105FE01700}</Data>
      <Data Name="ProcessId">2920</Data>
      <Data Name="Image">C:\Windows\System32\calc.exe</Data>
      <Data Name="FileVersion">6.1.7600.16385 (win7_rtm.090713-1255)</Data>
      <Data Name="Description">Windows Calculator</Data>
      <Data Name="Product">Microsoft« Windows« Operating System</Data>
      <Data Name="Company">Microsoft Corporation</Data>
      <Data Name="CommandLine">"C:\Windows\system32\calc.exe" </Data>
      <Data Name="CurrentDirectory">C:\Users\IEUser\</Data>
      <Data Name="User">IEWIN7\IEUser</Data>
      <Data Name="LogonGuid">{365ABB72-4FB5-5CD8-0000-0020F2350100}</Data>
      <Data Name="LogonId">0x135f2</Data>
      <Data Name="TerminalSessionId">1</Data>
      <Data Name="IntegrityLevel">Medium</Data>
      <Data Name="Hashes">SHA1=9018A7D6CDBE859A430E8794E73381F77C840BE0,MD5=60B7C0FEAD45F2066E5B805A91F4F0FC,SHA256=80C10EE5F21F92F89CBC293A59D2FD4C01C7958AACAD15642558DB700943FA22,IMPHASH=F93B5D76132F6E6068946EC238813CE1</Data>
      <Data Name="ParentProcessGuid">{365ABB72-517E-5CD8-0000-001024D61700}</Data>
      <Data Name="ParentProcessId">2952</Data>
      <Data Name="ParentImage">C:\Windows\System32\pcalua.exe</Data>
      <Data Name="ParentCommandLine">"C:\Windows\System32\pcalua.exe"  -a c:\Windows\system32\calc.exe</Data>
    </EventData>
  </Event>
</root>