<root>
  <Event xmlns="http://schemas.microsoft.com/win/2004/08/events/event">
    <System>
      <Provider Name="Microsoft-Windows-Sysmon" Guid="{5770385F-C22A-43E0-BF4C-06F5698FFBD9}" />
      <EventID>1</EventID>
      <Version>5</Version>
      <Level>4</Level>
      <Task>1</Task>
      <Opcode>0</Opcode>
      <Keywords>0x8000000000000000</Keywords>
      <TimeCreated SystemTime="2019-05-12T14:18:03.589507800Z" />
      <EventRecordID>16451</EventRecordID>
      <Correlation />
      <Execution ProcessID="2036" ThreadID="296" />
      <Channel>Microsoft-Windows-Sysmon/Operational</Channel>
      <Computer>IEWIN7</Computer>
      <Security UserID="S-1-5-18" />
    </System>
    <EventData>
      <Data Name="RuleName">
      </Data>
      <Data Name="UtcTime">2019-05-12 14:18:03.558</Data>
      <Data Name="ProcessGuid">{365ABB72-2B1B-5CD8-0000-0010CCC92500}</Data>
      <Data Name="ProcessId">3320</Data>
      <Data Name="Image">C:\Windows\System32\cmd.exe</Data>
      <Data Name="FileVersion">6.1.7601.17514 (win7sp1_rtm.101119-1850)</Data>
      <Data Name="Description">Windows Command Processor</Data>
      <Data Name="Product">Microsoft« Windows« Operating System</Data>
      <Data Name="Company">Microsoft Corporation</Data>
      <Data Name="CommandLine">"C:\Windows\system32\cmd.exe" </Data>
      <Data Name="CurrentDirectory">C:\Users\IEUser\</Data>
      <Data Name="User">IEWIN7\IEUser</Data>
      <Data Name="LogonGuid">{365ABB72-2523-5CD8-0000-00204C360100}</Data>
      <Data Name="LogonId">0x1364c</Data>
      <Data Name="TerminalSessionId">1</Data>
      <Data Name="IntegrityLevel">Medium</Data>
      <Data Name="Hashes">SHA1=EE8CBF12D87C4D388F09B4F69BED2E91682920B5,MD5=AD7B9C14083B52BC532FBA5948342B98,SHA256=17F746D82695FA9B35493B41859D39D786D32B23A9D2E00F4011DEC7A02402AE,IMPHASH=CEEFB55F764020CC5C5F8F23349AB163</Data>
      <Data Name="ParentProcessGuid">{365ABB72-252D-5CD8-0000-001019E20300}</Data>
      <Data Name="ParentProcessId">2800</Data>
      <Data Name="ParentImage">C:\Windows\explorer.exe</Data>
      <Data Name="ParentCommandLine">C:\Windows\Explorer.EXE</Data>
    </EventData>
  </Event>
  <Event xmlns="http://schemas.microsoft.com/win/2004/08/events/event">
    <System>
      <Provider Name="Microsoft-Windows-Sysmon" Guid="{5770385F-C22A-43E0-BF4C-06F5698FFBD9}" />
      <EventID>1</EventID>
      <Version>5</Version>
      <Level>4</Level>
      <Task>1</Task>
      <Opcode>0</Opcode>
      <Keywords>0x8000000000000000</Keywords>
      <TimeCreated SystemTime="2019-05-12T14:18:09.589507800Z" />
      <EventRecordID>16452</EventRecordID>
      <Correlation />
      <Execution ProcessID="2036" ThreadID="296" />
      <Channel>Microsoft-Windows-Sysmon/Operational</Channel>
      <Computer>IEWIN7</Computer>
      <Security UserID="S-1-5-18" />
    </System>
    <EventData>
      <Data Name="RuleName">
      </Data>
      <Data Name="UtcTime">2019-05-12 14:18:09.573</Data>
      <Data Name="ProcessGuid">{365ABB72-2B21-5CD8-0000-001039DD2500}</Data>
      <Data Name="ProcessId">816</Data>
      <Data Name="Image">C:\Windows\System32\rundll32.exe</Data>
      <Data Name="FileVersion">6.1.7600.16385 (win7_rtm.090713-1255)</Data>
      <Data Name="Description">Windows host process (Rundll32)</Data>
      <Data Name="Product">Microsoft« Windows« Operating System</Data>
      <Data Name="Company">Microsoft Corporation</Data>
      <Data Name="CommandLine">"C:\Windows\System32\rundll32.exe"  advpack.dll,RegisterOCX c:\Windows\System32\calc.exe</Data>
      <Data Name="CurrentDirectory">C:\Users\IEUser\</Data>
      <Data Name="User">IEWIN7\IEUser</Data>
      <Data Name="LogonGuid">{365ABB72-2523-5CD8-0000-00204C360100}</Data>
      <Data Name="LogonId">0x1364c</Data>
      <Data Name="TerminalSessionId">1</Data>
      <Data Name="IntegrityLevel">Medium</Data>
      <Data Name="Hashes">SHA1=892503B20247B341CFD20DDA5FDACFA41527A087,MD5=C648901695E275C8F2AD04B687A68CE2,SHA256=3FA4912EB43FC304652D7B01F118589259861E2D628FA7C86193E54D5F987670,IMPHASH=239D911DFA7551A8B735680BC39B2238</Data>
      <Data Name="ParentProcessGuid">{365ABB72-2B1B-5CD8-0000-0010CCC92500}</Data>
      <Data Name="ParentProcessId">3320</Data>
      <Data Name="ParentImage">C:\Windows\System32\cmd.exe</Data>
      <Data Name="ParentCommandLine">"C:\Windows\system32\cmd.exe" </Data>
    </EventData>
  </Event>
</root>