<root>
  <Event xmlns="http://schemas.microsoft.com/win/2004/08/events/event">
    <System>
      <Provider Name="Microsoft-Windows-Security-Auditing" Guid="{54849625-5478-4994-A5BA-3E3B0328C30D}" />
      <EventID>4624</EventID>
      <Version>2</Version>
      <Level>0</Level>
      <Task>12544</Task>
      <Opcode>0</Opcode>
      <Keywords>0x8020000000000000</Keywords>
      <TimeCreated SystemTime="2019-08-05T09:39:30.697730700Z" />
      <EventRecordID>10113</EventRecordID>
      <Correlation ActivityID="{FDC063DE-4B69-0000-5564-C0FD694BD501}" />
      <Execution ProcessID="620" ThreadID="5596" />
      <Channel>Security</Channel>
      <Computer>MSEDGEWIN10</Computer>
      <Security />
    </System>
    <EventData>
      <Data Name="SubjectUserSid">S-1-5-21-3461203602-4096304019-2269080069-1000</Data>
      <Data Name="SubjectUserName">IEUser</Data>
      <Data Name="SubjectDomainName">MSEDGEWIN10</Data>
      <Data Name="SubjectLogonId">0x2e4ce</Data>
      <Data Name="TargetUserSid">S-1-5-21-3461203602-4096304019-2269080069-1000</Data>
      <Data Name="TargetUserName">IEUser</Data>
      <Data Name="TargetDomainName">MSEDGEWIN10</Data>
      <Data Name="TargetLogonId">0x38f87e</Data>
      <Data Name="LogonType">9</Data>
      <Data Name="LogonProcessName">seclogo</Data>
      <Data Name="AuthenticationPackageName">Negotiate</Data>
      <Data Name="WorkstationName">-</Data>
      <Data Name="LogonGuid">{00000000-0000-0000-0000-000000000000}</Data>
      <Data Name="TransmittedServices">-</Data>
      <Data Name="LmPackageName">-</Data>
      <Data Name="KeyLength">0</Data>
      <Data Name="ProcessId">0x1b90</Data>
      <Data Name="ProcessName">C:\Windows\System32\svchost.exe</Data>
      <Data Name="IpAddress">::1</Data>
      <Data Name="IpPort">0</Data>
      <Data Name="ImpersonationLevel">%%1833</Data>
      <Data Name="RestrictedAdminMode">-</Data>
      <Data Name="TargetOutboundUserName">l</Data>
      <Data Name="TargetOutboundDomainName">o</Data>
      <Data Name="VirtualAccount">%%1843</Data>
      <Data Name="TargetLinkedLogonId">0x0</Data>
      <Data Name="ElevatedToken">%%1843</Data>
    </EventData>
  </Event>
</root>