<root>
  <Event xmlns="http://schemas.microsoft.com/win/2004/08/events/event">
    <System>
      <Provider Name="Microsoft-Windows-Sysmon" Guid="{5770385F-C22A-43E0-BF4C-06F5698FFBD9}" />
      <EventID>13</EventID>
      <Version>2</Version>
      <Level>4</Level>
      <Task>13</Task>
      <Opcode>0</Opcode>
      <Keywords>0x8000000000000000</Keywords>
      <TimeCreated SystemTime="2019-07-03T20:10:06.475561300Z" />
      <EventRecordID>8228</EventRecordID>
      <Correlation />
      <Execution ProcessID="112" ThreadID="2084" />
      <Channel>Microsoft-Windows-Sysmon/Operational</Channel>
      <Computer>IEWIN7</Computer>
      <Security UserID="S-1-5-18" />
    </System>
    <EventData>
      <Data Name="RuleName">Lateral Movement - New Named Pipe added to NullSession</Data>
      <Data Name="EventType">SetValue</Data>
      <Data Name="UtcTime">2019-07-03 20:10:06.459</Data>
      <Data Name="ProcessGuid">{365ABB72-0B9E-5D1D-0000-00100BF40D00}</Data>
      <Data Name="ProcessId">3844</Data>
      <Data Name="Image">C:\Windows\system32\reg.exe</Data>
      <Data Name="TargetObject">HKLM\System\CurrentControlSet\services\LanmanServer\Parameters\NullSessionPipes</Data>
      <Data Name="Details">Binary Data</Data>
    </EventData>
  </Event>
</root>