<root>
  <Event xmlns="http://schemas.microsoft.com/win/2004/08/events/event">
    <System>
      <Provider Name="Microsoft-Windows-Sysmon" Guid="{5770385F-C22A-43E0-BF4C-06F5698FFBD9}" />
      <EventID>1</EventID>
      <Version>5</Version>
      <Level>4</Level>
      <Task>1</Task>
      <Opcode>0</Opcode>
      <Keywords>0x8000000000000000</Keywords>
      <TimeCreated SystemTime="2019-05-19T02:02:21.068574600Z" />
      <EventRecordID>18909</EventRecordID>
      <Correlation />
      <Execution ProcessID="1928" ThreadID="1188" />
      <Channel>Microsoft-Windows-Sysmon/Operational</Channel>
      <Computer>IEWIN7</Computer>
      <Security UserID="S-1-5-18" />
    </System>
    <EventData>
      <Data Name="RuleName">
      </Data>
      <Data Name="UtcTime">2019-05-19 02:02:21.051</Data>
      <Data Name="ProcessGuid">{365ABB72-B92D-5CE0-0000-001058111800}</Data>
      <Data Name="ProcessId">3596</Data>
      <Data Name="Image">C:\Program Files\Internet Explorer\iexplore.exe</Data>
      <Data Name="FileVersion">11.00.9600.16428 (winblue_gdr.131013-1700)</Data>
      <Data Name="Description">Internet Explorer</Data>
      <Data Name="Product">Internet Explorer</Data>
      <Data Name="Company">Microsoft Corporation</Data>
      <Data Name="CommandLine">"C:\Program Files\Internet Explorer\iexplore.exe" -Embedding</Data>
      <Data Name="CurrentDirectory">C:\Windows\system32\</Data>
      <Data Name="User">IEWIN7\IEUser</Data>
      <Data Name="LogonGuid">{365ABB72-B92D-5CE0-0000-00201E111800}</Data>
      <Data Name="LogonId">0x18111e</Data>
      <Data Name="TerminalSessionId">0</Data>
      <Data Name="IntegrityLevel">High</Data>
      <Data Name="Hashes">SHA1=7D53573861739B2D3AE0DE6C5D1250AF8C2D5C7C,MD5=6087DD9502E79F05794F3DFF1C81A8C0,SHA256=D395C8C0E1011ACCAE3E2E80A8BD0FDD5877883B916B77FAA8C24DBBB0C74845,IMPHASH=362EFA589A64DDE27E8263C301B1E564</Data>
      <Data Name="ParentProcessGuid">{365ABB72-3382-5CE1-0000-001054760000}</Data>
      <Data Name="ParentProcessId">604</Data>
      <Data Name="ParentImage">C:\Windows\System32\svchost.exe</Data>
      <Data Name="ParentCommandLine">C:\Windows\system32\svchost.exe -k DcomLaunch</Data>
    </EventData>
  </Event>
</root>