<root>
  <Event xmlns="http://schemas.microsoft.com/win/2004/08/events/event">
    <System>
      <Provider Name="Microsoft-Windows-Sysmon" Guid="{5770385F-C22A-43E0-BF4C-06F5698FFBD9}" />
      <EventID>1</EventID>
      <Version>5</Version>
      <Level>4</Level>
      <Task>1</Task>
      <Opcode>0</Opcode>
      <Keywords>0x8000000000000000</Keywords>
      <TimeCreated SystemTime="2019-05-14T01:29:04.306885900Z" />
      <EventRecordID>17589</EventRecordID>
      <Correlation />
      <Execution ProcessID="2000" ThreadID="1960" />
      <Channel>Microsoft-Windows-Sysmon/Operational</Channel>
      <Computer>IEWIN7</Computer>
      <Security UserID="S-1-5-18" />
    </System>
    <EventData>
      <Data Name="RuleName">
      </Data>
      <Data Name="UtcTime">2019-05-14 01:29:04.293</Data>
      <Data Name="ProcessGuid">{365ABB72-19E0-5CDA-0000-001006711000}</Data>
      <Data Name="ProcessId">1932</Data>
      <Data Name="Image">C:\Windows\System32\mshta.exe</Data>
      <Data Name="FileVersion">11.00.9600.16428 (winblue_gdr.131013-1700)</Data>
      <Data Name="Description">Microsoft (R) HTML Application host</Data>
      <Data Name="Product">Internet Explorer</Data>
      <Data Name="Company">Microsoft Corporation</Data>
      <Data Name="CommandLine">C:\Windows\System32\mshta.exe -Embedding</Data>
      <Data Name="CurrentDirectory">C:\Windows\system32\</Data>
      <Data Name="User">IEWIN7\IEUser</Data>
      <Data Name="LogonGuid">{365ABB72-19E0-5CDA-0000-0020CE701000}</Data>
      <Data Name="LogonId">0x1070ce</Data>
      <Data Name="TerminalSessionId">0</Data>
      <Data Name="IntegrityLevel">High</Data>
      <Data Name="Hashes">SHA1=D4F0397F83083E1C6FB0894187CC72AEBCF2F34F,MD5=ABDFC692D9FE43E2BA8FE6CB5A8CB95A,SHA256=949485BA939953642714AE6831D7DCB261691CAC7CBB8C1A9220333801F60820,IMPHASH=00B1859A95A316FD37DFF4210480907A</Data>
      <Data Name="ParentProcessGuid">{365ABB72-965E-5CDA-0000-0010AF760000}</Data>
      <Data Name="ParentProcessId">596</Data>
      <Data Name="ParentImage">C:\Windows\System32\svchost.exe</Data>
      <Data Name="ParentCommandLine">C:\Windows\system32\svchost.exe -k DcomLaunch</Data>
    </EventData>
  </Event>
  <Event xmlns="http://schemas.microsoft.com/win/2004/08/events/event">
    <System>
      <Provider Name="Microsoft-Windows-Sysmon" Guid="{5770385F-C22A-43E0-BF4C-06F5698FFBD9}" />
      <EventID>3</EventID>
      <Version>5</Version>
      <Level>4</Level>
      <Task>3</Task>
      <Opcode>0</Opcode>
      <Keywords>0x8000000000000000</Keywords>
      <TimeCreated SystemTime="2019-05-14T01:29:05.534521900Z" />
      <EventRecordID>17590</EventRecordID>
      <Correlation />
      <Execution ProcessID="2000" ThreadID="1980" />
      <Channel>Microsoft-Windows-Sysmon/Operational</Channel>
      <Computer>IEWIN7</Computer>
      <Security UserID="S-1-5-18" />
    </System>
    <EventData>
      <Data Name="RuleName">
      </Data>
      <Data Name="UtcTime">2019-05-14 01:29:00.318</Data>
      <Data Name="ProcessGuid">{365ABB72-19E0-5CDA-0000-001006711000}</Data>
      <Data Name="ProcessId">1932</Data>
      <Data Name="Image">C:\Windows\System32\mshta.exe</Data>
      <Data Name="User">IEWIN7\IEUser</Data>
      <Data Name="Protocol">tcp</Data>
      <Data Name="Initiated">false</Data>
      <Data Name="SourceIsIpv6">false</Data>
      <Data Name="SourceIp">10.0.2.16</Data>
      <Data Name="SourceHostname">IEWIN7</Data>
      <Data Name="SourcePort">49168</Data>
      <Data Name="SourcePortName">
      </Data>
      <Data Name="DestinationIsIpv6">false</Data>
      <Data Name="DestinationIp">10.0.2.17</Data>
      <Data Name="DestinationHostname">
      </Data>
      <Data Name="DestinationPort">55683</Data>
      <Data Name="DestinationPortName">
      </Data>
    </EventData>
  </Event>
</root>