<root>
  <Event xmlns="http://schemas.microsoft.com/win/2004/08/events/event">
    <System>
      <Provider Name="Microsoft-Windows-Sysmon" Guid="{5770385F-C22A-43E0-BF4C-06F5698FFBD9}" />
      <EventID>1</EventID>
      <Version>5</Version>
      <Level>4</Level>
      <Task>1</Task>
      <Opcode>0</Opcode>
      <Keywords>0x8000000000000000</Keywords>
      <TimeCreated SystemTime="2019-04-30T20:35:11.856089000Z" />
      <EventRecordID>9832</EventRecordID>
      <Correlation />
      <Execution ProcessID="1964" ThreadID="1664" />
      <Channel>Microsoft-Windows-Sysmon/Operational</Channel>
      <Computer>IEWIN7</Computer>
      <Security UserID="S-1-5-18" />
    </System>
    <EventData>
      <Data Name="RuleName">
      </Data>
      <Data Name="UtcTime">2019-04-30 20:35:11.856</Data>
      <Data Name="ProcessGuid">{365ABB72-B17F-5CC8-0000-001082A51E00}</Data>
      <Data Name="ProcessId">3572</Data>
      <Data Name="Image">C:\Windows\System32\mmc.exe</Data>
      <Data Name="FileVersion">6.1.7600.16385 (win7_rtm.090713-1255)</Data>
      <Data Name="Description">Microsoft Management Console</Data>
      <Data Name="Product">Microsoft« Windows« Operating System</Data>
      <Data Name="Company">Microsoft Corporation</Data>
      <Data Name="CommandLine">C:\Windows\system32\mmc.exe -Embedding</Data>
      <Data Name="CurrentDirectory">C:\Windows\system32\</Data>
      <Data Name="User">IEWIN7\IEUser</Data>
      <Data Name="LogonGuid">{365ABB72-B17F-5CC8-0000-0020C6A31E00}</Data>
      <Data Name="LogonId">0x1ea3c6</Data>
      <Data Name="TerminalSessionId">0</Data>
      <Data Name="IntegrityLevel">High</Data>
      <Data Name="Hashes">SHA1=98D8C5E38510C6220F42747D15F6FFF75DD59845,MD5=A2A5D487D0C3D55739A0491B6872480D,SHA256=40E2B83F07771D54CE4E45B76A14883D042766FF4E1E7872E482EC91E81E9484,IMPHASH=6D2ED4ADDAC7EBAE62381320D82AC4C1</Data>
      <Data Name="ParentProcessGuid">{365ABB72-2586-5CC9-0000-001087700000}</Data>
      <Data Name="ParentProcessId">612</Data>
      <Data Name="ParentImage">C:\Windows\System32\svchost.exe</Data>
      <Data Name="ParentCommandLine">C:\Windows\system32\svchost.exe -k DcomLaunch</Data>
    </EventData>
  </Event>
  <Event xmlns="http://schemas.microsoft.com/win/2004/08/events/event">
    <System>
      <Provider Name="Microsoft-Windows-Sysmon" Guid="{5770385F-C22A-43E0-BF4C-06F5698FFBD9}" />
      <EventID>1</EventID>
      <Version>5</Version>
      <Level>4</Level>
      <Task>1</Task>
      <Opcode>0</Opcode>
      <Keywords>0x8000000000000000</Keywords>
      <TimeCreated SystemTime="2019-04-30T20:35:12.449839000Z" />
      <EventRecordID>9833</EventRecordID>
      <Correlation />
      <Execution ProcessID="1964" ThreadID="1664" />
      <Channel>Microsoft-Windows-Sysmon/Operational</Channel>
      <Computer>IEWIN7</Computer>
      <Security UserID="S-1-5-18" />
    </System>
    <EventData>
      <Data Name="RuleName">
      </Data>
      <Data Name="UtcTime">2019-04-30 20:35:12.340</Data>
      <Data Name="ProcessGuid">{365ABB72-B180-5CC8-0000-00102BB71E00}</Data>
      <Data Name="ProcessId">1504</Data>
      <Data Name="Image">C:\Windows\System32\cmd.exe</Data>
      <Data Name="FileVersion">6.1.7601.17514 (win7sp1_rtm.101119-1850)</Data>
      <Data Name="Description">Windows Command Processor</Data>
      <Data Name="Product">Microsoft« Windows« Operating System</Data>
      <Data Name="Company">Microsoft Corporation</Data>
      <Data Name="CommandLine">"C:\Windows\System32\cmd.exe" /Q /c cd \ 1&gt; \\127.0.0.1\ADMIN$\__1556656511.61 2&gt;&amp;1</Data>
      <Data Name="CurrentDirectory">C:\windows\system32\</Data>
      <Data Name="User">IEWIN7\IEUser</Data>
      <Data Name="LogonGuid">{365ABB72-B17F-5CC8-0000-0020C6A31E00}</Data>
      <Data Name="LogonId">0x1ea3c6</Data>
      <Data Name="TerminalSessionId">0</Data>
      <Data Name="IntegrityLevel">High</Data>
      <Data Name="Hashes">SHA1=EE8CBF12D87C4D388F09B4F69BED2E91682920B5,MD5=AD7B9C14083B52BC532FBA5948342B98,SHA256=17F746D82695FA9B35493B41859D39D786D32B23A9D2E00F4011DEC7A02402AE,IMPHASH=CEEFB55F764020CC5C5F8F23349AB163</Data>
      <Data Name="ParentProcessGuid">{365ABB72-B17F-5CC8-0000-001082A51E00}</Data>
      <Data Name="ParentProcessId">3572</Data>
      <Data Name="ParentImage">C:\Windows\System32\mmc.exe</Data>
      <Data Name="ParentCommandLine">C:\Windows\system32\mmc.exe -Embedding</Data>
    </EventData>
  </Event>
  <Event xmlns="http://schemas.microsoft.com/win/2004/08/events/event">
    <System>
      <Provider Name="Microsoft-Windows-Sysmon" Guid="{5770385F-C22A-43E0-BF4C-06F5698FFBD9}" />
      <EventID>3</EventID>
      <Version>5</Version>
      <Level>4</Level>
      <Task>3</Task>
      <Opcode>0</Opcode>
      <Keywords>0x8000000000000000</Keywords>
      <TimeCreated SystemTime="2019-04-30T20:35:13.168589000Z" />
      <EventRecordID>9834</EventRecordID>
      <Correlation />
      <Execution ProcessID="1964" ThreadID="1568" />
      <Channel>Microsoft-Windows-Sysmon/Operational</Channel>
      <Computer>IEWIN7</Computer>
      <Security UserID="S-1-5-18" />
    </System>
    <EventData>
      <Data Name="RuleName">
      </Data>
      <Data Name="UtcTime">2019-04-30 20:35:11.569</Data>
      <Data Name="ProcessGuid">{365ABB72-2584-5CC9-0000-0010EA030000}</Data>
      <Data Name="ProcessId">4</Data>
      <Data Name="Image">System</Data>
      <Data Name="User">NT AUTHORITY\SYSTEM</Data>
      <Data Name="Protocol">tcp</Data>
      <Data Name="Initiated">false</Data>
      <Data Name="SourceIsIpv6">false</Data>
      <Data Name="SourceIp">10.0.2.18</Data>
      <Data Name="SourceHostname">IEWIN7</Data>
      <Data Name="SourcePort">445</Data>
      <Data Name="SourcePortName">microsoft-ds</Data>
      <Data Name="DestinationIsIpv6">false</Data>
      <Data Name="DestinationIp">10.0.2.19</Data>
      <Data Name="DestinationHostname">
      </Data>
      <Data Name="DestinationPort">45622</Data>
      <Data Name="DestinationPortName">
      </Data>
    </EventData>
  </Event>
  <Event xmlns="http://schemas.microsoft.com/win/2004/08/events/event">
    <System>
      <Provider Name="Microsoft-Windows-Sysmon" Guid="{5770385F-C22A-43E0-BF4C-06F5698FFBD9}" />
      <EventID>3</EventID>
      <Version>5</Version>
      <Level>4</Level>
      <Task>3</Task>
      <Opcode>0</Opcode>
      <Keywords>0x8000000000000000</Keywords>
      <TimeCreated SystemTime="2019-04-30T20:35:13.168589000Z" />
      <EventRecordID>9835</EventRecordID>
      <Correlation />
      <Execution ProcessID="1964" ThreadID="1568" />
      <Channel>Microsoft-Windows-Sysmon/Operational</Channel>
      <Computer>IEWIN7</Computer>
      <Security UserID="S-1-5-18" />
    </System>
    <EventData>
      <Data Name="RuleName">
      </Data>
      <Data Name="UtcTime">2019-04-30 20:35:11.980</Data>
      <Data Name="ProcessGuid">{365ABB72-B17F-5CC8-0000-001082A51E00}</Data>
      <Data Name="ProcessId">3572</Data>
      <Data Name="Image">C:\Windows\System32\mmc.exe</Data>
      <Data Name="User">IEWIN7\IEUser</Data>
      <Data Name="Protocol">tcp</Data>
      <Data Name="Initiated">false</Data>
      <Data Name="SourceIsIpv6">false</Data>
      <Data Name="SourceIp">10.0.2.18</Data>
      <Data Name="SourceHostname">IEWIN7</Data>
      <Data Name="SourcePort">49163</Data>
      <Data Name="SourcePortName">
      </Data>
      <Data Name="DestinationIsIpv6">false</Data>
      <Data Name="DestinationIp">10.0.2.19</Data>
      <Data Name="DestinationHostname">
      </Data>
      <Data Name="DestinationPort">33474</Data>
      <Data Name="DestinationPortName">
      </Data>
    </EventData>
  </Event>
  <Event xmlns="http://schemas.microsoft.com/win/2004/08/events/event">
    <System>
      <Provider Name="Microsoft-Windows-Sysmon" Guid="{5770385F-C22A-43E0-BF4C-06F5698FFBD9}" />
      <EventID>3</EventID>
      <Version>5</Version>
      <Level>4</Level>
      <Task>3</Task>
      <Opcode>0</Opcode>
      <Keywords>0x8000000000000000</Keywords>
      <TimeCreated SystemTime="2019-04-30T20:35:13.418589000Z" />
      <EventRecordID>9836</EventRecordID>
      <Correlation />
      <Execution ProcessID="1964" ThreadID="1568" />
      <Channel>Microsoft-Windows-Sysmon/Operational</Channel>
      <Computer>IEWIN7</Computer>
      <Security UserID="S-1-5-18" />
    </System>
    <EventData>
      <Data Name="RuleName">
      </Data>
      <Data Name="UtcTime">2019-04-30 20:35:12.321</Data>
      <Data Name="ProcessGuid">{365ABB72-2584-5CC9-0000-0010EA030000}</Data>
      <Data Name="ProcessId">4</Data>
      <Data Name="Image">System</Data>
      <Data Name="User">NT AUTHORITY\SYSTEM</Data>
      <Data Name="Protocol">tcp</Data>
      <Data Name="Initiated">true</Data>
      <Data Name="SourceIsIpv6">false</Data>
      <Data Name="SourceIp">127.0.0.1</Data>
      <Data Name="SourceHostname">IEWIN7</Data>
      <Data Name="SourcePort">49164</Data>
      <Data Name="SourcePortName">
      </Data>
      <Data Name="DestinationIsIpv6">false</Data>
      <Data Name="DestinationIp">127.0.0.1</Data>
      <Data Name="DestinationHostname">IEWIN7</Data>
      <Data Name="DestinationPort">445</Data>
      <Data Name="DestinationPortName">microsoft-ds</Data>
    </EventData>
  </Event>
  <Event xmlns="http://schemas.microsoft.com/win/2004/08/events/event">
    <System>
      <Provider Name="Microsoft-Windows-Sysmon" Guid="{5770385F-C22A-43E0-BF4C-06F5698FFBD9}" />
      <EventID>3</EventID>
      <Version>5</Version>
      <Level>4</Level>
      <Task>3</Task>
      <Opcode>0</Opcode>
      <Keywords>0x8000000000000000</Keywords>
      <TimeCreated SystemTime="2019-04-30T20:35:13.418589000Z" />
      <EventRecordID>9837</EventRecordID>
      <Correlation />
      <Execution ProcessID="1964" ThreadID="1568" />
      <Channel>Microsoft-Windows-Sysmon/Operational</Channel>
      <Computer>IEWIN7</Computer>
      <Security UserID="S-1-5-18" />
    </System>
    <EventData>
      <Data Name="RuleName">
      </Data>
      <Data Name="UtcTime">2019-04-30 20:35:12.321</Data>
      <Data Name="ProcessGuid">{365ABB72-2584-5CC9-0000-0010EA030000}</Data>
      <Data Name="ProcessId">4</Data>
      <Data Name="Image">System</Data>
      <Data Name="User">NT AUTHORITY\SYSTEM</Data>
      <Data Name="Protocol">tcp</Data>
      <Data Name="Initiated">false</Data>
      <Data Name="SourceIsIpv6">false</Data>
      <Data Name="SourceIp">127.0.0.1</Data>
      <Data Name="SourceHostname">IEWIN7</Data>
      <Data Name="SourcePort">445</Data>
      <Data Name="SourcePortName">microsoft-ds</Data>
      <Data Name="DestinationIsIpv6">false</Data>
      <Data Name="DestinationIp">127.0.0.1</Data>
      <Data Name="DestinationHostname">IEWIN7</Data>
      <Data Name="DestinationPort">49164</Data>
      <Data Name="DestinationPortName">
      </Data>
    </EventData>
  </Event>
  <Event xmlns="http://schemas.microsoft.com/win/2004/08/events/event">
    <System>
      <Provider Name="Microsoft-Windows-Sysmon" Guid="{5770385F-C22A-43E0-BF4C-06F5698FFBD9}" />
      <EventID>1</EventID>
      <Version>5</Version>
      <Level>4</Level>
      <Task>1</Task>
      <Opcode>0</Opcode>
      <Keywords>0x8000000000000000</Keywords>
      <TimeCreated SystemTime="2019-04-30T20:35:13.449839000Z" />
      <EventRecordID>9838</EventRecordID>
      <Correlation />
      <Execution ProcessID="1964" ThreadID="1664" />
      <Channel>Microsoft-Windows-Sysmon/Operational</Channel>
      <Computer>IEWIN7</Computer>
      <Security UserID="S-1-5-18" />
    </System>
    <EventData>
      <Data Name="RuleName">
      </Data>
      <Data Name="UtcTime">2019-04-30 20:35:13.434</Data>
      <Data Name="ProcessGuid">{365ABB72-B181-5CC8-0000-0010ADBF1E00}</Data>
      <Data Name="ProcessId">3372</Data>
      <Data Name="Image">C:\Windows\System32\cmd.exe</Data>
      <Data Name="FileVersion">6.1.7601.17514 (win7sp1_rtm.101119-1850)</Data>
      <Data Name="Description">Windows Command Processor</Data>
      <Data Name="Product">Microsoft« Windows« Operating System</Data>
      <Data Name="Company">Microsoft Corporation</Data>
      <Data Name="CommandLine">"C:\Windows\System32\cmd.exe" /Q /c cd  1&gt; \\127.0.0.1\ADMIN$\__1556656511.61 2&gt;&amp;1</Data>
      <Data Name="CurrentDirectory">C:\</Data>
      <Data Name="User">IEWIN7\IEUser</Data>
      <Data Name="LogonGuid">{365ABB72-B17F-5CC8-0000-0020C6A31E00}</Data>
      <Data Name="LogonId">0x1ea3c6</Data>
      <Data Name="TerminalSessionId">0</Data>
      <Data Name="IntegrityLevel">High</Data>
      <Data Name="Hashes">SHA1=EE8CBF12D87C4D388F09B4F69BED2E91682920B5,MD5=AD7B9C14083B52BC532FBA5948342B98,SHA256=17F746D82695FA9B35493B41859D39D786D32B23A9D2E00F4011DEC7A02402AE,IMPHASH=CEEFB55F764020CC5C5F8F23349AB163</Data>
      <Data Name="ParentProcessGuid">{365ABB72-B17F-5CC8-0000-001082A51E00}</Data>
      <Data Name="ParentProcessId">3572</Data>
      <Data Name="ParentImage">C:\Windows\System32\mmc.exe</Data>
      <Data Name="ParentCommandLine">C:\Windows\system32\mmc.exe -Embedding</Data>
    </EventData>
  </Event>
  <Event xmlns="http://schemas.microsoft.com/win/2004/08/events/event">
    <System>
      <Provider Name="Microsoft-Windows-Sysmon" Guid="{5770385F-C22A-43E0-BF4C-06F5698FFBD9}" />
      <EventID>1</EventID>
      <Version>5</Version>
      <Level>4</Level>
      <Task>1</Task>
      <Opcode>0</Opcode>
      <Keywords>0x8000000000000000</Keywords>
      <TimeCreated SystemTime="2019-04-30T20:35:13.512339000Z" />
      <EventRecordID>9839</EventRecordID>
      <Correlation />
      <Execution ProcessID="1964" ThreadID="1664" />
      <Channel>Microsoft-Windows-Sysmon/Operational</Channel>
      <Computer>IEWIN7</Computer>
      <Security UserID="S-1-5-18" />
    </System>
    <EventData>
      <Data Name="RuleName">
      </Data>
      <Data Name="UtcTime">2019-04-30 20:35:13.512</Data>
      <Data Name="ProcessGuid">{365ABB72-B181-5CC8-0000-001023C41E00}</Data>
      <Data Name="ProcessId">1256</Data>
      <Data Name="Image">C:\Windows\System32\cmd.exe</Data>
      <Data Name="FileVersion">6.1.7601.17514 (win7sp1_rtm.101119-1850)</Data>
      <Data Name="Description">Windows Command Processor</Data>
      <Data Name="Product">Microsoft« Windows« Operating System</Data>
      <Data Name="Company">Microsoft Corporation</Data>
      <Data Name="CommandLine">"C:\Windows\System32\cmd.exe" /Q /c whoami /all 1&gt; \\127.0.0.1\ADMIN$\__1556656511.61 2&gt;&amp;1</Data>
      <Data Name="CurrentDirectory">C:\</Data>
      <Data Name="User">IEWIN7\IEUser</Data>
      <Data Name="LogonGuid">{365ABB72-B17F-5CC8-0000-0020C6A31E00}</Data>
      <Data Name="LogonId">0x1ea3c6</Data>
      <Data Name="TerminalSessionId">0</Data>
      <Data Name="IntegrityLevel">High</Data>
      <Data Name="Hashes">SHA1=EE8CBF12D87C4D388F09B4F69BED2E91682920B5,MD5=AD7B9C14083B52BC532FBA5948342B98,SHA256=17F746D82695FA9B35493B41859D39D786D32B23A9D2E00F4011DEC7A02402AE,IMPHASH=CEEFB55F764020CC5C5F8F23349AB163</Data>
      <Data Name="ParentProcessGuid">{365ABB72-B17F-5CC8-0000-001082A51E00}</Data>
      <Data Name="ParentProcessId">3572</Data>
      <Data Name="ParentImage">C:\Windows\System32\mmc.exe</Data>
      <Data Name="ParentCommandLine">C:\Windows\system32\mmc.exe -Embedding</Data>
    </EventData>
  </Event>
  <Event xmlns="http://schemas.microsoft.com/win/2004/08/events/event">
    <System>
      <Provider Name="Microsoft-Windows-Sysmon" Guid="{5770385F-C22A-43E0-BF4C-06F5698FFBD9}" />
      <EventID>1</EventID>
      <Version>5</Version>
      <Level>4</Level>
      <Task>1</Task>
      <Opcode>0</Opcode>
      <Keywords>0x8000000000000000</Keywords>
      <TimeCreated SystemTime="2019-04-30T20:35:13.543589000Z" />
      <EventRecordID>9840</EventRecordID>
      <Correlation />
      <Execution ProcessID="1964" ThreadID="1664" />
      <Channel>Microsoft-Windows-Sysmon/Operational</Channel>
      <Computer>IEWIN7</Computer>
      <Security UserID="S-1-5-18" />
    </System>
    <EventData>
      <Data Name="RuleName">
      </Data>
      <Data Name="UtcTime">2019-04-30 20:35:13.527</Data>
      <Data Name="ProcessGuid">{365ABB72-B181-5CC8-0000-00108DC71E00}</Data>
      <Data Name="ProcessId">692</Data>
      <Data Name="Image">C:\Windows\System32\whoami.exe</Data>
      <Data Name="FileVersion">6.1.7600.16385 (win7_rtm.090713-1255)</Data>
      <Data Name="Description">whoami - displays logged on user information</Data>
      <Data Name="Product">Microsoft« Windows« Operating System</Data>
      <Data Name="Company">Microsoft Corporation</Data>
      <Data Name="CommandLine">whoami  /all </Data>
      <Data Name="CurrentDirectory">C:\</Data>
      <Data Name="User">IEWIN7\IEUser</Data>
      <Data Name="LogonGuid">{365ABB72-B17F-5CC8-0000-0020C6A31E00}</Data>
      <Data Name="LogonId">0x1ea3c6</Data>
      <Data Name="TerminalSessionId">0</Data>
      <Data Name="IntegrityLevel">High</Data>
      <Data Name="Hashes">SHA1=DC058F52AD8ACBD316827B6DCAC2434AB3CC515C,MD5=0EBF71E33EF09CA65D9683AFA999C473,SHA256=599EFD455AEEEFE2044A9B597061F271595033F5D0DF2C99DFDBCA8394BBCEC3,IMPHASH=C5352B949915AB8CD5E1844790D19274</Data>
      <Data Name="ParentProcessGuid">{365ABB72-B181-5CC8-0000-001023C41E00}</Data>
      <Data Name="ParentProcessId">1256</Data>
      <Data Name="ParentImage">C:\Windows\System32\cmd.exe</Data>
      <Data Name="ParentCommandLine">"C:\Windows\System32\cmd.exe" /Q /c whoami /all 1&gt; \\127.0.0.1\ADMIN$\__1556656511.61 2&gt;&amp;1</Data>
    </EventData>
  </Event>
</root>