<root>
  <Event xmlns="http://schemas.microsoft.com/win/2004/08/events/event">
    <System>
      <Provider Name="Microsoft-Windows-Sysmon" Guid="{5770385F-C22A-43E0-BF4C-06F5698FFBD9}" />
      <EventID>1</EventID>
      <Version>5</Version>
      <Level>4</Level>
      <Task>1</Task>
      <Opcode>0</Opcode>
      <Keywords>0x8000000000000000</Keywords>
      <TimeCreated SystemTime="2019-05-16T01:38:19.630865800Z" />
      <EventRecordID>18002</EventRecordID>
      <Correlation />
      <Execution ProcessID="1792" ThreadID="2232" />
      <Channel>Microsoft-Windows-Sysmon/Operational</Channel>
      <Computer>DC1.insecurebank.local</Computer>
      <Security UserID="S-1-5-18" />
    </System>
    <EventData>
      <Data Name="RuleName">Lateral Movement - Windows Remote Management</Data>
      <Data Name="UtcTime">2019-05-16 01:38:19.616</Data>
      <Data Name="ProcessGuid">{DFAE8213-BF0B-5CDC-0000-00105A951600}</Data>
      <Data Name="ProcessId">2936</Data>
      <Data Name="Image">C:\Windows\System32\HOSTNAME.EXE</Data>
      <Data Name="FileVersion">6.3.9600.16384 (winblue_rtm.130821-1623)</Data>
      <Data Name="Description">Hostname APP</Data>
      <Data Name="Product">Microsoft« Windows« Operating System</Data>
      <Data Name="Company">Microsoft Corporation</Data>
      <Data Name="CommandLine">"C:\Windows\system32\HOSTNAME.EXE"</Data>
      <Data Name="CurrentDirectory">C:\Users\administrator\Documents\</Data>
      <Data Name="User">insecurebank\Administrator</Data>
      <Data Name="LogonGuid">{DFAE8213-BEAD-5CDC-0000-0020AFDA1500}</Data>
      <Data Name="LogonId">0x15daaf</Data>
      <Data Name="TerminalSessionId">0</Data>
      <Data Name="IntegrityLevel">High</Data>
      <Data Name="Hashes">SHA1=4ED8B225C9CC97DD02C9A5DFD9F733C353F83E36,MD5=74D1E6E8AC6ABCC1DE934C8C5E422B64,SHA256=CA40BB9470E8E73767F3AA43DDF51F814481167DEC6C2FAA1996C18AB2C621DB,IMPHASH=65F157041816229C2919A683CBA86F70</Data>
      <Data Name="ParentProcessGuid">{DFAE8213-BEAD-5CDC-0000-0010DDDB1500}</Data>
      <Data Name="ParentProcessId">3332</Data>
      <Data Name="ParentImage">C:\Windows\System32\wsmprovhost.exe</Data>
      <Data Name="ParentCommandLine">C:\Windows\system32\wsmprovhost.exe -Embedding</Data>
    </EventData>
  </Event>
</root>