<root>
  <Event xmlns="http://schemas.microsoft.com/win/2004/08/events/event">
    <System>
      <Provider Name="Service Control Manager" Guid="{555908d1-a6d7-4695-8e1e-26931d2012f4}" EventSourceName="Service Control Manager" />
      <EventID Qualifiers="16384">7045</EventID>
      <Version>0</Version>
      <Level>4</Level>
      <Task>0</Task>
      <Opcode>0</Opcode>
      <Keywords>0x8080000000000000</Keywords>
      <TimeCreated SystemTime="2019-03-03T09:20:28.621489700Z" />
      <EventRecordID>4480</EventRecordID>
      <Correlation />
      <Execution ProcessID="444" ThreadID="140" />
      <Channel>System</Channel>
      <Computer>WIN-77LTAPHIQ1R.example.corp</Computer>
      <Security UserID="S-1-5-21-1587066498-1489273250-1035260531-1108" />
    </System>
    <EventData>
      <Data Name="ServiceName">spoolfool</Data>
      <Data Name="ImagePath">cmd.exe</Data>
      <Data Name="ServiceType">user mode service</Data>
      <Data Name="StartType">auto start</Data>
      <Data Name="AccountName">LocalSystem</Data>
    </EventData>
  </Event>
  <Event xmlns="http://schemas.microsoft.com/win/2004/08/events/event">
    <System>
      <Provider Name="Service Control Manager" Guid="{555908d1-a6d7-4695-8e1e-26931d2012f4}" EventSourceName="Service Control Manager" />
      <EventID Qualifiers="16384">7045</EventID>
      <Version>0</Version>
      <Level>4</Level>
      <Task>0</Task>
      <Opcode>0</Opcode>
      <Keywords>0x8080000000000000</Keywords>
      <TimeCreated SystemTime="2019-03-03T09:24:24.699653400Z" />
      <EventRecordID>4482</EventRecordID>
      <Correlation />
      <Execution ProcessID="444" ThreadID="2024" />
      <Channel>System</Channel>
      <Computer>WIN-77LTAPHIQ1R.example.corp</Computer>
      <Security UserID="S-1-5-21-1587066498-1489273250-1035260531-1108" />
    </System>
    <EventData>
      <Data Name="ServiceName">spoolsv</Data>
      <Data Name="ImagePath">cmd.exe</Data>
      <Data Name="ServiceType">user mode service</Data>
      <Data Name="StartType">auto start</Data>
      <Data Name="AccountName">LocalSystem</Data>
    </EventData>
  </Event>
  <Event xmlns="http://schemas.microsoft.com/win/2004/08/events/event">
    <System>
      <Provider Name="Service Control Manager" Guid="{555908d1-a6d7-4695-8e1e-26931d2012f4}" EventSourceName="Service Control Manager" />
      <EventID Qualifiers="16384">7045</EventID>
      <Version>0</Version>
      <Level>4</Level>
      <Task>0</Task>
      <Opcode>0</Opcode>
      <Keywords>0x8080000000000000</Keywords>
      <TimeCreated SystemTime="2019-03-19T00:41:29.008933900Z" />
      <EventRecordID>6045</EventRecordID>
      <Correlation />
      <Execution ProcessID="444" ThreadID="2308" />
      <Channel>System</Channel>
      <Computer>WIN-77LTAPHIQ1R.example.corp</Computer>
      <Security UserID="S-1-5-21-1587066498-1489273250-1035260531-500" />
    </System>
    <EventData>
      <Data Name="ServiceName">remotesvc</Data>
      <Data Name="ImagePath">calc.exe</Data>
      <Data Name="ServiceType">user mode service</Data>
      <Data Name="StartType">auto start</Data>
      <Data Name="AccountName">LocalSystem</Data>
    </EventData>
  </Event>
</root>