<root>
  <Event xmlns="http://schemas.microsoft.com/win/2004/08/events/event">
    <System>
      <Provider Name="Microsoft-Windows-Security-Auditing" Guid="{54849625-5478-4994-A5BA-3E3B0328C30D}" />
      <EventID>5145</EventID>
      <Version>0</Version>
      <Level>0</Level>
      <Task>12811</Task>
      <Opcode>0</Opcode>
      <Keywords>0x8020000000000000</Keywords>
      <TimeCreated SystemTime="2019-03-19T00:41:28.961628800Z" />
      <EventRecordID>568342</EventRecordID>
      <Correlation />
      <Execution ProcessID="452" ThreadID="460" />
      <Channel>Security</Channel>
      <Computer>WIN-77LTAPHIQ1R.example.corp</Computer>
      <Security />
    </System>
    <EventData>
      <Data Name="SubjectUserSid">S-1-5-21-1587066498-1489273250-1035260531-500</Data>
      <Data Name="SubjectUserName">Administrator</Data>
      <Data Name="SubjectDomainName">EXAMPLE</Data>
      <Data Name="SubjectLogonId">0x197dfa</Data>
      <Data Name="ObjectType">File</Data>
      <Data Name="IpAddress">10.0.2.17</Data>
      <Data Name="IpPort">49230</Data>
      <Data Name="ShareName">\\*\IPC$</Data>
      <Data Name="ShareLocalPath">
      </Data>
      <Data Name="RelativeTargetName">svcctl</Data>
      <Data Name="AccessMask">0x12019f</Data>
      <Data Name="AccessList">%%1538
				%%1541
				%%4416
				%%4417
				%%4418
				%%4419
				%%4420
				%%4423
				%%4424
				</Data>
      <Data Name="AccessReason">-</Data>
    </EventData>
  </Event>
</root>