<root>
  <Event xmlns="http://schemas.microsoft.com/win/2004/08/events/event">
    <System>
      <Provider Name="Microsoft-Windows-Eventlog" Guid="{fc65ddd8-d6ef-4962-83d5-6e5cfe9ce148}" />
      <EventID>1102</EventID>
      <Version>0</Version>
      <Level>4</Level>
      <Task>104</Task>
      <Opcode>0</Opcode>
      <Keywords>0x4020000000000000</Keywords>
      <TimeCreated SystemTime="2019-03-19T00:02:00.383090300Z" />
      <EventRecordID>566821</EventRecordID>
      <Correlation />
      <Execution ProcessID="780" ThreadID="3480" />
      <Channel>Security</Channel>
      <Computer>WIN-77LTAPHIQ1R.example.corp</Computer>
      <Security />
    </System>
    <UserData>
      <LogFileCleared xmlns="http://manifests.microsoft.com/win/2004/08/windows/eventlog">
        <SubjectUserSid>S-1-5-21-1587066498-1489273250-1035260531-500</SubjectUserSid>
        <SubjectUserName>administrator</SubjectUserName>
        <SubjectDomainName>EXAMPLE</SubjectDomainName>
        <SubjectLogonId>0x4fd77</SubjectLogonId>
      </LogFileCleared>
    </UserData>
  </Event>
  <Event xmlns="http://schemas.microsoft.com/win/2004/08/events/event">
    <System>
      <Provider Name="Microsoft-Windows-Security-Auditing" Guid="{54849625-5478-4994-A5BA-3E3B0328C30D}" />
      <EventID>4624</EventID>
      <Version>1</Version>
      <Level>0</Level>
      <Task>12544</Task>
      <Opcode>0</Opcode>
      <Keywords>0x8020000000000000</Keywords>
      <TimeCreated SystemTime="2019-03-19T00:02:04.179623800Z" />
      <EventRecordID>566823</EventRecordID>
      <Correlation />
      <Execution ProcessID="452" ThreadID="2836" />
      <Channel>Security</Channel>
      <Computer>WIN-77LTAPHIQ1R.example.corp</Computer>
      <Security />
    </System>
    <EventData>
      <Data Name="SubjectUserSid">S-1-0-0</Data>
      <Data Name="SubjectUserName">-</Data>
      <Data Name="SubjectDomainName">-</Data>
      <Data Name="SubjectLogonId">0x0</Data>
      <Data Name="TargetUserSid">S-1-5-7</Data>
      <Data Name="TargetUserName">ANONYMOUS LOGON</Data>
      <Data Name="TargetDomainName">NT AUTHORITY</Data>
      <Data Name="TargetLogonId">0x17e29a</Data>
      <Data Name="LogonType">3</Data>
      <Data Name="LogonProcessName">NtLmSsp </Data>
      <Data Name="AuthenticationPackageName">NTLM</Data>
      <Data Name="WorkstationName">NULL</Data>
      <Data Name="LogonGuid">{00000000-0000-0000-0000-000000000000}</Data>
      <Data Name="TransmittedServices">-</Data>
      <Data Name="LmPackageName">NTLM V1</Data>
      <Data Name="KeyLength">128</Data>
      <Data Name="ProcessId">0x0</Data>
      <Data Name="ProcessName">-</Data>
      <Data Name="IpAddress">10.0.2.17</Data>
      <Data Name="IpPort">49236</Data>
      <Data Name="ImpersonationLevel">%%1833</Data>
    </EventData>
  </Event>
  <Event xmlns="http://schemas.microsoft.com/win/2004/08/events/event">
    <System>
      <Provider Name="Microsoft-Windows-Security-Auditing" Guid="{54849625-5478-4994-A5BA-3E3B0328C30D}" />
      <EventID>4776</EventID>
      <Version>0</Version>
      <Level>0</Level>
      <Task>14336</Task>
      <Opcode>0</Opcode>
      <Keywords>0x8020000000000000</Keywords>
      <TimeCreated SystemTime="2019-03-19T00:02:04.210688000Z" />
      <EventRecordID>566824</EventRecordID>
      <Correlation />
      <Execution ProcessID="452" ThreadID="2836" />
      <Channel>Security</Channel>
      <Computer>WIN-77LTAPHIQ1R.example.corp</Computer>
      <Security />
    </System>
    <EventData>
      <Data Name="PackageName">MICROSOFT_AUTHENTICATION_PACKAGE_V1_0</Data>
      <Data Name="TargetUserName">administrator</Data>
      <Data Name="Workstation">
      </Data>
      <Data Name="Status">0x0</Data>
    </EventData>
  </Event>
  <Event xmlns="http://schemas.microsoft.com/win/2004/08/events/event">
    <System>
      <Provider Name="Microsoft-Windows-Security-Auditing" Guid="{54849625-5478-4994-A5BA-3E3B0328C30D}" />
      <EventID>4672</EventID>
      <Version>0</Version>
      <Level>0</Level>
      <Task>12548</Task>
      <Opcode>0</Opcode>
      <Keywords>0x8020000000000000</Keywords>
      <TimeCreated SystemTime="2019-03-19T00:02:04.210688000Z" />
      <EventRecordID>566825</EventRecordID>
      <Correlation />
      <Execution ProcessID="452" ThreadID="2836" />
      <Channel>Security</Channel>
      <Computer>WIN-77LTAPHIQ1R.example.corp</Computer>
      <Security />
    </System>
    <EventData>
      <Data Name="SubjectUserSid">S-1-5-21-1587066498-1489273250-1035260531-500</Data>
      <Data Name="SubjectUserName">Administrator</Data>
      <Data Name="SubjectDomainName">EXAMPLE</Data>
      <Data Name="SubjectLogonId">0x17e2aa</Data>
      <Data Name="PrivilegeList">SeSecurityPrivilege
			SeBackupPrivilege
			SeRestorePrivilege
			SeTakeOwnershipPrivilege
			SeDebugPrivilege
			SeSystemEnvironmentPrivilege
			SeLoadDriverPrivilege
			SeImpersonatePrivilege
			SeEnableDelegationPrivilege</Data>
    </EventData>
  </Event>
  <Event xmlns="http://schemas.microsoft.com/win/2004/08/events/event">
    <System>
      <Provider Name="Microsoft-Windows-Security-Auditing" Guid="{54849625-5478-4994-A5BA-3E3B0328C30D}" />
      <EventID>4624</EventID>
      <Version>1</Version>
      <Level>0</Level>
      <Task>12544</Task>
      <Opcode>0</Opcode>
      <Keywords>0x8020000000000000</Keywords>
      <TimeCreated SystemTime="2019-03-19T00:02:04.210688000Z" />
      <EventRecordID>566826</EventRecordID>
      <Correlation />
      <Execution ProcessID="452" ThreadID="2836" />
      <Channel>Security</Channel>
      <Computer>WIN-77LTAPHIQ1R.example.corp</Computer>
      <Security />
    </System>
    <EventData>
      <Data Name="SubjectUserSid">S-1-0-0</Data>
      <Data Name="SubjectUserName">-</Data>
      <Data Name="SubjectDomainName">-</Data>
      <Data Name="SubjectLogonId">0x0</Data>
      <Data Name="TargetUserSid">S-1-5-21-1587066498-1489273250-1035260531-500</Data>
      <Data Name="TargetUserName">Administrator</Data>
      <Data Name="TargetDomainName">EXAMPLE</Data>
      <Data Name="TargetLogonId">0x17e2aa</Data>
      <Data Name="LogonType">3</Data>
      <Data Name="LogonProcessName">NtLmSsp </Data>
      <Data Name="AuthenticationPackageName">NTLM</Data>
      <Data Name="WorkstationName">
      </Data>
      <Data Name="LogonGuid">{00000000-0000-0000-0000-000000000000}</Data>
      <Data Name="TransmittedServices">-</Data>
      <Data Name="LmPackageName">NTLM V2</Data>
      <Data Name="KeyLength">128</Data>
      <Data Name="ProcessId">0x0</Data>
      <Data Name="ProcessName">-</Data>
      <Data Name="IpAddress">10.0.2.17</Data>
      <Data Name="IpPort">49236</Data>
      <Data Name="ImpersonationLevel">%%1833</Data>
    </EventData>
  </Event>
  <Event xmlns="http://schemas.microsoft.com/win/2004/08/events/event">
    <System>
      <Provider Name="Microsoft-Windows-Security-Auditing" Guid="{54849625-5478-4994-A5BA-3E3B0328C30D}" />
      <EventID>4776</EventID>
      <Version>0</Version>
      <Level>0</Level>
      <Task>14336</Task>
      <Opcode>0</Opcode>
      <Keywords>0x8020000000000000</Keywords>
      <TimeCreated SystemTime="2019-03-19T00:02:04.226251100Z" />
      <EventRecordID>566828</EventRecordID>
      <Correlation />
      <Execution ProcessID="452" ThreadID="2836" />
      <Channel>Security</Channel>
      <Computer>WIN-77LTAPHIQ1R.example.corp</Computer>
      <Security />
    </System>
    <EventData>
      <Data Name="PackageName">MICROSOFT_AUTHENTICATION_PACKAGE_V1_0</Data>
      <Data Name="TargetUserName">administrator</Data>
      <Data Name="Workstation">
      </Data>
      <Data Name="Status">0x0</Data>
    </EventData>
  </Event>
  <Event xmlns="http://schemas.microsoft.com/win/2004/08/events/event">
    <System>
      <Provider Name="Microsoft-Windows-Security-Auditing" Guid="{54849625-5478-4994-A5BA-3E3B0328C30D}" />
      <EventID>4672</EventID>
      <Version>0</Version>
      <Level>0</Level>
      <Task>12548</Task>
      <Opcode>0</Opcode>
      <Keywords>0x8020000000000000</Keywords>
      <TimeCreated SystemTime="2019-03-19T00:02:04.226251100Z" />
      <EventRecordID>566829</EventRecordID>
      <Correlation />
      <Execution ProcessID="452" ThreadID="2836" />
      <Channel>Security</Channel>
      <Computer>WIN-77LTAPHIQ1R.example.corp</Computer>
      <Security />
    </System>
    <EventData>
      <Data Name="SubjectUserSid">S-1-5-21-1587066498-1489273250-1035260531-500</Data>
      <Data Name="SubjectUserName">Administrator</Data>
      <Data Name="SubjectDomainName">EXAMPLE</Data>
      <Data Name="SubjectLogonId">0x17e2c0</Data>
      <Data Name="PrivilegeList">SeSecurityPrivilege
			SeBackupPrivilege
			SeRestorePrivilege
			SeTakeOwnershipPrivilege
			SeDebugPrivilege
			SeSystemEnvironmentPrivilege
			SeLoadDriverPrivilege
			SeImpersonatePrivilege
			SeEnableDelegationPrivilege</Data>
    </EventData>
  </Event>
  <Event xmlns="http://schemas.microsoft.com/win/2004/08/events/event">
    <System>
      <Provider Name="Microsoft-Windows-Security-Auditing" Guid="{54849625-5478-4994-A5BA-3E3B0328C30D}" />
      <EventID>4624</EventID>
      <Version>1</Version>
      <Level>0</Level>
      <Task>12544</Task>
      <Opcode>0</Opcode>
      <Keywords>0x8020000000000000</Keywords>
      <TimeCreated SystemTime="2019-03-19T00:02:04.226251100Z" />
      <EventRecordID>566830</EventRecordID>
      <Correlation />
      <Execution ProcessID="452" ThreadID="2836" />
      <Channel>Security</Channel>
      <Computer>WIN-77LTAPHIQ1R.example.corp</Computer>
      <Security />
    </System>
    <EventData>
      <Data Name="SubjectUserSid">S-1-0-0</Data>
      <Data Name="SubjectUserName">-</Data>
      <Data Name="SubjectDomainName">-</Data>
      <Data Name="SubjectLogonId">0x0</Data>
      <Data Name="TargetUserSid">S-1-5-21-1587066498-1489273250-1035260531-500</Data>
      <Data Name="TargetUserName">Administrator</Data>
      <Data Name="TargetDomainName">EXAMPLE</Data>
      <Data Name="TargetLogonId">0x17e2c0</Data>
      <Data Name="LogonType">3</Data>
      <Data Name="LogonProcessName">NtLmSsp </Data>
      <Data Name="AuthenticationPackageName">NTLM</Data>
      <Data Name="WorkstationName">
      </Data>
      <Data Name="LogonGuid">{00000000-0000-0000-0000-000000000000}</Data>
      <Data Name="TransmittedServices">-</Data>
      <Data Name="LmPackageName">NTLM V2</Data>
      <Data Name="KeyLength">128</Data>
      <Data Name="ProcessId">0x0</Data>
      <Data Name="ProcessName">-</Data>
      <Data Name="IpAddress">10.0.2.17</Data>
      <Data Name="IpPort">49237</Data>
      <Data Name="ImpersonationLevel">%%1833</Data>
    </EventData>
  </Event>
  <Event xmlns="http://schemas.microsoft.com/win/2004/08/events/event">
    <System>
      <Provider Name="Microsoft-Windows-Security-Auditing" Guid="{54849625-5478-4994-A5BA-3E3B0328C30D}" />
      <EventID>5140</EventID>
      <Version>1</Version>
      <Level>0</Level>
      <Task>12808</Task>
      <Opcode>0</Opcode>
      <Keywords>0x8020000000000000</Keywords>
      <TimeCreated SystemTime="2019-03-19T00:02:04.226251100Z" />
      <EventRecordID>566831</EventRecordID>
      <Correlation />
      <Execution ProcessID="4" ThreadID="3812" />
      <Channel>Security</Channel>
      <Computer>WIN-77LTAPHIQ1R.example.corp</Computer>
      <Security />
    </System>
    <EventData>
      <Data Name="SubjectUserSid">S-1-5-21-1587066498-1489273250-1035260531-500</Data>
      <Data Name="SubjectUserName">Administrator</Data>
      <Data Name="SubjectDomainName">EXAMPLE</Data>
      <Data Name="SubjectLogonId">0x17e2c0</Data>
      <Data Name="ObjectType">File</Data>
      <Data Name="IpAddress">10.0.2.17</Data>
      <Data Name="IpPort">49237</Data>
      <Data Name="ShareName">\\*\IPC$</Data>
      <Data Name="ShareLocalPath">
      </Data>
      <Data Name="AccessMask">0x1</Data>
      <Data Name="AccessList">%%4416
				</Data>
    </EventData>
  </Event>
  <Event xmlns="http://schemas.microsoft.com/win/2004/08/events/event">
    <System>
      <Provider Name="Microsoft-Windows-Security-Auditing" Guid="{54849625-5478-4994-A5BA-3E3B0328C30D}" />
      <EventID>5145</EventID>
      <Version>0</Version>
      <Level>0</Level>
      <Task>12811</Task>
      <Opcode>0</Opcode>
      <Keywords>0x8020000000000000</Keywords>
      <TimeCreated SystemTime="2019-03-19T00:02:04.241919600Z" />
      <EventRecordID>566832</EventRecordID>
      <Correlation />
      <Execution ProcessID="452" ThreadID="460" />
      <Channel>Security</Channel>
      <Computer>WIN-77LTAPHIQ1R.example.corp</Computer>
      <Security />
    </System>
    <EventData>
      <Data Name="SubjectUserSid">S-1-5-21-1587066498-1489273250-1035260531-500</Data>
      <Data Name="SubjectUserName">Administrator</Data>
      <Data Name="SubjectDomainName">EXAMPLE</Data>
      <Data Name="SubjectLogonId">0x17e2c0</Data>
      <Data Name="ObjectType">File</Data>
      <Data Name="IpAddress">10.0.2.17</Data>
      <Data Name="IpPort">49237</Data>
      <Data Name="ShareName">\\*\IPC$</Data>
      <Data Name="ShareLocalPath">
      </Data>
      <Data Name="RelativeTargetName">atsvc</Data>
      <Data Name="AccessMask">0x3</Data>
      <Data Name="AccessList">%%4416
				%%4417
				</Data>
      <Data Name="AccessReason">-</Data>
    </EventData>
  </Event>
  <Event xmlns="http://schemas.microsoft.com/win/2004/08/events/event">
    <System>
      <Provider Name="Microsoft-Windows-Security-Auditing" Guid="{54849625-5478-4994-A5BA-3E3B0328C30D}" />
      <EventID>4776</EventID>
      <Version>0</Version>
      <Level>0</Level>
      <Task>14336</Task>
      <Opcode>0</Opcode>
      <Keywords>0x8020000000000000</Keywords>
      <TimeCreated SystemTime="2019-03-19T00:02:04.257778100Z" />
      <EventRecordID>566833</EventRecordID>
      <Correlation />
      <Execution ProcessID="452" ThreadID="2836" />
      <Channel>Security</Channel>
      <Computer>WIN-77LTAPHIQ1R.example.corp</Computer>
      <Security />
    </System>
    <EventData>
      <Data Name="PackageName">MICROSOFT_AUTHENTICATION_PACKAGE_V1_0</Data>
      <Data Name="TargetUserName">administrator</Data>
      <Data Name="Workstation">
      </Data>
      <Data Name="Status">0x0</Data>
    </EventData>
  </Event>
  <Event xmlns="http://schemas.microsoft.com/win/2004/08/events/event">
    <System>
      <Provider Name="Microsoft-Windows-Security-Auditing" Guid="{54849625-5478-4994-A5BA-3E3B0328C30D}" />
      <EventID>4672</EventID>
      <Version>0</Version>
      <Level>0</Level>
      <Task>12548</Task>
      <Opcode>0</Opcode>
      <Keywords>0x8020000000000000</Keywords>
      <TimeCreated SystemTime="2019-03-19T00:02:04.257778100Z" />
      <EventRecordID>566834</EventRecordID>
      <Correlation />
      <Execution ProcessID="452" ThreadID="2836" />
      <Channel>Security</Channel>
      <Computer>WIN-77LTAPHIQ1R.example.corp</Computer>
      <Security />
    </System>
    <EventData>
      <Data Name="SubjectUserSid">S-1-5-21-1587066498-1489273250-1035260531-500</Data>
      <Data Name="SubjectUserName">Administrator</Data>
      <Data Name="SubjectDomainName">EXAMPLE</Data>
      <Data Name="SubjectLogonId">0x17e2d2</Data>
      <Data Name="PrivilegeList">SeSecurityPrivilege
			SeBackupPrivilege
			SeRestorePrivilege
			SeTakeOwnershipPrivilege
			SeDebugPrivilege
			SeSystemEnvironmentPrivilege
			SeLoadDriverPrivilege
			SeImpersonatePrivilege
			SeEnableDelegationPrivilege</Data>
    </EventData>
  </Event>
  <Event xmlns="http://schemas.microsoft.com/win/2004/08/events/event">
    <System>
      <Provider Name="Microsoft-Windows-Security-Auditing" Guid="{54849625-5478-4994-A5BA-3E3B0328C30D}" />
      <EventID>4624</EventID>
      <Version>1</Version>
      <Level>0</Level>
      <Task>12544</Task>
      <Opcode>0</Opcode>
      <Keywords>0x8020000000000000</Keywords>
      <TimeCreated SystemTime="2019-03-19T00:02:04.257778100Z" />
      <EventRecordID>566835</EventRecordID>
      <Correlation />
      <Execution ProcessID="452" ThreadID="2836" />
      <Channel>Security</Channel>
      <Computer>WIN-77LTAPHIQ1R.example.corp</Computer>
      <Security />
    </System>
    <EventData>
      <Data Name="SubjectUserSid">S-1-0-0</Data>
      <Data Name="SubjectUserName">-</Data>
      <Data Name="SubjectDomainName">-</Data>
      <Data Name="SubjectLogonId">0x0</Data>
      <Data Name="TargetUserSid">S-1-5-21-1587066498-1489273250-1035260531-500</Data>
      <Data Name="TargetUserName">Administrator</Data>
      <Data Name="TargetDomainName">EXAMPLE</Data>
      <Data Name="TargetLogonId">0x17e2d2</Data>
      <Data Name="LogonType">3</Data>
      <Data Name="LogonProcessName">NtLmSsp </Data>
      <Data Name="AuthenticationPackageName">NTLM</Data>
      <Data Name="WorkstationName">
      </Data>
      <Data Name="LogonGuid">{00000000-0000-0000-0000-000000000000}</Data>
      <Data Name="TransmittedServices">-</Data>
      <Data Name="LmPackageName">NTLM V2</Data>
      <Data Name="KeyLength">128</Data>
      <Data Name="ProcessId">0x0</Data>
      <Data Name="ProcessName">-</Data>
      <Data Name="IpAddress">-</Data>
      <Data Name="IpPort">-</Data>
      <Data Name="ImpersonationLevel">%%1833</Data>
    </EventData>
  </Event>
  <Event xmlns="http://schemas.microsoft.com/win/2004/08/events/event">
    <System>
      <Provider Name="Microsoft-Windows-Security-Auditing" Guid="{54849625-5478-4994-A5BA-3E3B0328C30D}" />
      <EventID>4698</EventID>
      <Version>0</Version>
      <Level>0</Level>
      <Task>12804</Task>
      <Opcode>0</Opcode>
      <Keywords>0x8020000000000000</Keywords>
      <TimeCreated SystemTime="2019-03-19T00:02:04.319945200Z" />
      <EventRecordID>566836</EventRecordID>
      <Correlation />
      <Execution ProcessID="452" ThreadID="2836" />
      <Channel>Security</Channel>
      <Computer>WIN-77LTAPHIQ1R.example.corp</Computer>
      <Security />
    </System>
    <EventData>
      <Data Name="SubjectUserSid">S-1-5-21-1587066498-1489273250-1035260531-500</Data>
      <Data Name="SubjectUserName">Administrator</Data>
      <Data Name="SubjectDomainName">EXAMPLE</Data>
      <Data Name="SubjectLogonId">0x17e2d2</Data>
      <Data Name="TaskName">\CYAlyNSS</Data>
      <Data Name="TaskContent">&lt;?xml version="1.0" encoding="UTF-16"?&gt;
&lt;Task version="1.2" xmlns="http://schemas.microsoft.com/windows/2004/02/mit/task"&gt;
  &lt;Triggers&gt;
    &lt;CalendarTrigger&gt;
      &lt;StartBoundary&gt;2015-07-15T20:35:13.2757294&lt;/StartBoundary&gt;
      &lt;Enabled&gt;true&lt;/Enabled&gt;
      &lt;ScheduleByDay&gt;
        &lt;DaysInterval&gt;1&lt;/DaysInterval&gt;
      &lt;/ScheduleByDay&gt;
    &lt;/CalendarTrigger&gt;
  &lt;/Triggers&gt;
  &lt;Principals&gt;
    &lt;Principal id="LocalSystem"&gt;
      &lt;UserId&gt;S-1-5-18&lt;/UserId&gt;
      &lt;RunLevel&gt;HighestAvailable&lt;/RunLevel&gt;
      &lt;LogonType&gt;InteractiveToken&lt;/LogonType&gt;
    &lt;/Principal&gt;
  &lt;/Principals&gt;
  &lt;Settings&gt;
    &lt;MultipleInstancesPolicy&gt;IgnoreNew&lt;/MultipleInstancesPolicy&gt;
    &lt;DisallowStartIfOnBatteries&gt;false&lt;/DisallowStartIfOnBatteries&gt;
    &lt;StopIfGoingOnBatteries&gt;false&lt;/StopIfGoingOnBatteries&gt;
    &lt;AllowHardTerminate&gt;true&lt;/AllowHardTerminate&gt;
    &lt;RunOnlyIfNetworkAvailable&gt;false&lt;/RunOnlyIfNetworkAvailable&gt;
    &lt;IdleSettings&gt;
      &lt;StopOnIdleEnd&gt;true&lt;/StopOnIdleEnd&gt;
      &lt;RestartOnIdle&gt;false&lt;/RestartOnIdle&gt;
    &lt;/IdleSettings&gt;
    &lt;AllowStartOnDemand&gt;true&lt;/AllowStartOnDemand&gt;
    &lt;Enabled&gt;true&lt;/Enabled&gt;
    &lt;Hidden&gt;true&lt;/Hidden&gt;
    &lt;RunOnlyIfIdle&gt;false&lt;/RunOnlyIfIdle&gt;
    &lt;WakeToRun&gt;false&lt;/WakeToRun&gt;
    &lt;ExecutionTimeLimit&gt;P3D&lt;/ExecutionTimeLimit&gt;
    &lt;Priority&gt;7&lt;/Priority&gt;
  &lt;/Settings&gt;
  &lt;Actions Context="LocalSystem"&gt;
    &lt;Exec&gt;
      &lt;Command&gt;cmd.exe&lt;/Command&gt;
      &lt;Arguments&gt;/C tasklist &amp;gt; %windir%\Temp\CYAlyNSS.tmp 2&amp;gt;&amp;amp;1&lt;/Arguments&gt;
    &lt;/Exec&gt;
  &lt;/Actions&gt;
&lt;/Task&gt;</Data>
    </EventData>
  </Event>
  <Event xmlns="http://schemas.microsoft.com/win/2004/08/events/event">
    <System>
      <Provider Name="Microsoft-Windows-Security-Auditing" Guid="{54849625-5478-4994-A5BA-3E3B0328C30D}" />
      <EventID>4688</EventID>
      <Version>1</Version>
      <Level>0</Level>
      <Task>13312</Task>
      <Opcode>0</Opcode>
      <Keywords>0x8020000000000000</Keywords>
      <TimeCreated SystemTime="2019-03-19T00:02:04.319945200Z" />
      <EventRecordID>566837</EventRecordID>
      <Correlation />
      <Execution ProcessID="4" ThreadID="3812" />
      <Channel>Security</Channel>
      <Computer>WIN-77LTAPHIQ1R.example.corp</Computer>
      <Security />
    </System>
    <EventData>
      <Data Name="SubjectUserSid">S-1-5-18</Data>
      <Data Name="SubjectUserName">WIN-77LTAPHIQ1R$</Data>
      <Data Name="SubjectDomainName">EXAMPLE</Data>
      <Data Name="SubjectLogonId">0x3e7</Data>
      <Data Name="NewProcessId">0xbcc</Data>
      <Data Name="NewProcessName">C:\Windows\System32\cmd.exe</Data>
      <Data Name="TokenElevationType">%%1936</Data>
      <Data Name="ProcessId">0x33c</Data>
      <Data Name="CommandLine">
      </Data>
    </EventData>
  </Event>
  <Event xmlns="http://schemas.microsoft.com/win/2004/08/events/event">
    <System>
      <Provider Name="Microsoft-Windows-Security-Auditing" Guid="{54849625-5478-4994-A5BA-3E3B0328C30D}" />
      <EventID>4688</EventID>
      <Version>1</Version>
      <Level>0</Level>
      <Task>13312</Task>
      <Opcode>0</Opcode>
      <Keywords>0x8020000000000000</Keywords>
      <TimeCreated SystemTime="2019-03-19T00:02:04.335561600Z" />
      <EventRecordID>566838</EventRecordID>
      <Correlation />
      <Execution ProcessID="4" ThreadID="3812" />
      <Channel>Security</Channel>
      <Computer>WIN-77LTAPHIQ1R.example.corp</Computer>
      <Security />
    </System>
    <EventData>
      <Data Name="SubjectUserSid">S-1-5-18</Data>
      <Data Name="SubjectUserName">WIN-77LTAPHIQ1R$</Data>
      <Data Name="SubjectDomainName">EXAMPLE</Data>
      <Data Name="SubjectLogonId">0x3e7</Data>
      <Data Name="NewProcessId">0xebc</Data>
      <Data Name="NewProcessName">C:\Windows\System32\conhost.exe</Data>
      <Data Name="TokenElevationType">%%1936</Data>
      <Data Name="ProcessId">0xbcc</Data>
      <Data Name="CommandLine">
      </Data>
    </EventData>
  </Event>
  <Event xmlns="http://schemas.microsoft.com/win/2004/08/events/event">
    <System>
      <Provider Name="Microsoft-Windows-Security-Auditing" Guid="{54849625-5478-4994-A5BA-3E3B0328C30D}" />
      <EventID>4688</EventID>
      <Version>1</Version>
      <Level>0</Level>
      <Task>13312</Task>
      <Opcode>0</Opcode>
      <Keywords>0x8020000000000000</Keywords>
      <TimeCreated SystemTime="2019-03-19T00:02:04.335561600Z" />
      <EventRecordID>566839</EventRecordID>
      <Correlation />
      <Execution ProcessID="4" ThreadID="3812" />
      <Channel>Security</Channel>
      <Computer>WIN-77LTAPHIQ1R.example.corp</Computer>
      <Security />
    </System>
    <EventData>
      <Data Name="SubjectUserSid">S-1-5-18</Data>
      <Data Name="SubjectUserName">WIN-77LTAPHIQ1R$</Data>
      <Data Name="SubjectDomainName">EXAMPLE</Data>
      <Data Name="SubjectLogonId">0x3e7</Data>
      <Data Name="NewProcessId">0x970</Data>
      <Data Name="NewProcessName">C:\Windows\System32\tasklist.exe</Data>
      <Data Name="TokenElevationType">%%1936</Data>
      <Data Name="ProcessId">0xbcc</Data>
      <Data Name="CommandLine">
      </Data>
    </EventData>
  </Event>
  <Event xmlns="http://schemas.microsoft.com/win/2004/08/events/event">
    <System>
      <Provider Name="Microsoft-Windows-Security-Auditing" Guid="{54849625-5478-4994-A5BA-3E3B0328C30D}" />
      <EventID>4699</EventID>
      <Version>0</Version>
      <Level>0</Level>
      <Task>12804</Task>
      <Opcode>0</Opcode>
      <Keywords>0x8020000000000000</Keywords>
      <TimeCreated SystemTime="2019-03-19T00:02:04.351252700Z" />
      <EventRecordID>566840</EventRecordID>
      <Correlation />
      <Execution ProcessID="452" ThreadID="2836" />
      <Channel>Security</Channel>
      <Computer>WIN-77LTAPHIQ1R.example.corp</Computer>
      <Security />
    </System>
    <EventData>
      <Data Name="SubjectUserSid">S-1-5-21-1587066498-1489273250-1035260531-500</Data>
      <Data Name="SubjectUserName">Administrator</Data>
      <Data Name="SubjectDomainName">EXAMPLE</Data>
      <Data Name="SubjectLogonId">0x17e2d2</Data>
      <Data Name="TaskName">\CYAlyNSS</Data>
      <Data Name="TaskContent">&lt;?xml version="1.0" encoding="UTF-16"?&gt;
&lt;Task version="1.2" xmlns="http://schemas.microsoft.com/windows/2004/02/mit/task"&gt;
  &lt;Triggers&gt;
    &lt;CalendarTrigger&gt;
      &lt;StartBoundary&gt;2015-07-15T20:35:13.2757294&lt;/StartBoundary&gt;
      &lt;Enabled&gt;true&lt;/Enabled&gt;
      &lt;ScheduleByDay&gt;
        &lt;DaysInterval&gt;1&lt;/DaysInterval&gt;
      &lt;/ScheduleByDay&gt;
    &lt;/CalendarTrigger&gt;
  &lt;/Triggers&gt;
  &lt;Principals&gt;
    &lt;Principal id="LocalSystem"&gt;
      &lt;UserId&gt;S-1-5-18&lt;/UserId&gt;
      &lt;RunLevel&gt;HighestAvailable&lt;/RunLevel&gt;
      &lt;LogonType&gt;InteractiveToken&lt;/LogonType&gt;
    &lt;/Principal&gt;
  &lt;/Principals&gt;
  &lt;Settings&gt;
    &lt;MultipleInstancesPolicy&gt;IgnoreNew&lt;/MultipleInstancesPolicy&gt;
    &lt;DisallowStartIfOnBatteries&gt;false&lt;/DisallowStartIfOnBatteries&gt;
    &lt;StopIfGoingOnBatteries&gt;false&lt;/StopIfGoingOnBatteries&gt;
    &lt;AllowHardTerminate&gt;true&lt;/AllowHardTerminate&gt;
    &lt;RunOnlyIfNetworkAvailable&gt;false&lt;/RunOnlyIfNetworkAvailable&gt;
    &lt;IdleSettings&gt;
      &lt;StopOnIdleEnd&gt;true&lt;/StopOnIdleEnd&gt;
      &lt;RestartOnIdle&gt;false&lt;/RestartOnIdle&gt;
    &lt;/IdleSettings&gt;
    &lt;AllowStartOnDemand&gt;true&lt;/AllowStartOnDemand&gt;
    &lt;Enabled&gt;true&lt;/Enabled&gt;
    &lt;Hidden&gt;true&lt;/Hidden&gt;
    &lt;RunOnlyIfIdle&gt;false&lt;/RunOnlyIfIdle&gt;
    &lt;WakeToRun&gt;false&lt;/WakeToRun&gt;
    &lt;ExecutionTimeLimit&gt;P3D&lt;/ExecutionTimeLimit&gt;
    &lt;Priority&gt;7&lt;/Priority&gt;
  &lt;/Settings&gt;
  &lt;Actions Context="LocalSystem"&gt;
    &lt;Exec&gt;
      &lt;Command&gt;cmd.exe&lt;/Command&gt;
      &lt;Arguments&gt;/C tasklist &amp;gt; %windir%\Temp\CYAlyNSS.tmp 2&amp;gt;&amp;amp;1&lt;/Arguments&gt;
    &lt;/Exec&gt;
  &lt;/Actions&gt;
&lt;/Task&gt;</Data>
    </EventData>
  </Event>
  <Event xmlns="http://schemas.microsoft.com/win/2004/08/events/event">
    <System>
      <Provider Name="Microsoft-Windows-Security-Auditing" Guid="{54849625-5478-4994-A5BA-3E3B0328C30D}" />
      <EventID>5140</EventID>
      <Version>1</Version>
      <Level>0</Level>
      <Task>12808</Task>
      <Opcode>0</Opcode>
      <Keywords>0x8020000000000000</Keywords>
      <TimeCreated SystemTime="2019-03-19T00:02:04.367441000Z" />
      <EventRecordID>566841</EventRecordID>
      <Correlation />
      <Execution ProcessID="4" ThreadID="3812" />
      <Channel>Security</Channel>
      <Computer>WIN-77LTAPHIQ1R.example.corp</Computer>
      <Security />
    </System>
    <EventData>
      <Data Name="SubjectUserSid">S-1-5-21-1587066498-1489273250-1035260531-500</Data>
      <Data Name="SubjectUserName">Administrator</Data>
      <Data Name="SubjectDomainName">EXAMPLE</Data>
      <Data Name="SubjectLogonId">0x17e2c0</Data>
      <Data Name="ObjectType">File</Data>
      <Data Name="IpAddress">10.0.2.17</Data>
      <Data Name="IpPort">49237</Data>
      <Data Name="ShareName">\\*\ADMIN$</Data>
      <Data Name="ShareLocalPath">\??\C:\Windows</Data>
      <Data Name="AccessMask">0x1</Data>
      <Data Name="AccessList">%%4416
				</Data>
    </EventData>
  </Event>
  <Event xmlns="http://schemas.microsoft.com/win/2004/08/events/event">
    <System>
      <Provider Name="Microsoft-Windows-Security-Auditing" Guid="{54849625-5478-4994-A5BA-3E3B0328C30D}" />
      <EventID>5145</EventID>
      <Version>0</Version>
      <Level>0</Level>
      <Task>12811</Task>
      <Opcode>0</Opcode>
      <Keywords>0x8020000000000000</Keywords>
      <TimeCreated SystemTime="2019-03-19T00:02:04.398153300Z" />
      <EventRecordID>566842</EventRecordID>
      <Correlation />
      <Execution ProcessID="452" ThreadID="460" />
      <Channel>Security</Channel>
      <Computer>WIN-77LTAPHIQ1R.example.corp</Computer>
      <Security />
    </System>
    <EventData>
      <Data Name="SubjectUserSid">S-1-5-21-1587066498-1489273250-1035260531-500</Data>
      <Data Name="SubjectUserName">Administrator</Data>
      <Data Name="SubjectDomainName">EXAMPLE</Data>
      <Data Name="SubjectLogonId">0x17e2c0</Data>
      <Data Name="ObjectType">File</Data>
      <Data Name="IpAddress">10.0.2.17</Data>
      <Data Name="IpPort">49237</Data>
      <Data Name="ShareName">\\*\ADMIN$</Data>
      <Data Name="ShareLocalPath">\??\C:\Windows</Data>
      <Data Name="RelativeTargetName">Temp\CYAlyNSS.tmp</Data>
      <Data Name="AccessMask">0x1</Data>
      <Data Name="AccessList">%%4416
				</Data>
      <Data Name="AccessReason">-</Data>
    </EventData>
  </Event>
  <Event xmlns="http://schemas.microsoft.com/win/2004/08/events/event">
    <System>
      <Provider Name="Microsoft-Windows-Security-Auditing" Guid="{54849625-5478-4994-A5BA-3E3B0328C30D}" />
      <EventID>5145</EventID>
      <Version>0</Version>
      <Level>0</Level>
      <Task>12811</Task>
      <Opcode>0</Opcode>
      <Keywords>0x8020000000000000</Keywords>
      <TimeCreated SystemTime="2019-03-19T00:02:04.398153300Z" />
      <EventRecordID>566843</EventRecordID>
      <Correlation />
      <Execution ProcessID="452" ThreadID="460" />
      <Channel>Security</Channel>
      <Computer>WIN-77LTAPHIQ1R.example.corp</Computer>
      <Security />
    </System>
    <EventData>
      <Data Name="SubjectUserSid">S-1-5-21-1587066498-1489273250-1035260531-500</Data>
      <Data Name="SubjectUserName">Administrator</Data>
      <Data Name="SubjectDomainName">EXAMPLE</Data>
      <Data Name="SubjectLogonId">0x17e2c0</Data>
      <Data Name="ObjectType">File</Data>
      <Data Name="IpAddress">10.0.2.17</Data>
      <Data Name="IpPort">49237</Data>
      <Data Name="ShareName">\\*\ADMIN$</Data>
      <Data Name="ShareLocalPath">\??\C:\Windows</Data>
      <Data Name="RelativeTargetName">Temp\CYAlyNSS.tmp</Data>
      <Data Name="AccessMask">0x1</Data>
      <Data Name="AccessList">%%4416
				</Data>
      <Data Name="AccessReason">-</Data>
    </EventData>
  </Event>
  <Event xmlns="http://schemas.microsoft.com/win/2004/08/events/event">
    <System>
      <Provider Name="Microsoft-Windows-Security-Auditing" Guid="{54849625-5478-4994-A5BA-3E3B0328C30D}" />
      <EventID>4688</EventID>
      <Version>1</Version>
      <Level>0</Level>
      <Task>13312</Task>
      <Opcode>0</Opcode>
      <Keywords>0x8020000000000000</Keywords>
      <TimeCreated SystemTime="2019-03-19T00:02:04.398153300Z" />
      <EventRecordID>566844</EventRecordID>
      <Correlation />
      <Execution ProcessID="4" ThreadID="1676" />
      <Channel>Security</Channel>
      <Computer>WIN-77LTAPHIQ1R.example.corp</Computer>
      <Security />
    </System>
    <EventData>
      <Data Name="SubjectUserSid">S-1-5-18</Data>
      <Data Name="SubjectUserName">WIN-77LTAPHIQ1R$</Data>
      <Data Name="SubjectDomainName">EXAMPLE</Data>
      <Data Name="SubjectLogonId">0x3e7</Data>
      <Data Name="NewProcessId">0x3b4</Data>
      <Data Name="NewProcessName">C:\Windows\System32\wbem\WmiPrvSE.exe</Data>
      <Data Name="TokenElevationType">%%1936</Data>
      <Data Name="ProcessId">0x248</Data>
      <Data Name="CommandLine">
      </Data>
    </EventData>
  </Event>
  <Event xmlns="http://schemas.microsoft.com/win/2004/08/events/event">
    <System>
      <Provider Name="Microsoft-Windows-Security-Auditing" Guid="{54849625-5478-4994-A5BA-3E3B0328C30D}" />
      <EventID>5140</EventID>
      <Version>1</Version>
      <Level>0</Level>
      <Task>12808</Task>
      <Opcode>0</Opcode>
      <Keywords>0x8020000000000000</Keywords>
      <TimeCreated SystemTime="2019-03-19T00:02:07.430210300Z" />
      <EventRecordID>566845</EventRecordID>
      <Correlation />
      <Execution ProcessID="4" ThreadID="1676" />
      <Channel>Security</Channel>
      <Computer>WIN-77LTAPHIQ1R.example.corp</Computer>
      <Security />
    </System>
    <EventData>
      <Data Name="SubjectUserSid">S-1-5-21-1587066498-1489273250-1035260531-500</Data>
      <Data Name="SubjectUserName">Administrator</Data>
      <Data Name="SubjectDomainName">EXAMPLE</Data>
      <Data Name="SubjectLogonId">0x17e2c0</Data>
      <Data Name="ObjectType">File</Data>
      <Data Name="IpAddress">10.0.2.17</Data>
      <Data Name="IpPort">49237</Data>
      <Data Name="ShareName">\\*\ADMIN$</Data>
      <Data Name="ShareLocalPath">\??\C:\Windows</Data>
      <Data Name="AccessMask">0x1</Data>
      <Data Name="AccessList">%%4416
				</Data>
    </EventData>
  </Event>
  <Event xmlns="http://schemas.microsoft.com/win/2004/08/events/event">
    <System>
      <Provider Name="Microsoft-Windows-Security-Auditing" Guid="{54849625-5478-4994-A5BA-3E3B0328C30D}" />
      <EventID>5145</EventID>
      <Version>0</Version>
      <Level>0</Level>
      <Task>12811</Task>
      <Opcode>0</Opcode>
      <Keywords>0x8020000000000000</Keywords>
      <TimeCreated SystemTime="2019-03-19T00:02:07.445773400Z" />
      <EventRecordID>566846</EventRecordID>
      <Correlation />
      <Execution ProcessID="452" ThreadID="460" />
      <Channel>Security</Channel>
      <Computer>WIN-77LTAPHIQ1R.example.corp</Computer>
      <Security />
    </System>
    <EventData>
      <Data Name="SubjectUserSid">S-1-5-21-1587066498-1489273250-1035260531-500</Data>
      <Data Name="SubjectUserName">Administrator</Data>
      <Data Name="SubjectDomainName">EXAMPLE</Data>
      <Data Name="SubjectLogonId">0x17e2c0</Data>
      <Data Name="ObjectType">File</Data>
      <Data Name="IpAddress">10.0.2.17</Data>
      <Data Name="IpPort">49237</Data>
      <Data Name="ShareName">\\*\ADMIN$</Data>
      <Data Name="ShareLocalPath">\??\C:\Windows</Data>
      <Data Name="RelativeTargetName">Temp\CYAlyNSS.tmp</Data>
      <Data Name="AccessMask">0x1</Data>
      <Data Name="AccessList">%%4416
				</Data>
      <Data Name="AccessReason">-</Data>
    </EventData>
  </Event>
  <Event xmlns="http://schemas.microsoft.com/win/2004/08/events/event">
    <System>
      <Provider Name="Microsoft-Windows-Security-Auditing" Guid="{54849625-5478-4994-A5BA-3E3B0328C30D}" />
      <EventID>5140</EventID>
      <Version>1</Version>
      <Level>0</Level>
      <Task>12808</Task>
      <Opcode>0</Opcode>
      <Keywords>0x8020000000000000</Keywords>
      <TimeCreated SystemTime="2019-03-19T00:02:07.508324100Z" />
      <EventRecordID>566847</EventRecordID>
      <Correlation />
      <Execution ProcessID="4" ThreadID="1676" />
      <Channel>Security</Channel>
      <Computer>WIN-77LTAPHIQ1R.example.corp</Computer>
      <Security />
    </System>
    <EventData>
      <Data Name="SubjectUserSid">S-1-5-21-1587066498-1489273250-1035260531-500</Data>
      <Data Name="SubjectUserName">Administrator</Data>
      <Data Name="SubjectDomainName">EXAMPLE</Data>
      <Data Name="SubjectLogonId">0x17e2c0</Data>
      <Data Name="ObjectType">File</Data>
      <Data Name="IpAddress">10.0.2.17</Data>
      <Data Name="IpPort">49237</Data>
      <Data Name="ShareName">\\*\ADMIN$</Data>
      <Data Name="ShareLocalPath">\??\C:\Windows</Data>
      <Data Name="AccessMask">0x1</Data>
      <Data Name="AccessList">%%4416
				</Data>
    </EventData>
  </Event>
  <Event xmlns="http://schemas.microsoft.com/win/2004/08/events/event">
    <System>
      <Provider Name="Microsoft-Windows-Security-Auditing" Guid="{54849625-5478-4994-A5BA-3E3B0328C30D}" />
      <EventID>5145</EventID>
      <Version>0</Version>
      <Level>0</Level>
      <Task>12811</Task>
      <Opcode>0</Opcode>
      <Keywords>0x8020000000000000</Keywords>
      <TimeCreated SystemTime="2019-03-19T00:02:07.523676700Z" />
      <EventRecordID>566848</EventRecordID>
      <Correlation />
      <Execution ProcessID="452" ThreadID="460" />
      <Channel>Security</Channel>
      <Computer>WIN-77LTAPHIQ1R.example.corp</Computer>
      <Security />
    </System>
    <EventData>
      <Data Name="SubjectUserSid">S-1-5-21-1587066498-1489273250-1035260531-500</Data>
      <Data Name="SubjectUserName">Administrator</Data>
      <Data Name="SubjectDomainName">EXAMPLE</Data>
      <Data Name="SubjectLogonId">0x17e2c0</Data>
      <Data Name="ObjectType">File</Data>
      <Data Name="IpAddress">10.0.2.17</Data>
      <Data Name="IpPort">49237</Data>
      <Data Name="ShareName">\\*\ADMIN$</Data>
      <Data Name="ShareLocalPath">\??\C:\Windows</Data>
      <Data Name="RelativeTargetName">Temp\CYAlyNSS.tmp</Data>
      <Data Name="AccessMask">0x10080</Data>
      <Data Name="AccessList">%%1537
				%%4423
				</Data>
      <Data Name="AccessReason">-</Data>
    </EventData>
  </Event>
  <Event xmlns="http://schemas.microsoft.com/win/2004/08/events/event">
    <System>
      <Provider Name="Microsoft-Windows-Security-Auditing" Guid="{54849625-5478-4994-A5BA-3E3B0328C30D}" />
      <EventID>4776</EventID>
      <Version>0</Version>
      <Level>0</Level>
      <Task>14336</Task>
      <Opcode>0</Opcode>
      <Keywords>0x8020000000000000</Keywords>
      <TimeCreated SystemTime="2019-03-19T00:02:16.835958900Z" />
      <EventRecordID>566853</EventRecordID>
      <Correlation />
      <Execution ProcessID="452" ThreadID="76" />
      <Channel>Security</Channel>
      <Computer>WIN-77LTAPHIQ1R.example.corp</Computer>
      <Security />
    </System>
    <EventData>
      <Data Name="PackageName">MICROSOFT_AUTHENTICATION_PACKAGE_V1_0</Data>
      <Data Name="TargetUserName">Administrator</Data>
      <Data Name="Workstation">WIN-77LTAPHIQ1R</Data>
      <Data Name="Status">0x0</Data>
    </EventData>
  </Event>
  <Event xmlns="http://schemas.microsoft.com/win/2004/08/events/event">
    <System>
      <Provider Name="Microsoft-Windows-Security-Auditing" Guid="{54849625-5478-4994-A5BA-3E3B0328C30D}" />
      <EventID>4661</EventID>
      <Version>0</Version>
      <Level>0</Level>
      <Task>12803</Task>
      <Opcode>0</Opcode>
      <Keywords>0x8020000000000000</Keywords>
      <TimeCreated SystemTime="2019-03-19T00:02:17.117342700Z" />
      <EventRecordID>566854</EventRecordID>
      <Correlation />
      <Execution ProcessID="452" ThreadID="460" />
      <Channel>Security</Channel>
      <Computer>WIN-77LTAPHIQ1R.example.corp</Computer>
      <Security />
    </System>
    <EventData>
      <Data Name="SubjectUserSid">S-1-5-21-1587066498-1489273250-1035260531-500</Data>
      <Data Name="SubjectUserName">administrator</Data>
      <Data Name="SubjectDomainName">EXAMPLE</Data>
      <Data Name="SubjectLogonId">0x4fd77</Data>
      <Data Name="ObjectServer">Security Account Manager</Data>
      <Data Name="ObjectType">SAM_DOMAIN</Data>
      <Data Name="ObjectName">DC=example,DC=corp</Data>
      <Data Name="HandleId">0x14c7b8ab0</Data>
      <Data Name="TransactionId">{00000000-0000-0000-0000-000000000000}</Data>
      <Data Name="AccessList">%%1537
				%%1538
				%%1539
				%%1540
				%%5392
				%%5393
				%%5394
				%%5395
				%%5396
				%%5397
				%%5398
				%%5399
				%%5400
				</Data>
      <Data Name="AccessMask">0x2d</Data>
      <Data Name="PrivilegeList">?-</Data>
      <Data Name="Properties">---
	{19195a5a-6da0-11d0-afd3-00c04fd930c9}
%%1537
%%1538
%%1539
%%1540
%%5392
%%5393
%%5394
%%5395
%%5396
%%5397
%%5398
%%5399
%%5400
		{c7407360-20bf-11d0-a768-00aa006e0529}
			{bf9679a4-0de6-11d0-a285-00aa003049e2}
			{bf9679a5-0de6-11d0-a285-00aa003049e2}
			{bf9679a6-0de6-11d0-a285-00aa003049e2}
			{bf9679bb-0de6-11d0-a285-00aa003049e2}
			{bf9679c2-0de6-11d0-a285-00aa003049e2}
			{bf9679c3-0de6-11d0-a285-00aa003049e2}
			{bf967a09-0de6-11d0-a285-00aa003049e2}
			{bf967a0b-0de6-11d0-a285-00aa003049e2}
		{b8119fd0-04f6-4762-ab7a-4986c76b3f9a}
			{bf967a34-0de6-11d0-a285-00aa003049e2}
			{bf967a33-0de6-11d0-a285-00aa003049e2}
			{bf9679c5-0de6-11d0-a285-00aa003049e2}
			{bf967a61-0de6-11d0-a285-00aa003049e2}
			{bf967977-0de6-11d0-a285-00aa003049e2}
			{bf96795e-0de6-11d0-a285-00aa003049e2}
			{bf9679ea-0de6-11d0-a285-00aa003049e2}
		{ab721a52-1e2f-11d0-9819-00aa0040529b}
</Data>
      <Data Name="RestrictedSidCount">0</Data>
      <Data Name="ProcessId">0x1c4</Data>
      <Data Name="ProcessName">C:\Windows\System32\lsass.exe</Data>
    </EventData>
  </Event>
  <Event xmlns="http://schemas.microsoft.com/win/2004/08/events/event">
    <System>
      <Provider Name="Microsoft-Windows-Security-Auditing" Guid="{54849625-5478-4994-A5BA-3E3B0328C30D}" />
      <EventID>4661</EventID>
      <Version>0</Version>
      <Level>0</Level>
      <Task>12803</Task>
      <Opcode>0</Opcode>
      <Keywords>0x8020000000000000</Keywords>
      <TimeCreated SystemTime="2019-03-19T00:02:17.117342700Z" />
      <EventRecordID>566855</EventRecordID>
      <Correlation />
      <Execution ProcessID="452" ThreadID="460" />
      <Channel>Security</Channel>
      <Computer>WIN-77LTAPHIQ1R.example.corp</Computer>
      <Security />
    </System>
    <EventData>
      <Data Name="SubjectUserSid">S-1-5-21-1587066498-1489273250-1035260531-500</Data>
      <Data Name="SubjectUserName">administrator</Data>
      <Data Name="SubjectDomainName">EXAMPLE</Data>
      <Data Name="SubjectLogonId">0x4fd77</Data>
      <Data Name="ObjectServer">Security Account Manager</Data>
      <Data Name="ObjectType">SAM_DOMAIN</Data>
      <Data Name="ObjectName">CN=Builtin,DC=example,DC=corp</Data>
      <Data Name="HandleId">0x14c7b6630</Data>
      <Data Name="TransactionId">{00000000-0000-0000-0000-000000000000}</Data>
      <Data Name="AccessList">%%1537
				%%1538
				%%1539
				%%1540
				%%5392
				%%5393
				%%5394
				%%5395
				%%5396
				%%5397
				%%5398
				%%5399
				%%5400
				</Data>
      <Data Name="AccessMask">0x2d</Data>
      <Data Name="PrivilegeList">?-</Data>
      <Data Name="Properties">---
	{19195a5a-6da0-11d0-afd3-00c04fd930c9}
%%1537
%%1538
%%1539
%%1540
%%5392
%%5393
%%5394
%%5395
%%5396
%%5397
%%5398
%%5399
%%5400
		{c7407360-20bf-11d0-a768-00aa006e0529}
			{bf9679a4-0de6-11d0-a285-00aa003049e2}
			{bf9679a5-0de6-11d0-a285-00aa003049e2}
			{bf9679a6-0de6-11d0-a285-00aa003049e2}
			{bf9679bb-0de6-11d0-a285-00aa003049e2}
			{bf9679c2-0de6-11d0-a285-00aa003049e2}
			{bf9679c3-0de6-11d0-a285-00aa003049e2}
			{bf967a09-0de6-11d0-a285-00aa003049e2}
			{bf967a0b-0de6-11d0-a285-00aa003049e2}
		{b8119fd0-04f6-4762-ab7a-4986c76b3f9a}
			{bf967a34-0de6-11d0-a285-00aa003049e2}
			{bf967a33-0de6-11d0-a285-00aa003049e2}
			{bf9679c5-0de6-11d0-a285-00aa003049e2}
			{bf967a61-0de6-11d0-a285-00aa003049e2}
			{bf967977-0de6-11d0-a285-00aa003049e2}
			{bf96795e-0de6-11d0-a285-00aa003049e2}
			{bf9679ea-0de6-11d0-a285-00aa003049e2}
		{ab721a52-1e2f-11d0-9819-00aa0040529b}
</Data>
      <Data Name="RestrictedSidCount">0</Data>
      <Data Name="ProcessId">0x1c4</Data>
      <Data Name="ProcessName">C:\Windows\System32\lsass.exe</Data>
    </EventData>
  </Event>
  <Event xmlns="http://schemas.microsoft.com/win/2004/08/events/event">
    <System>
      <Provider Name="Microsoft-Windows-Security-Auditing" Guid="{54849625-5478-4994-A5BA-3E3B0328C30D}" />
      <EventID>4661</EventID>
      <Version>0</Version>
      <Level>0</Level>
      <Task>12803</Task>
      <Opcode>0</Opcode>
      <Keywords>0x8020000000000000</Keywords>
      <TimeCreated SystemTime="2019-03-19T00:02:17.117342700Z" />
      <EventRecordID>566862</EventRecordID>
      <Correlation />
      <Execution ProcessID="452" ThreadID="460" />
      <Channel>Security</Channel>
      <Computer>WIN-77LTAPHIQ1R.example.corp</Computer>
      <Security />
    </System>
    <EventData>
      <Data Name="SubjectUserSid">S-1-5-21-1587066498-1489273250-1035260531-500</Data>
      <Data Name="SubjectUserName">administrator</Data>
      <Data Name="SubjectDomainName">EXAMPLE</Data>
      <Data Name="SubjectLogonId">0x4fd77</Data>
      <Data Name="ObjectServer">Security Account Manager</Data>
      <Data Name="ObjectType">SAM_USER</Data>
      <Data Name="ObjectName">S-1-5-21-1587066498-1489273250-1035260531-500</Data>
      <Data Name="HandleId">0x14c7b93d0</Data>
      <Data Name="TransactionId">{00000000-0000-0000-0000-000000000000}</Data>
      <Data Name="AccessList">%%1537
				%%1538
				%%1539
				%%1540
				%%5440
				%%5441
				%%5442
				%%5443
				%%5444
				%%5445
				%%5447
				%%5448
				</Data>
      <Data Name="AccessMask">0x2d</Data>
      <Data Name="PrivilegeList">?-</Data>
      <Data Name="Properties">---
	{bf967aba-0de6-11d0-a285-00aa003049e2}
%%1537
%%1538
%%1539
%%1540
%%5440
%%5441
%%5442
%%5443
%%5444
%%5445
%%5447
%%5448
		{59ba2f42-79a2-11d0-9020-00c04fc2d3cf}
			{bf967938-0de6-11d0-a285-00aa003049e2}
			{5fd42471-1262-11d0-a060-00aa006c33ed}
			{bf9679e8-0de6-11d0-a285-00aa003049e2}
			{bf967a00-0de6-11d0-a285-00aa003049e2}
			{3e0abfd0-126a-11d0-a060-00aa006c33ed}
			{bf967a6a-0de6-11d0-a285-00aa003049e2}
			{bf967953-0de6-11d0-a285-00aa003049e2}
		{4c164200-20c0-11d0-a768-00aa006e0529}
			{bf967915-0de6-11d0-a285-00aa003049e2}
			{bf967a0a-0de6-11d0-a285-00aa003049e2}
			{bf967a68-0de6-11d0-a285-00aa003049e2}
			{bf967a6d-0de6-11d0-a285-00aa003049e2}
		{5f202010-79a5-11d0-9020-00c04fc2d4cf}
			{bf96792e-0de6-11d0-a285-00aa003049e2}
			{bf967985-0de6-11d0-a285-00aa003049e2}
			{bf967986-0de6-11d0-a285-00aa003049e2}
			{bf967996-0de6-11d0-a285-00aa003049e2}
			{bf967997-0de6-11d0-a285-00aa003049e2}
			{bf9679aa-0de6-11d0-a285-00aa003049e2}
			{bf9679ab-0de6-11d0-a285-00aa003049e2}
			{bf9679ac-0de6-11d0-a285-00aa003049e2}
			{bf967a05-0de6-11d0-a285-00aa003049e2}
			{bf9679a8-0de6-11d0-a285-00aa003049e2}
		{e48d0154-bcf8-11d1-8702-00c04fb96050}
			{bf967950-0de6-11d0-a285-00aa003049e2}
		{bc0ac240-79a9-11d0-9020-00c04fc2d4cf}
			{bf967991-0de6-11d0-a285-00aa003049e2}
		{ab721a53-1e2f-11d0-9819-00aa0040529b}
		{00299570-246d-11d0-a768-00aa006e0529}
		{7ed84960-ad10-11d0-8a92-00aa006e0529}
</Data>
      <Data Name="RestrictedSidCount">0</Data>
      <Data Name="ProcessId">0x1c4</Data>
      <Data Name="ProcessName">C:\Windows\System32\lsass.exe</Data>
    </EventData>
  </Event>
  <Event xmlns="http://schemas.microsoft.com/win/2004/08/events/event">
    <System>
      <Provider Name="Microsoft-Windows-Security-Auditing" Guid="{54849625-5478-4994-A5BA-3E3B0328C30D}" />
      <EventID>4672</EventID>
      <Version>0</Version>
      <Level>0</Level>
      <Task>12548</Task>
      <Opcode>0</Opcode>
      <Keywords>0x8020000000000000</Keywords>
      <TimeCreated SystemTime="2019-03-19T00:02:21.460919700Z" />
      <EventRecordID>566888</EventRecordID>
      <Correlation />
      <Execution ProcessID="452" ThreadID="696" />
      <Channel>Security</Channel>
      <Computer>WIN-77LTAPHIQ1R.example.corp</Computer>
      <Security />
    </System>
    <EventData>
      <Data Name="SubjectUserSid">S-1-5-18</Data>
      <Data Name="SubjectUserName">WIN-77LTAPHIQ1R$</Data>
      <Data Name="SubjectDomainName">EXAMPLE</Data>
      <Data Name="SubjectLogonId">0x184212</Data>
      <Data Name="PrivilegeList">SeSecurityPrivilege
			SeBackupPrivilege
			SeRestorePrivilege
			SeTakeOwnershipPrivilege
			SeDebugPrivilege
			SeSystemEnvironmentPrivilege
			SeLoadDriverPrivilege
			SeImpersonatePrivilege
			SeEnableDelegationPrivilege</Data>
    </EventData>
  </Event>
  <Event xmlns="http://schemas.microsoft.com/win/2004/08/events/event">
    <System>
      <Provider Name="Microsoft-Windows-Security-Auditing" Guid="{54849625-5478-4994-A5BA-3E3B0328C30D}" />
      <EventID>4624</EventID>
      <Version>1</Version>
      <Level>0</Level>
      <Task>12544</Task>
      <Opcode>0</Opcode>
      <Keywords>0x8020000000000000</Keywords>
      <TimeCreated SystemTime="2019-03-19T00:02:21.460919700Z" />
      <EventRecordID>566889</EventRecordID>
      <Correlation />
      <Execution ProcessID="452" ThreadID="696" />
      <Channel>Security</Channel>
      <Computer>WIN-77LTAPHIQ1R.example.corp</Computer>
      <Security />
    </System>
    <EventData>
      <Data Name="SubjectUserSid">S-1-0-0</Data>
      <Data Name="SubjectUserName">-</Data>
      <Data Name="SubjectDomainName">-</Data>
      <Data Name="SubjectLogonId">0x0</Data>
      <Data Name="TargetUserSid">S-1-5-18</Data>
      <Data Name="TargetUserName">WIN-77LTAPHIQ1R$</Data>
      <Data Name="TargetDomainName">EXAMPLE</Data>
      <Data Name="TargetLogonId">0x184212</Data>
      <Data Name="LogonType">3</Data>
      <Data Name="LogonProcessName">Kerberos</Data>
      <Data Name="AuthenticationPackageName">Kerberos</Data>
      <Data Name="WorkstationName">
      </Data>
      <Data Name="LogonGuid">{5FDB15EE-2283-F23C-E23B-5E5DDB11BB9C}</Data>
      <Data Name="TransmittedServices">-</Data>
      <Data Name="LmPackageName">-</Data>
      <Data Name="KeyLength">0</Data>
      <Data Name="ProcessId">0x0</Data>
      <Data Name="ProcessName">-</Data>
      <Data Name="IpAddress">::1</Data>
      <Data Name="IpPort">56033</Data>
      <Data Name="ImpersonationLevel">%%1833</Data>
    </EventData>
  </Event>
  <Event xmlns="http://schemas.microsoft.com/win/2004/08/events/event">
    <System>
      <Provider Name="Microsoft-Windows-Security-Auditing" Guid="{54849625-5478-4994-A5BA-3E3B0328C30D}" />
      <EventID>4672</EventID>
      <Version>0</Version>
      <Level>0</Level>
      <Task>12548</Task>
      <Opcode>0</Opcode>
      <Keywords>0x8020000000000000</Keywords>
      <TimeCreated SystemTime="2019-03-19T00:02:21.929554500Z" />
      <EventRecordID>566893</EventRecordID>
      <Correlation />
      <Execution ProcessID="452" ThreadID="696" />
      <Channel>Security</Channel>
      <Computer>WIN-77LTAPHIQ1R.example.corp</Computer>
      <Security />
    </System>
    <EventData>
      <Data Name="SubjectUserSid">S-1-5-18</Data>
      <Data Name="SubjectUserName">WIN-77LTAPHIQ1R$</Data>
      <Data Name="SubjectDomainName">EXAMPLE</Data>
      <Data Name="SubjectLogonId">0x18423d</Data>
      <Data Name="PrivilegeList">SeSecurityPrivilege
			SeBackupPrivilege
			SeRestorePrivilege
			SeTakeOwnershipPrivilege
			SeDebugPrivilege
			SeSystemEnvironmentPrivilege
			SeLoadDriverPrivilege
			SeImpersonatePrivilege
			SeEnableDelegationPrivilege</Data>
    </EventData>
  </Event>
  <Event xmlns="http://schemas.microsoft.com/win/2004/08/events/event">
    <System>
      <Provider Name="Microsoft-Windows-Security-Auditing" Guid="{54849625-5478-4994-A5BA-3E3B0328C30D}" />
      <EventID>4624</EventID>
      <Version>1</Version>
      <Level>0</Level>
      <Task>12544</Task>
      <Opcode>0</Opcode>
      <Keywords>0x8020000000000000</Keywords>
      <TimeCreated SystemTime="2019-03-19T00:02:21.929554500Z" />
      <EventRecordID>566894</EventRecordID>
      <Correlation />
      <Execution ProcessID="452" ThreadID="696" />
      <Channel>Security</Channel>
      <Computer>WIN-77LTAPHIQ1R.example.corp</Computer>
      <Security />
    </System>
    <EventData>
      <Data Name="SubjectUserSid">S-1-0-0</Data>
      <Data Name="SubjectUserName">-</Data>
      <Data Name="SubjectDomainName">-</Data>
      <Data Name="SubjectLogonId">0x0</Data>
      <Data Name="TargetUserSid">S-1-5-18</Data>
      <Data Name="TargetUserName">WIN-77LTAPHIQ1R$</Data>
      <Data Name="TargetDomainName">EXAMPLE</Data>
      <Data Name="TargetLogonId">0x18423d</Data>
      <Data Name="LogonType">3</Data>
      <Data Name="LogonProcessName">Kerberos</Data>
      <Data Name="AuthenticationPackageName">Kerberos</Data>
      <Data Name="WorkstationName">
      </Data>
      <Data Name="LogonGuid">{5FDB15EE-2283-F23C-E23B-5E5DDB11BB9C}</Data>
      <Data Name="TransmittedServices">-</Data>
      <Data Name="LmPackageName">-</Data>
      <Data Name="KeyLength">0</Data>
      <Data Name="ProcessId">0x0</Data>
      <Data Name="ProcessName">-</Data>
      <Data Name="IpAddress">fe80::79bf:8ee2:433c:2567</Data>
      <Data Name="IpPort">56034</Data>
      <Data Name="ImpersonationLevel">%%1840</Data>
    </EventData>
  </Event>
</root>