<root>
  <Event xmlns="http://schemas.microsoft.com/win/2004/08/events/event">
    <System>
      <Provider Name="Microsoft-Windows-Sysmon" Guid="{5770385F-C22A-43E0-BF4C-06F5698FFBD9}" />
      <EventID>11</EventID>
      <Version>2</Version>
      <Level>4</Level>
      <Task>11</Task>
      <Opcode>0</Opcode>
      <Keywords>0x8000000000000000</Keywords>
      <TimeCreated SystemTime="2019-05-14T14:03:45.100850200Z" />
      <EventRecordID>31144</EventRecordID>
      <Correlation />
      <Execution ProcessID="1580" ThreadID="2324" />
      <Channel>Microsoft-Windows-Sysmon/Operational</Channel>
      <Computer>alice.insecurebank.local</Computer>
      <Security UserID="S-1-5-18" />
    </System>
    <EventData>
      <Data Name="RuleName">
      </Data>
      <Data Name="UtcTime">2019-05-14 14:03:45.073</Data>
      <Data Name="ProcessGuid">{ECAD0485-CA56-5CDA-0000-00102DE71000}</Data>
      <Data Name="ProcessId">3596</Data>
      <Data Name="Image">C:\Windows\system32\RunDll32.exe</Data>
      <Data Name="TargetFilename">C:\ProgramData\Microsoft\Windows\WER\ReportQueue\AppCrash_sysmon.exe_10b542d1f1b162e715ed4ef4ccd38dc6e1393c_7bfbbfce_09c49153\Report.wer.tmp</Data>
      <Data Name="CreationUtcTime">2019-05-14 14:03:45.071</Data>
    </EventData>
  </Event>
  <Event xmlns="http://schemas.microsoft.com/win/2004/08/events/event">
    <System>
      <Provider Name="Microsoft-Windows-Sysmon" Guid="{5770385F-C22A-43E0-BF4C-06F5698FFBD9}" />
      <EventID>11</EventID>
      <Version>2</Version>
      <Level>4</Level>
      <Task>11</Task>
      <Opcode>0</Opcode>
      <Keywords>0x8000000000000000</Keywords>
      <TimeCreated SystemTime="2019-05-14T14:04:05.697491100Z" />
      <EventRecordID>31145</EventRecordID>
      <Correlation />
      <Execution ProcessID="1580" ThreadID="2324" />
      <Channel>Microsoft-Windows-Sysmon/Operational</Channel>
      <Computer>alice.insecurebank.local</Computer>
      <Security UserID="S-1-5-18" />
    </System>
    <EventData>
      <Data Name="RuleName">
      </Data>
      <Data Name="UtcTime">2019-05-14 14:04:05.696</Data>
      <Data Name="ProcessGuid">{ECAD0485-C903-5CDA-0000-0010340F1000}</Data>
      <Data Name="ProcessId">2580</Data>
      <Data Name="Image">C:\Windows\system32\mstsc.exe</Data>
      <Data Name="TargetFilename">C:\Users\administrator\AppData\Roaming\Microsoft\Windows\Start Menu\Programs\Startup\cmd.exe</Data>
      <Data Name="CreationUtcTime">2019-05-14 13:55:57.243</Data>
    </EventData>
  </Event>
  <Event xmlns="http://schemas.microsoft.com/win/2004/08/events/event">
    <System>
      <Provider Name="Microsoft-Windows-Sysmon" Guid="{5770385F-C22A-43E0-BF4C-06F5698FFBD9}" />
      <EventID>11</EventID>
      <Version>2</Version>
      <Level>4</Level>
      <Task>11</Task>
      <Opcode>0</Opcode>
      <Keywords>0x8000000000000000</Keywords>
      <TimeCreated SystemTime="2019-05-14T14:04:06.339356900Z" />
      <EventRecordID>31146</EventRecordID>
      <Correlation />
      <Execution ProcessID="1580" ThreadID="2324" />
      <Channel>Microsoft-Windows-Sysmon/Operational</Channel>
      <Computer>alice.insecurebank.local</Computer>
      <Security UserID="S-1-5-18" />
    </System>
    <EventData>
      <Data Name="RuleName">
      </Data>
      <Data Name="UtcTime">2019-05-14 14:04:06.310</Data>
      <Data Name="ProcessGuid">{ECAD0485-CA56-5CDA-0000-00102DE71000}</Data>
      <Data Name="ProcessId">3596</Data>
      <Data Name="Image">C:\Windows\system32\RunDll32.exe</Data>
      <Data Name="TargetFilename">C:\ProgramData\Microsoft\Windows\WER\ReportQueue\AppCrash_sysmon.exe_10b542d1f1b162e715ed4ef4ccd38dc6e1393c_7bfbbfce_09cc920e\Report.wer.tmp</Data>
      <Data Name="CreationUtcTime">2019-05-14 14:04:06.309</Data>
    </EventData>
  </Event>
  <Event xmlns="http://schemas.microsoft.com/win/2004/08/events/event">
    <System>
      <Provider Name="Microsoft-Windows-Sysmon" Guid="{5770385F-C22A-43E0-BF4C-06F5698FFBD9}" />
      <EventID>11</EventID>
      <Version>2</Version>
      <Level>4</Level>
      <Task>11</Task>
      <Opcode>0</Opcode>
      <Keywords>0x8000000000000000</Keywords>
      <TimeCreated SystemTime="2019-05-14T14:04:28.860777600Z" />
      <EventRecordID>31147</EventRecordID>
      <Correlation />
      <Execution ProcessID="1580" ThreadID="2324" />
      <Channel>Microsoft-Windows-Sysmon/Operational</Channel>
      <Computer>alice.insecurebank.local</Computer>
      <Security UserID="S-1-5-18" />
    </System>
    <EventData>
      <Data Name="RuleName">
      </Data>
      <Data Name="UtcTime">2019-05-14 14:04:28.849</Data>
      <Data Name="ProcessGuid">{ECAD0485-CA56-5CDA-0000-00102DE71000}</Data>
      <Data Name="ProcessId">3596</Data>
      <Data Name="Image">C:\Windows\system32\RunDll32.exe</Data>
      <Data Name="TargetFilename">C:\ProgramData\Microsoft\Windows\WER\ReportQueue\AppCrash_sysmon.exe_10b542d1f1b162e715ed4ef4ccd38dc6e1393c_7bfbbfce_09e09039\Report.wer.tmp</Data>
      <Data Name="CreationUtcTime">2019-05-14 14:04:28.849</Data>
    </EventData>
  </Event>
</root>