<root>
  <Event xmlns="http://schemas.microsoft.com/win/2004/08/events/event">
    <System>
      <Provider Name="Microsoft-Windows-Sysmon" Guid="{5770385F-C22A-43E0-BF4C-06F5698FFBD9}" />
      <EventID>1</EventID>
      <Version>5</Version>
      <Level>4</Level>
      <Task>1</Task>
      <Opcode>0</Opcode>
      <Keywords>0x8000000000000000</Keywords>
      <TimeCreated SystemTime="2019-05-16T01:31:36.426870700Z" />
      <EventRecordID>17984</EventRecordID>
      <Correlation />
      <Execution ProcessID="1792" ThreadID="2232" />
      <Channel>Microsoft-Windows-Sysmon/Operational</Channel>
      <Computer>DC1.insecurebank.local</Computer>
      <Security UserID="S-1-5-18" />
    </System>
    <EventData>
      <Data Name="RuleName">
      </Data>
      <Data Name="UtcTime">2019-05-16 01:31:36.408</Data>
      <Data Name="ProcessGuid">{DFAE8213-BD78-5CDC-0000-0010C7FE1200}</Data>
      <Data Name="ProcessId">3948</Data>
      <Data Name="Image">C:\Windows\System32\winrshost.exe</Data>
      <Data Name="FileVersion">6.3.9600.17415 (winblue_r4.141028-1500)</Data>
      <Data Name="Description">Host Process for WinRM's Remote Shell plugin</Data>
      <Data Name="Product">Microsoft« Windows« Operating System</Data>
      <Data Name="Company">Microsoft Corporation</Data>
      <Data Name="CommandLine">C:\Windows\system32\WinrsHost.exe -Embedding</Data>
      <Data Name="CurrentDirectory">C:\Windows\system32\</Data>
      <Data Name="User">insecurebank\Administrator</Data>
      <Data Name="LogonGuid">{DFAE8213-BD78-5CDC-0000-002005FE1200}</Data>
      <Data Name="LogonId">0x12fe05</Data>
      <Data Name="TerminalSessionId">0</Data>
      <Data Name="IntegrityLevel">High</Data>
      <Data Name="Hashes">SHA1=E25A9835F02E2149C6153DA3DF3D680BA7442B37,MD5=C4FFB616FE5B81E61F70073732CBBB81,SHA256=8142A15194183BAB9FE1967ABD0961D633D6030D3753099A67150F9C4AB6D4FB,IMPHASH=C92CADF837D82C0615FEC138C16A9D40</Data>
      <Data Name="ParentProcessGuid">{DFAE8213-BB19-5CDC-0000-001003760000}</Data>
      <Data Name="ParentProcessId">580</Data>
      <Data Name="ParentImage">C:\Windows\System32\svchost.exe</Data>
      <Data Name="ParentCommandLine">C:\Windows\system32\svchost.exe -k DcomLaunch</Data>
    </EventData>
  </Event>
  <Event xmlns="http://schemas.microsoft.com/win/2004/08/events/event">
    <System>
      <Provider Name="Microsoft-Windows-Sysmon" Guid="{5770385F-C22A-43E0-BF4C-06F5698FFBD9}" />
      <EventID>1</EventID>
      <Version>5</Version>
      <Level>4</Level>
      <Task>1</Task>
      <Opcode>0</Opcode>
      <Keywords>0x8000000000000000</Keywords>
      <TimeCreated SystemTime="2019-05-16T01:31:36.454892300Z" />
      <EventRecordID>17985</EventRecordID>
      <Correlation />
      <Execution ProcessID="1792" ThreadID="2232" />
      <Channel>Microsoft-Windows-Sysmon/Operational</Channel>
      <Computer>DC1.insecurebank.local</Computer>
      <Security UserID="S-1-5-18" />
    </System>
    <EventData>
      <Data Name="RuleName">
      </Data>
      <Data Name="UtcTime">2019-05-16 01:31:36.443</Data>
      <Data Name="ProcessGuid">{DFAE8213-BD78-5CDC-0000-001091041300}</Data>
      <Data Name="ProcessId">3136</Data>
      <Data Name="Image">C:\Windows\System32\cmd.exe</Data>
      <Data Name="FileVersion">6.3.9600.16384 (winblue_rtm.130821-1623)</Data>
      <Data Name="Description">Windows Command Processor</Data>
      <Data Name="Product">Microsoft« Windows« Operating System</Data>
      <Data Name="Company">Microsoft Corporation</Data>
      <Data Name="CommandLine">C:\Windows\system32\cmd.exe /C ipconfig</Data>
      <Data Name="CurrentDirectory">C:\Users\administrator\</Data>
      <Data Name="User">insecurebank\Administrator</Data>
      <Data Name="LogonGuid">{DFAE8213-BD78-5CDC-0000-002005FE1200}</Data>
      <Data Name="LogonId">0x12fe05</Data>
      <Data Name="TerminalSessionId">0</Data>
      <Data Name="IntegrityLevel">High</Data>
      <Data Name="Hashes">SHA1=7C3D7281E1151FE4127923F4B4C3CD36438E1A12,MD5=F5AE03DE0AD60F5B17B82F2CD68402FE,SHA256=6F88FB88FFB0F1D5465C2826E5B4F523598B1B8378377C8378FFEBC171BAD18B,IMPHASH=77AED1ADAF24B344F08C8AD1432908C3</Data>
      <Data Name="ParentProcessGuid">{DFAE8213-BD78-5CDC-0000-0010C7FE1200}</Data>
      <Data Name="ParentProcessId">3948</Data>
      <Data Name="ParentImage">C:\Windows\System32\winrshost.exe</Data>
      <Data Name="ParentCommandLine">C:\Windows\system32\WinrsHost.exe -Embedding</Data>
    </EventData>
  </Event>
  <Event xmlns="http://schemas.microsoft.com/win/2004/08/events/event">
    <System>
      <Provider Name="Microsoft-Windows-Sysmon" Guid="{5770385F-C22A-43E0-BF4C-06F5698FFBD9}" />
      <EventID>1</EventID>
      <Version>5</Version>
      <Level>4</Level>
      <Task>1</Task>
      <Opcode>0</Opcode>
      <Keywords>0x8000000000000000</Keywords>
      <TimeCreated SystemTime="2019-05-16T01:31:36.456891800Z" />
      <EventRecordID>17986</EventRecordID>
      <Correlation />
      <Execution ProcessID="1792" ThreadID="2232" />
      <Channel>Microsoft-Windows-Sysmon/Operational</Channel>
      <Computer>DC1.insecurebank.local</Computer>
      <Security UserID="S-1-5-18" />
    </System>
    <EventData>
      <Data Name="RuleName">
      </Data>
      <Data Name="UtcTime">2019-05-16 01:31:36.447</Data>
      <Data Name="ProcessGuid">{DFAE8213-BD78-5CDC-0000-001074051300}</Data>
      <Data Name="ProcessId">1744</Data>
      <Data Name="Image">C:\Windows\System32\ipconfig.exe</Data>
      <Data Name="FileVersion">6.3.9600.16384 (winblue_rtm.130821-1623)</Data>
      <Data Name="Description">IP Configuration Utility</Data>
      <Data Name="Product">Microsoft« Windows« Operating System</Data>
      <Data Name="Company">Microsoft Corporation</Data>
      <Data Name="CommandLine">ipconfig</Data>
      <Data Name="CurrentDirectory">C:\Users\administrator\</Data>
      <Data Name="User">insecurebank\Administrator</Data>
      <Data Name="LogonGuid">{DFAE8213-BD78-5CDC-0000-002005FE1200}</Data>
      <Data Name="LogonId">0x12fe05</Data>
      <Data Name="TerminalSessionId">0</Data>
      <Data Name="IntegrityLevel">High</Data>
      <Data Name="Hashes">SHA1=588D711E3D5F141987BF2C1B397C59EF1997C0E1,MD5=BF379376C124B19A7535CBA8EA179802,SHA256=21E8B9BD30650E96C36E976AE35B01E409199C244E6A5480A746692C01D78B84,IMPHASH=AA00C6A177971304329C748A6D5820DB</Data>
      <Data Name="ParentProcessGuid">{DFAE8213-BD78-5CDC-0000-001091041300}</Data>
      <Data Name="ParentProcessId">3136</Data>
      <Data Name="ParentImage">C:\Windows\System32\cmd.exe</Data>
      <Data Name="ParentCommandLine">C:\Windows\system32\cmd.exe /C ipconfig</Data>
    </EventData>
  </Event>
</root>