<root>
  <Event xmlns="http://schemas.microsoft.com/win/2004/08/events/event">
    <System>
      <Provider Name="Microsoft-Windows-Security-Auditing" Guid="{54849625-5478-4994-A5BA-3E3B0328C30D}" />
      <EventID>4624</EventID>
      <Version>1</Version>
      <Level>0</Level>
      <Task>12544</Task>
      <Opcode>0</Opcode>
      <Keywords>0x8020000000000000</Keywords>
      <TimeCreated SystemTime="2019-03-18T22:15:36.036376000Z" />
      <EventRecordID>563265</EventRecordID>
      <Correlation />
      <Execution ProcessID="452" ThreadID="696" />
      <Channel>Security</Channel>
      <Computer>WIN-77LTAPHIQ1R.example.corp</Computer>
      <Security />
    </System>
    <EventData>
      <Data Name="SubjectUserSid">S-1-0-0</Data>
      <Data Name="SubjectUserName">-</Data>
      <Data Name="SubjectDomainName">-</Data>
      <Data Name="SubjectLogonId">0x0</Data>
      <Data Name="TargetUserSid">S-1-5-18</Data>
      <Data Name="TargetUserName">WIN-77LTAPHIQ1R$</Data>
      <Data Name="TargetDomainName">EXAMPLE</Data>
      <Data Name="TargetLogonId">0x10fac2</Data>
      <Data Name="LogonType">3</Data>
      <Data Name="LogonProcessName">Kerberos</Data>
      <Data Name="AuthenticationPackageName">Kerberos</Data>
      <Data Name="WorkstationName">
      </Data>
      <Data Name="LogonGuid">{5FDB15EE-2283-F23C-E23B-5E5DDB11BB9C}</Data>
      <Data Name="TransmittedServices">-</Data>
      <Data Name="LmPackageName">-</Data>
      <Data Name="KeyLength">0</Data>
      <Data Name="ProcessId">0x0</Data>
      <Data Name="ProcessName">-</Data>
      <Data Name="IpAddress">fe80::79bf:8ee2:433c:2567</Data>
      <Data Name="IpPort">55585</Data>
      <Data Name="ImpersonationLevel">%%1840</Data>
    </EventData>
  </Event>
  <Event xmlns="http://schemas.microsoft.com/win/2004/08/events/event">
    <System>
      <Provider Name="Microsoft-Windows-Security-Auditing" Guid="{54849625-5478-4994-A5BA-3E3B0328C30D}" />
      <EventID>4624</EventID>
      <Version>1</Version>
      <Level>0</Level>
      <Task>12544</Task>
      <Opcode>0</Opcode>
      <Keywords>0x8020000000000000</Keywords>
      <TimeCreated SystemTime="2019-03-18T22:15:49.583102400Z" />
      <EventRecordID>563285</EventRecordID>
      <Correlation />
      <Execution ProcessID="452" ThreadID="3564" />
      <Channel>Security</Channel>
      <Computer>WIN-77LTAPHIQ1R.example.corp</Computer>
      <Security />
    </System>
    <EventData>
      <Data Name="SubjectUserSid">S-1-0-0</Data>
      <Data Name="SubjectUserName">-</Data>
      <Data Name="SubjectDomainName">-</Data>
      <Data Name="SubjectLogonId">0x0</Data>
      <Data Name="TargetUserSid">S-1-5-21-1587066498-1489273250-1035260531-500</Data>
      <Data Name="TargetUserName">Administrator</Data>
      <Data Name="TargetDomainName">EXAMPLE</Data>
      <Data Name="TargetLogonId">0x10fbcc</Data>
      <Data Name="LogonType">3</Data>
      <Data Name="LogonProcessName">Kerberos</Data>
      <Data Name="AuthenticationPackageName">Kerberos</Data>
      <Data Name="WorkstationName">
      </Data>
      <Data Name="LogonGuid">{BAEC19DA-130D-80F0-BD26-78045EE64D62}</Data>
      <Data Name="TransmittedServices">-</Data>
      <Data Name="LmPackageName">-</Data>
      <Data Name="KeyLength">0</Data>
      <Data Name="ProcessId">0x0</Data>
      <Data Name="ProcessName">-</Data>
      <Data Name="IpAddress">10.0.2.17</Data>
      <Data Name="IpPort">49244</Data>
      <Data Name="ImpersonationLevel">%%1833</Data>
    </EventData>
  </Event>
  <Event xmlns="http://schemas.microsoft.com/win/2004/08/events/event">
    <System>
      <Provider Name="Microsoft-Windows-Security-Auditing" Guid="{54849625-5478-4994-A5BA-3E3B0328C30D}" />
      <EventID>4624</EventID>
      <Version>1</Version>
      <Level>0</Level>
      <Task>12544</Task>
      <Opcode>0</Opcode>
      <Keywords>0x8020000000000000</Keywords>
      <TimeCreated SystemTime="2019-03-18T22:15:49.614293800Z" />
      <EventRecordID>563294</EventRecordID>
      <Correlation />
      <Execution ProcessID="452" ThreadID="3564" />
      <Channel>Security</Channel>
      <Computer>WIN-77LTAPHIQ1R.example.corp</Computer>
      <Security />
    </System>
    <EventData>
      <Data Name="SubjectUserSid">S-1-0-0</Data>
      <Data Name="SubjectUserName">-</Data>
      <Data Name="SubjectDomainName">-</Data>
      <Data Name="SubjectLogonId">0x0</Data>
      <Data Name="TargetUserSid">S-1-5-21-1587066498-1489273250-1035260531-500</Data>
      <Data Name="TargetUserName">Administrator</Data>
      <Data Name="TargetDomainName">EXAMPLE</Data>
      <Data Name="TargetLogonId">0x10fbeb</Data>
      <Data Name="LogonType">3</Data>
      <Data Name="LogonProcessName">Kerberos</Data>
      <Data Name="AuthenticationPackageName">Kerberos</Data>
      <Data Name="WorkstationName">
      </Data>
      <Data Name="LogonGuid">{BAEC19DA-130D-80F0-BD26-78045EE64D62}</Data>
      <Data Name="TransmittedServices">-</Data>
      <Data Name="LmPackageName">-</Data>
      <Data Name="KeyLength">0</Data>
      <Data Name="ProcessId">0x0</Data>
      <Data Name="ProcessName">-</Data>
      <Data Name="IpAddress">10.0.2.17</Data>
      <Data Name="IpPort">49249</Data>
      <Data Name="ImpersonationLevel">%%1833</Data>
    </EventData>
  </Event>
  <Event xmlns="http://schemas.microsoft.com/win/2004/08/events/event">
    <System>
      <Provider Name="Microsoft-Windows-Security-Auditing" Guid="{54849625-5478-4994-A5BA-3E3B0328C30D}" />
      <EventID>4624</EventID>
      <Version>1</Version>
      <Level>0</Level>
      <Task>12544</Task>
      <Opcode>0</Opcode>
      <Keywords>0x8020000000000000</Keywords>
      <TimeCreated SystemTime="2019-03-18T22:15:49.614293800Z" />
      <EventRecordID>563297</EventRecordID>
      <Correlation />
      <Execution ProcessID="452" ThreadID="3564" />
      <Channel>Security</Channel>
      <Computer>WIN-77LTAPHIQ1R.example.corp</Computer>
      <Security />
    </System>
    <EventData>
      <Data Name="SubjectUserSid">S-1-0-0</Data>
      <Data Name="SubjectUserName">-</Data>
      <Data Name="SubjectDomainName">-</Data>
      <Data Name="SubjectLogonId">0x0</Data>
      <Data Name="TargetUserSid">S-1-5-21-1587066498-1489273250-1035260531-500</Data>
      <Data Name="TargetUserName">Administrator</Data>
      <Data Name="TargetDomainName">EXAMPLE</Data>
      <Data Name="TargetLogonId">0x10fc09</Data>
      <Data Name="LogonType">3</Data>
      <Data Name="LogonProcessName">NtLmSsp </Data>
      <Data Name="AuthenticationPackageName">NTLM</Data>
      <Data Name="WorkstationName">PC01</Data>
      <Data Name="LogonGuid">{00000000-0000-0000-0000-000000000000}</Data>
      <Data Name="TransmittedServices">-</Data>
      <Data Name="LmPackageName">NTLM V2</Data>
      <Data Name="KeyLength">128</Data>
      <Data Name="ProcessId">0x0</Data>
      <Data Name="ProcessName">-</Data>
      <Data Name="IpAddress">10.0.2.17</Data>
      <Data Name="IpPort">49249</Data>
      <Data Name="ImpersonationLevel">%%1833</Data>
    </EventData>
  </Event>
  <Event xmlns="http://schemas.microsoft.com/win/2004/08/events/event">
    <System>
      <Provider Name="Microsoft-Windows-Security-Auditing" Guid="{54849625-5478-4994-A5BA-3E3B0328C30D}" />
      <EventID>4688</EventID>
      <Version>1</Version>
      <Level>0</Level>
      <Task>13312</Task>
      <Opcode>0</Opcode>
      <Keywords>0x8020000000000000</Keywords>
      <TimeCreated SystemTime="2019-03-18T22:15:49.645889400Z" />
      <EventRecordID>563298</EventRecordID>
      <Correlation />
      <Execution ProcessID="4" ThreadID="3696" />
      <Channel>Security</Channel>
      <Computer>WIN-77LTAPHIQ1R.example.corp</Computer>
      <Security />
    </System>
    <EventData>
      <Data Name="SubjectUserSid">S-1-5-18</Data>
      <Data Name="SubjectUserName">WIN-77LTAPHIQ1R$</Data>
      <Data Name="SubjectDomainName">EXAMPLE</Data>
      <Data Name="SubjectLogonId">0x3e7</Data>
      <Data Name="NewProcessId">0xae8</Data>
      <Data Name="NewProcessName">C:\Windows\System32\wbem\WmiPrvSE.exe</Data>
      <Data Name="TokenElevationType">%%1936</Data>
      <Data Name="ProcessId">0x248</Data>
      <Data Name="CommandLine">
      </Data>
    </EventData>
  </Event>
  <Event xmlns="http://schemas.microsoft.com/win/2004/08/events/event">
    <System>
      <Provider Name="Microsoft-Windows-Security-Auditing" Guid="{54849625-5478-4994-A5BA-3E3B0328C30D}" />
      <EventID>4688</EventID>
      <Version>1</Version>
      <Level>0</Level>
      <Task>13312</Task>
      <Opcode>0</Opcode>
      <Keywords>0x8020000000000000</Keywords>
      <TimeCreated SystemTime="2019-03-18T22:15:49.676748100Z" />
      <EventRecordID>563299</EventRecordID>
      <Correlation />
      <Execution ProcessID="4" ThreadID="3696" />
      <Channel>Security</Channel>
      <Computer>WIN-77LTAPHIQ1R.example.corp</Computer>
      <Security />
    </System>
    <EventData>
      <Data Name="SubjectUserSid">S-1-5-20</Data>
      <Data Name="SubjectUserName">WIN-77LTAPHIQ1R$</Data>
      <Data Name="SubjectDomainName">EXAMPLE</Data>
      <Data Name="SubjectLogonId">0x3e4</Data>
      <Data Name="NewProcessId">0x424</Data>
      <Data Name="NewProcessName">C:\Windows\System32\calc.exe</Data>
      <Data Name="TokenElevationType">%%1936</Data>
      <Data Name="ProcessId">0xae8</Data>
      <Data Name="CommandLine">
      </Data>
    </EventData>
  </Event>
  <Event xmlns="http://schemas.microsoft.com/win/2004/08/events/event">
    <System>
      <Provider Name="Microsoft-Windows-Security-Auditing" Guid="{54849625-5478-4994-A5BA-3E3B0328C30D}" />
      <EventID>4624</EventID>
      <Version>1</Version>
      <Level>0</Level>
      <Task>12544</Task>
      <Opcode>0</Opcode>
      <Keywords>0x8020000000000000</Keywords>
      <TimeCreated SystemTime="2019-03-18T22:15:49.692401800Z" />
      <EventRecordID>563300</EventRecordID>
      <Correlation />
      <Execution ProcessID="452" ThreadID="2836" />
      <Channel>Security</Channel>
      <Computer>WIN-77LTAPHIQ1R.example.corp</Computer>
      <Security />
    </System>
    <EventData>
      <Data Name="SubjectUserSid">S-1-0-0</Data>
      <Data Name="SubjectUserName">-</Data>
      <Data Name="SubjectDomainName">-</Data>
      <Data Name="SubjectLogonId">0x0</Data>
      <Data Name="TargetUserSid">S-1-5-21-1587066498-1489273250-1035260531-1106</Data>
      <Data Name="TargetUserName">user01</Data>
      <Data Name="TargetDomainName">EXAMPLE</Data>
      <Data Name="TargetLogonId">0x110085</Data>
      <Data Name="LogonType">3</Data>
      <Data Name="LogonProcessName">Kerberos</Data>
      <Data Name="AuthenticationPackageName">Kerberos</Data>
      <Data Name="WorkstationName">
      </Data>
      <Data Name="LogonGuid">{31E347DC-FF67-08B3-EADC-1EC267B1975B}</Data>
      <Data Name="TransmittedServices">-</Data>
      <Data Name="LmPackageName">-</Data>
      <Data Name="KeyLength">0</Data>
      <Data Name="ProcessId">0x0</Data>
      <Data Name="ProcessName">-</Data>
      <Data Name="IpAddress">10.0.2.17</Data>
      <Data Name="IpPort">49249</Data>
      <Data Name="ImpersonationLevel">%%1833</Data>
    </EventData>
  </Event>
  <Event xmlns="http://schemas.microsoft.com/win/2004/08/events/event">
    <System>
      <Provider Name="Microsoft-Windows-Security-Auditing" Guid="{54849625-5478-4994-A5BA-3E3B0328C30D}" />
      <EventID>4624</EventID>
      <Version>1</Version>
      <Level>0</Level>
      <Task>12544</Task>
      <Opcode>0</Opcode>
      <Keywords>0x8020000000000000</Keywords>
      <TimeCreated SystemTime="2019-03-18T22:16:19.989944400Z" />
      <EventRecordID>563342</EventRecordID>
      <Correlation />
      <Execution ProcessID="452" ThreadID="696" />
      <Channel>Security</Channel>
      <Computer>WIN-77LTAPHIQ1R.example.corp</Computer>
      <Security />
    </System>
    <EventData>
      <Data Name="SubjectUserSid">S-1-0-0</Data>
      <Data Name="SubjectUserName">-</Data>
      <Data Name="SubjectDomainName">-</Data>
      <Data Name="SubjectLogonId">0x0</Data>
      <Data Name="TargetUserSid">S-1-5-18</Data>
      <Data Name="TargetUserName">WIN-77LTAPHIQ1R$</Data>
      <Data Name="TargetDomainName">EXAMPLE</Data>
      <Data Name="TargetLogonId">0x116c7b</Data>
      <Data Name="LogonType">3</Data>
      <Data Name="LogonProcessName">Kerberos</Data>
      <Data Name="AuthenticationPackageName">Kerberos</Data>
      <Data Name="WorkstationName">
      </Data>
      <Data Name="LogonGuid">{5FDB15EE-2283-F23C-E23B-5E5DDB11BB9C}</Data>
      <Data Name="TransmittedServices">-</Data>
      <Data Name="LmPackageName">-</Data>
      <Data Name="KeyLength">0</Data>
      <Data Name="ProcessId">0x0</Data>
      <Data Name="ProcessName">-</Data>
      <Data Name="IpAddress">::1</Data>
      <Data Name="IpPort">55589</Data>
      <Data Name="ImpersonationLevel">%%1833</Data>
    </EventData>
  </Event>
</root>