<root>
  <Event xmlns="http://schemas.microsoft.com/win/2004/08/events/event">
    <System>
      <Provider Name="Microsoft-Windows-Sysmon" Guid="{5770385F-C22A-43E0-BF4C-06F5698FFBD9}" />
      <EventID>8</EventID>
      <Version>2</Version>
      <Level>4</Level>
      <Task>8</Task>
      <Opcode>0</Opcode>
      <Keywords>0x8000000000000000</Keywords>
      <TimeCreated SystemTime="2019-04-30T07:26:34.133638000Z" />
      <EventRecordID>8484</EventRecordID>
      <Correlation />
      <Execution ProcessID="1876" ThreadID="1444" />
      <Channel>Microsoft-Windows-Sysmon/Operational</Channel>
      <Computer>IEWIN7</Computer>
      <Security UserID="S-1-5-18" />
    </System>
    <EventData>
      <Data Name="RuleName">
      </Data>
      <Data Name="UtcTime">2019-04-30 07:26:34.133</Data>
      <Data Name="SourceProcessGuid">{365ABB72-F7C9-5CC7-0000-0010BF010E00}</Data>
      <Data Name="SourceProcessId">3772</Data>
      <Data Name="SourceImage">\\vboxsrv\HTools\m.exe</Data>
      <Data Name="TargetProcessGuid">{365ABB72-F6C9-5CC7-0000-0010135F0600}</Data>
      <Data Name="TargetProcessId">2812</Data>
      <Data Name="TargetImage">C:\Windows\explorer.exe</Data>
      <Data Name="NewThreadId">840</Data>
      <Data Name="StartAddress">0x02060000</Data>
      <Data Name="StartModule">
      </Data>
      <Data Name="StartFunction">
      </Data>
    </EventData>
  </Event>
</root>