<root>
  <Event xmlns="http://schemas.microsoft.com/win/2004/08/events/event">
    <System>
      <Provider Name="Microsoft-Windows-Eventlog" Guid="{fc65ddd8-d6ef-4962-83d5-6e5cfe9ce148}" />
      <EventID>1102</EventID>
      <Version>0</Version>
      <Level>4</Level>
      <Task>104</Task>
      <Opcode>0</Opcode>
      <Keywords>0x4020000000000000</Keywords>
      <TimeCreated SystemTime="2019-03-17T19:26:42.116688800Z" />
      <EventRecordID>6272</EventRecordID>
      <Correlation />
      <Execution ProcessID="792" ThreadID="3120" />
      <Channel>Security</Channel>
      <Computer>PC04.example.corp</Computer>
      <Security />
    </System>
    <UserData>
      <LogFileCleared xmlns:auto-ns3="http://schemas.microsoft.com/win/2004/08/events" xmlns="http://manifests.microsoft.com/win/2004/08/windows/eventlog">
        <SubjectUserSid>S-1-5-21-3583694148-1414552638-2922671848-1000</SubjectUserSid>
        <SubjectUserName>IEUser</SubjectUserName>
        <SubjectDomainName>PC04</SubjectDomainName>
        <SubjectLogonId>0x128a9</SubjectLogonId>
      </LogFileCleared>
    </UserData>
  </Event>
  <Event xmlns="http://schemas.microsoft.com/win/2004/08/events/event">
    <System>
      <Provider Name="Microsoft-Windows-Security-Auditing" Guid="{54849625-5478-4994-A5BA-3E3B0328C30D}" />
      <EventID>5142</EventID>
      <Version>0</Version>
      <Level>0</Level>
      <Task>12808</Task>
      <Opcode>0</Opcode>
      <Keywords>0x8020000000000000</Keywords>
      <TimeCreated SystemTime="2019-03-17T19:30:30.324836000Z" />
      <EventRecordID>6273</EventRecordID>
      <Correlation />
      <Execution ProcessID="4" ThreadID="64" />
      <Channel>Security</Channel>
      <Computer>PC04.example.corp</Computer>
      <Security />
    </System>
    <EventData>
      <Data Name="SubjectUserSid">S-1-5-21-3583694148-1414552638-2922671848-1000</Data>
      <Data Name="SubjectUserName">IEUser</Data>
      <Data Name="SubjectDomainName">PC04</Data>
      <Data Name="SubjectLogonId">0x128a9</Data>
      <Data Name="ShareName">\\*\PRINT</Data>
      <Data Name="ShareLocalPath">c:\windows\system32</Data>
    </EventData>
  </Event>
</root>