<root>
  <Event xmlns="http://schemas.microsoft.com/win/2004/08/events/event">
    <System>
      <Provider Name="Microsoft-Windows-Eventlog" Guid="{fc65ddd8-d6ef-4962-83d5-6e5cfe9ce148}" />
      <EventID>1102</EventID>
      <Version>0</Version>
      <Level>4</Level>
      <Task>104</Task>
      <Opcode>0</Opcode>
      <Keywords>0x4020000000000000</Keywords>
      <TimeCreated SystemTime="2019-05-08T03:00:11.778188100Z" />
      <EventRecordID>203050</EventRecordID>
      <Correlation />
      <Execution ProcessID="744" ThreadID="768" />
      <Channel>Security</Channel>
      <Computer>DC1.insecurebank.local</Computer>
      <Security />
    </System>
    <UserData>
      <LogFileCleared xmlns="http://manifests.microsoft.com/win/2004/08/windows/eventlog">
        <SubjectUserSid>S-1-5-21-738609754-2819869699-4189121830-500</SubjectUserSid>
        <SubjectUserName>administrator</SubjectUserName>
        <SubjectDomainName>insecurebank</SubjectDomainName>
        <SubjectLogonId>0x218b896</SubjectLogonId>
      </LogFileCleared>
    </UserData>
  </Event>
  <Event xmlns="http://schemas.microsoft.com/win/2004/08/events/event">
    <System>
      <Provider Name="Microsoft-Windows-Security-Auditing" Guid="{54849625-5478-4994-A5BA-3E3B0328C30D}" />
      <EventID>4662</EventID>
      <Version>0</Version>
      <Level>0</Level>
      <Task>14080</Task>
      <Opcode>0</Opcode>
      <Keywords>0x8020000000000000</Keywords>
      <TimeCreated SystemTime="2019-05-08T03:00:37.541177500Z" />
      <EventRecordID>203053</EventRecordID>
      <Correlation />
      <Execution ProcessID="444" ThreadID="4980" />
      <Channel>Security</Channel>
      <Computer>DC1.insecurebank.local</Computer>
      <Security />
    </System>
    <EventData>
      <Data Name="SubjectUserSid">S-1-5-21-738609754-2819869699-4189121830-500</Data>
      <Data Name="SubjectUserName">Administrator</Data>
      <Data Name="SubjectDomainName">insecurebank</Data>
      <Data Name="SubjectLogonId">0x418a6da</Data>
      <Data Name="ObjectServer">DS</Data>
      <Data Name="ObjectType">%{f780acc0-56f0-11d1-a9c6-0000f80367c1}</Data>
      <Data Name="ObjectName">%{a40d1d35-0354-4180-987a-da7c4888fdad}</Data>
      <Data Name="OperationType">Object Access</Data>
      <Data Name="HandleId">0x0</Data>
      <Data Name="AccessList">%%7680
				</Data>
      <Data Name="AccessMask">0x1</Data>
      <Data Name="Properties">%%7680
	{bf967a92-0de6-11d0-a285-00aa003049e2}
</Data>
      <Data Name="AdditionalInfo">CN=ALICE,CN=Servers,CN=HQ,CN=Sites,CN=Configuration,DC=insecurebank,DC=local</Data>
      <Data Name="AdditionalInfo2">%{6c4c19a5-c129-4e8e-8c49-a80898679de5}</Data>
    </EventData>
  </Event>
  <Event xmlns="http://schemas.microsoft.com/win/2004/08/events/event">
    <System>
      <Provider Name="Microsoft-Windows-Security-Auditing" Guid="{54849625-5478-4994-A5BA-3E3B0328C30D}" />
      <EventID>4742</EventID>
      <Version>0</Version>
      <Level>0</Level>
      <Task>13825</Task>
      <Opcode>0</Opcode>
      <Keywords>0x8020000000000000</Keywords>
      <TimeCreated SystemTime="2019-05-08T03:00:37.572176800Z" />
      <EventRecordID>203054</EventRecordID>
      <Correlation />
      <Execution ProcessID="444" ThreadID="3956" />
      <Channel>Security</Channel>
      <Computer>DC1.insecurebank.local</Computer>
      <Security />
    </System>
    <EventData>
      <Data Name="ComputerAccountChange">-</Data>
      <Data Name="TargetUserName">ALICE$</Data>
      <Data Name="TargetDomainName">insecurebank</Data>
      <Data Name="TargetSid">S-1-5-21-738609754-2819869699-4189121830-1120</Data>
      <Data Name="SubjectUserSid">S-1-5-21-738609754-2819869699-4189121830-500</Data>
      <Data Name="SubjectUserName">Administrator</Data>
      <Data Name="SubjectDomainName">insecurebank</Data>
      <Data Name="SubjectLogonId">0x418a6da</Data>
      <Data Name="PrivilegeList">-</Data>
      <Data Name="SamAccountName">-</Data>
      <Data Name="DisplayName">-</Data>
      <Data Name="UserPrincipalName">-</Data>
      <Data Name="HomeDirectory">-</Data>
      <Data Name="HomePath">-</Data>
      <Data Name="ScriptPath">-</Data>
      <Data Name="ProfilePath">-</Data>
      <Data Name="UserWorkstations">-</Data>
      <Data Name="PasswordLastSet">-</Data>
      <Data Name="AccountExpires">-</Data>
      <Data Name="PrimaryGroupId">-</Data>
      <Data Name="AllowedToDelegateTo">-</Data>
      <Data Name="OldUacValue">-</Data>
      <Data Name="NewUacValue">-</Data>
      <Data Name="UserAccountControl">-</Data>
      <Data Name="UserParameters">-</Data>
      <Data Name="SidHistory">-</Data>
      <Data Name="LogonHours">-</Data>
      <Data Name="DnsHostName">-</Data>
      <Data Name="ServicePrincipalNames">
		HOST/alice.insecurebank.local
		RestrictedKrbHost/alice.insecurebank.local
		HOST/ALICE
		RestrictedKrbHost/ALICE
		TERMSRV/alice.insecurebank.local
		TERMSRV/ALICE
		WSMAN/alice.insecurebank.local
		WSMAN/alice
		GC/alice.insecurebank.local/insecurebank.local</Data>
    </EventData>
  </Event>
  <Event xmlns="http://schemas.microsoft.com/win/2004/08/events/event">
    <System>
      <Provider Name="Microsoft-Windows-Security-Auditing" Guid="{54849625-5478-4994-A5BA-3E3B0328C30D}" />
      <EventID>4662</EventID>
      <Version>0</Version>
      <Level>0</Level>
      <Task>14080</Task>
      <Opcode>0</Opcode>
      <Keywords>0x8020000000000000</Keywords>
      <TimeCreated SystemTime="2019-05-08T03:00:37.583261200Z" />
      <EventRecordID>203056</EventRecordID>
      <Correlation />
      <Execution ProcessID="444" ThreadID="4980" />
      <Channel>Security</Channel>
      <Computer>DC1.insecurebank.local</Computer>
      <Security />
    </System>
    <EventData>
      <Data Name="SubjectUserSid">S-1-5-21-738609754-2819869699-4189121830-500</Data>
      <Data Name="SubjectUserName">Administrator</Data>
      <Data Name="SubjectDomainName">insecurebank</Data>
      <Data Name="SubjectLogonId">0x418a6fb</Data>
      <Data Name="ObjectServer">DS</Data>
      <Data Name="ObjectType">%{19195a5b-6da0-11d0-afd3-00c04fd930c9}</Data>
      <Data Name="ObjectName">%{c6faf700-bfe4-452a-a766-424f84c29583}</Data>
      <Data Name="OperationType">Object Access</Data>
      <Data Name="HandleId">0x0</Data>
      <Data Name="AccessList">%%7688
				</Data>
      <Data Name="AccessMask">0x100</Data>
      <Data Name="Properties">%%7688
		{9923a32a-3607-11d2-b9be-0000f87a36b2}
	{19195a5b-6da0-11d0-afd3-00c04fd930c9}
</Data>
      <Data Name="AdditionalInfo">-</Data>
      <Data Name="AdditionalInfo2">
      </Data>
    </EventData>
  </Event>
  <Event xmlns="http://schemas.microsoft.com/win/2004/08/events/event">
    <System>
      <Provider Name="Microsoft-Windows-Security-Auditing" Guid="{54849625-5478-4994-A5BA-3E3B0328C30D}" />
      <EventID>4742</EventID>
      <Version>0</Version>
      <Level>0</Level>
      <Task>13825</Task>
      <Opcode>0</Opcode>
      <Keywords>0x8020000000000000</Keywords>
      <TimeCreated SystemTime="2019-05-08T03:00:37.586173100Z" />
      <EventRecordID>203057</EventRecordID>
      <Correlation />
      <Execution ProcessID="444" ThreadID="1224" />
      <Channel>Security</Channel>
      <Computer>DC1.insecurebank.local</Computer>
      <Security />
    </System>
    <EventData>
      <Data Name="ComputerAccountChange">-</Data>
      <Data Name="TargetUserName">ALICE$</Data>
      <Data Name="TargetDomainName">insecurebank</Data>
      <Data Name="TargetSid">S-1-5-21-738609754-2819869699-4189121830-1120</Data>
      <Data Name="SubjectUserSid">S-1-5-21-738609754-2819869699-4189121830-500</Data>
      <Data Name="SubjectUserName">Administrator</Data>
      <Data Name="SubjectDomainName">insecurebank</Data>
      <Data Name="SubjectLogonId">0x418a6fb</Data>
      <Data Name="PrivilegeList">-</Data>
      <Data Name="SamAccountName">-</Data>
      <Data Name="DisplayName">-</Data>
      <Data Name="UserPrincipalName">-</Data>
      <Data Name="HomeDirectory">-</Data>
      <Data Name="HomePath">-</Data>
      <Data Name="ScriptPath">-</Data>
      <Data Name="ProfilePath">-</Data>
      <Data Name="UserWorkstations">-</Data>
      <Data Name="PasswordLastSet">-</Data>
      <Data Name="AccountExpires">-</Data>
      <Data Name="PrimaryGroupId">-</Data>
      <Data Name="AllowedToDelegateTo">-</Data>
      <Data Name="OldUacValue">-</Data>
      <Data Name="NewUacValue">-</Data>
      <Data Name="UserAccountControl">-</Data>
      <Data Name="UserParameters">-</Data>
      <Data Name="SidHistory">-</Data>
      <Data Name="LogonHours">-</Data>
      <Data Name="DnsHostName">-</Data>
      <Data Name="ServicePrincipalNames">
		HOST/alice.insecurebank.local
		RestrictedKrbHost/alice.insecurebank.local
		HOST/ALICE
		RestrictedKrbHost/ALICE
		TERMSRV/alice.insecurebank.local
		TERMSRV/ALICE
		WSMAN/alice.insecurebank.local
		WSMAN/alice
		GC/alice.insecurebank.local/insecurebank.local
		E3514235-4B06-11D1-AB04-00C04FC2DCD2/ae9a3b29-01d1-4851-8ca8-e49cd3985e5b/insecurebank.local</Data>
    </EventData>
  </Event>
  <Event xmlns="http://schemas.microsoft.com/win/2004/08/events/event">
    <System>
      <Provider Name="Microsoft-Windows-Security-Auditing" Guid="{54849625-5478-4994-A5BA-3E3B0328C30D}" />
      <EventID>4662</EventID>
      <Version>0</Version>
      <Level>0</Level>
      <Task>14080</Task>
      <Opcode>0</Opcode>
      <Keywords>0x8020000000000000</Keywords>
      <TimeCreated SystemTime="2019-05-08T03:00:37.591203300Z" />
      <EventRecordID>203058</EventRecordID>
      <Correlation />
      <Execution ProcessID="444" ThreadID="4008" />
      <Channel>Security</Channel>
      <Computer>DC1.insecurebank.local</Computer>
      <Security />
    </System>
    <EventData>
      <Data Name="SubjectUserSid">S-1-5-21-738609754-2819869699-4189121830-500</Data>
      <Data Name="SubjectUserName">Administrator</Data>
      <Data Name="SubjectDomainName">insecurebank</Data>
      <Data Name="SubjectLogonId">0x418a6fb</Data>
      <Data Name="ObjectServer">DS</Data>
      <Data Name="ObjectType">%{19195a5b-6da0-11d0-afd3-00c04fd930c9}</Data>
      <Data Name="ObjectName">%{c6faf700-bfe4-452a-a766-424f84c29583}</Data>
      <Data Name="OperationType">Object Access</Data>
      <Data Name="HandleId">0x0</Data>
      <Data Name="AccessList">%%7688
				</Data>
      <Data Name="AccessMask">0x100</Data>
      <Data Name="Properties">%%7688
		{1131f6ac-9c07-11d1-f79f-00c04fc2dcd2}
	{19195a5b-6da0-11d0-afd3-00c04fd930c9}
</Data>
      <Data Name="AdditionalInfo">-</Data>
      <Data Name="AdditionalInfo2">
      </Data>
    </EventData>
  </Event>
  <Event xmlns="http://schemas.microsoft.com/win/2004/08/events/event">
    <System>
      <Provider Name="Microsoft-Windows-Security-Auditing" Guid="{54849625-5478-4994-A5BA-3E3B0328C30D}" />
      <EventID>4662</EventID>
      <Version>0</Version>
      <Level>0</Level>
      <Task>14080</Task>
      <Opcode>0</Opcode>
      <Keywords>0x8020000000000000</Keywords>
      <TimeCreated SystemTime="2019-05-08T03:00:37.615168000Z" />
      <EventRecordID>203059</EventRecordID>
      <Correlation />
      <Execution ProcessID="444" ThreadID="1224" />
      <Channel>Security</Channel>
      <Computer>DC1.insecurebank.local</Computer>
      <Security />
    </System>
    <EventData>
      <Data Name="SubjectUserSid">S-1-5-21-738609754-2819869699-4189121830-500</Data>
      <Data Name="SubjectUserName">Administrator</Data>
      <Data Name="SubjectDomainName">insecurebank</Data>
      <Data Name="SubjectLogonId">0x418a6fb</Data>
      <Data Name="ObjectServer">DS</Data>
      <Data Name="ObjectType">%{19195a5b-6da0-11d0-afd3-00c04fd930c9}</Data>
      <Data Name="ObjectName">%{c6faf700-bfe4-452a-a766-424f84c29583}</Data>
      <Data Name="OperationType">Object Access</Data>
      <Data Name="HandleId">0x0</Data>
      <Data Name="AccessList">%%7688
				</Data>
      <Data Name="AccessMask">0x100</Data>
      <Data Name="Properties">%%7688
		{1131f6ac-9c07-11d1-f79f-00c04fc2dcd2}
	{19195a5b-6da0-11d0-afd3-00c04fd930c9}
</Data>
      <Data Name="AdditionalInfo">-</Data>
      <Data Name="AdditionalInfo2">
      </Data>
    </EventData>
  </Event>
  <Event xmlns="http://schemas.microsoft.com/win/2004/08/events/event">
    <System>
      <Provider Name="Microsoft-Windows-Security-Auditing" Guid="{54849625-5478-4994-A5BA-3E3B0328C30D}" />
      <EventID>4662</EventID>
      <Version>0</Version>
      <Level>0</Level>
      <Task>14080</Task>
      <Opcode>0</Opcode>
      <Keywords>0x8020000000000000</Keywords>
      <TimeCreated SystemTime="2019-05-08T03:00:37.621188000Z" />
      <EventRecordID>203060</EventRecordID>
      <Correlation />
      <Execution ProcessID="444" ThreadID="4008" />
      <Channel>Security</Channel>
      <Computer>DC1.insecurebank.local</Computer>
      <Security />
    </System>
    <EventData>
      <Data Name="SubjectUserSid">S-1-5-21-738609754-2819869699-4189121830-500</Data>
      <Data Name="SubjectUserName">Administrator</Data>
      <Data Name="SubjectDomainName">insecurebank</Data>
      <Data Name="SubjectLogonId">0x418a6da</Data>
      <Data Name="ObjectServer">DS</Data>
      <Data Name="ObjectType">%{f0f8ffab-1191-11d0-a060-00aa006c33ed}</Data>
      <Data Name="ObjectName">%{ae9a3b29-01d1-4851-8ca8-e49cd3985e5b}</Data>
      <Data Name="OperationType">Object Access</Data>
      <Data Name="HandleId">0x0</Data>
      <Data Name="AccessList">%%1537
				</Data>
      <Data Name="AccessMask">0x10000</Data>
      <Data Name="Properties">%%1537
	{f0f8ffab-1191-11d0-a060-00aa006c33ed}
</Data>
      <Data Name="AdditionalInfo">-</Data>
      <Data Name="AdditionalInfo2">
      </Data>
    </EventData>
  </Event>
  <Event xmlns="http://schemas.microsoft.com/win/2004/08/events/event">
    <System>
      <Provider Name="Microsoft-Windows-Security-Auditing" Guid="{54849625-5478-4994-A5BA-3E3B0328C30D}" />
      <EventID>4662</EventID>
      <Version>0</Version>
      <Level>0</Level>
      <Task>14080</Task>
      <Opcode>0</Opcode>
      <Keywords>0x8020000000000000</Keywords>
      <TimeCreated SystemTime="2019-05-08T03:00:37.623163600Z" />
      <EventRecordID>203061</EventRecordID>
      <Correlation />
      <Execution ProcessID="444" ThreadID="1224" />
      <Channel>Security</Channel>
      <Computer>DC1.insecurebank.local</Computer>
      <Security />
    </System>
    <EventData>
      <Data Name="SubjectUserSid">S-1-5-21-738609754-2819869699-4189121830-500</Data>
      <Data Name="SubjectUserName">Administrator</Data>
      <Data Name="SubjectDomainName">insecurebank</Data>
      <Data Name="SubjectLogonId">0x418a6da</Data>
      <Data Name="ObjectServer">DS</Data>
      <Data Name="ObjectType">%{bf967a92-0de6-11d0-a285-00aa003049e2}</Data>
      <Data Name="ObjectName">%{6c4c19a5-c129-4e8e-8c49-a80898679de5}</Data>
      <Data Name="OperationType">Object Access</Data>
      <Data Name="HandleId">0x0</Data>
      <Data Name="AccessList">%%1537
				</Data>
      <Data Name="AccessMask">0x10000</Data>
      <Data Name="Properties">%%1537
	{bf967a92-0de6-11d0-a285-00aa003049e2}
</Data>
      <Data Name="AdditionalInfo">-</Data>
      <Data Name="AdditionalInfo2">
      </Data>
    </EventData>
  </Event>
  <Event xmlns="http://schemas.microsoft.com/win/2004/08/events/event">
    <System>
      <Provider Name="Microsoft-Windows-Security-Auditing" Guid="{54849625-5478-4994-A5BA-3E3B0328C30D}" />
      <EventID>4742</EventID>
      <Version>0</Version>
      <Level>0</Level>
      <Task>13825</Task>
      <Opcode>0</Opcode>
      <Keywords>0x8020000000000000</Keywords>
      <TimeCreated SystemTime="2019-05-08T03:00:37.624196400Z" />
      <EventRecordID>203062</EventRecordID>
      <Correlation />
      <Execution ProcessID="444" ThreadID="3956" />
      <Channel>Security</Channel>
      <Computer>DC1.insecurebank.local</Computer>
      <Security />
    </System>
    <EventData>
      <Data Name="ComputerAccountChange">-</Data>
      <Data Name="TargetUserName">ALICE$</Data>
      <Data Name="TargetDomainName">insecurebank</Data>
      <Data Name="TargetSid">S-1-5-21-738609754-2819869699-4189121830-1120</Data>
      <Data Name="SubjectUserSid">S-1-5-21-738609754-2819869699-4189121830-500</Data>
      <Data Name="SubjectUserName">Administrator</Data>
      <Data Name="SubjectDomainName">insecurebank</Data>
      <Data Name="SubjectLogonId">0x418a6da</Data>
      <Data Name="PrivilegeList">-</Data>
      <Data Name="SamAccountName">-</Data>
      <Data Name="DisplayName">-</Data>
      <Data Name="UserPrincipalName">-</Data>
      <Data Name="HomeDirectory">-</Data>
      <Data Name="HomePath">-</Data>
      <Data Name="ScriptPath">-</Data>
      <Data Name="ProfilePath">-</Data>
      <Data Name="UserWorkstations">-</Data>
      <Data Name="PasswordLastSet">-</Data>
      <Data Name="AccountExpires">-</Data>
      <Data Name="PrimaryGroupId">-</Data>
      <Data Name="AllowedToDelegateTo">-</Data>
      <Data Name="OldUacValue">-</Data>
      <Data Name="NewUacValue">-</Data>
      <Data Name="UserAccountControl">-</Data>
      <Data Name="UserParameters">-</Data>
      <Data Name="SidHistory">-</Data>
      <Data Name="LogonHours">-</Data>
      <Data Name="DnsHostName">-</Data>
      <Data Name="ServicePrincipalNames">
		HOST/alice.insecurebank.local
		RestrictedKrbHost/alice.insecurebank.local
		HOST/ALICE
		RestrictedKrbHost/ALICE
		TERMSRV/alice.insecurebank.local
		TERMSRV/ALICE
		WSMAN/alice.insecurebank.local
		WSMAN/alice
		E3514235-4B06-11D1-AB04-00C04FC2DCD2/ae9a3b29-01d1-4851-8ca8-e49cd3985e5b/insecurebank.local</Data>
    </EventData>
  </Event>
</root>