<root>
  <Event xmlns="http://schemas.microsoft.com/win/2004/08/events/event">
    <System>
      <Provider Name="Microsoft-Windows-Application-Experience" Guid="{EEF54E71-0661-422D-9A98-82FD4940B820}" />
      <EventID>500</EventID>
      <Version>0</Version>
      <Level>4</Level>
      <Task>0</Task>
      <Opcode>0</Opcode>
      <Keywords>0x1000000000000000</Keywords>
      <TimeCreated SystemTime="2019-03-19T17:06:22.938129700Z" />
      <EventRecordID>21</EventRecordID>
      <Correlation />
      <Execution ProcessID="3936" ThreadID="2156" />
      <Channel>Microsoft-Windows-Application-Experience/Program-Telemetry</Channel>
      <Computer>PC01.example.corp</Computer>
      <Security UserID="S-1-5-21-1587066498-1489273250-1035260531-1106" />
    </System>
    <UserData>
      <CompatibilityFixEvent xmlns:auto-ns2="http://schemas.microsoft.com/win/2004/08/events" xmlns="http://www.microsoft.com/Windows/Diagnosis/PCA/events">
        <ProcessId>3936</ProcessId>
        <StartTime>2019-03-19T17:06:22.908086500Z</StartTime>
        <FixID>{8A23A24A-9A8D-44B6-A6D4-556C53A289B5}</FixID>
        <Flags>0x10205</Flags>
        <ExePath>C:\Windows\System32\osk.exe</ExePath>
        <FixName>CorrectFilePaths</FixName>
      </CompatibilityFixEvent>
    </UserData>
  </Event>
  <Event xmlns="http://schemas.microsoft.com/win/2004/08/events/event">
    <System>
      <Provider Name="Microsoft-Windows-Application-Experience" Guid="{EEF54E71-0661-422D-9A98-82FD4940B820}" />
      <EventID>500</EventID>
      <Version>0</Version>
      <Level>4</Level>
      <Task>0</Task>
      <Opcode>0</Opcode>
      <Keywords>0x1000000000000000</Keywords>
      <TimeCreated SystemTime="2019-03-19T20:48:33.469625600Z" />
      <EventRecordID>22</EventRecordID>
      <Correlation />
      <Execution ProcessID="3724" ThreadID="1212" />
      <Channel>Microsoft-Windows-Application-Experience/Program-Telemetry</Channel>
      <Computer>PC01.example.corp</Computer>
      <Security UserID="S-1-5-21-1587066498-1489273250-1035260531-1106" />
    </System>
    <UserData>
      <CompatibilityFixEvent xmlns:auto-ns2="http://schemas.microsoft.com/win/2004/08/events" xmlns="http://www.microsoft.com/Windows/Diagnosis/PCA/events">
        <ProcessId>3724</ProcessId>
        <StartTime>2019-03-19T20:48:33.409539200Z</StartTime>
        <FixID>{8A23A24A-9A8D-44B6-A6D4-556C53A289B5}</FixID>
        <Flags>0x10205</Flags>
        <ExePath>C:\Windows\System32\osk.exe</ExePath>
        <FixName>CorrectFilePaths</FixName>
      </CompatibilityFixEvent>
    </UserData>
  </Event>
  <Event xmlns="http://schemas.microsoft.com/win/2004/08/events/event">
    <System>
      <Provider Name="Microsoft-Windows-Application-Experience" Guid="{EEF54E71-0661-422D-9A98-82FD4940B820}" />
      <EventID>500</EventID>
      <Version>0</Version>
      <Level>4</Level>
      <Task>0</Task>
      <Opcode>0</Opcode>
      <Keywords>0x1000000000000000</Keywords>
      <TimeCreated SystemTime="2019-03-19T20:49:27.877860800Z" />
      <EventRecordID>23</EventRecordID>
      <Correlation />
      <Execution ProcessID="3916" ThreadID="3912" />
      <Channel>Microsoft-Windows-Application-Experience/Program-Telemetry</Channel>
      <Computer>PC01.example.corp</Computer>
      <Security UserID="S-1-5-21-1587066498-1489273250-1035260531-1106" />
    </System>
    <UserData>
      <CompatibilityFixEvent xmlns:auto-ns2="http://schemas.microsoft.com/win/2004/08/events" xmlns="http://www.microsoft.com/Windows/Diagnosis/PCA/events">
        <ProcessId>3916</ProcessId>
        <StartTime>2019-03-19T20:49:27.827788800Z</StartTime>
        <FixID>{8A23A24A-9A8D-44B6-A6D4-556C53A289B5}</FixID>
        <Flags>0x10205</Flags>
        <ExePath>C:\Windows\System32\osk.exe</ExePath>
        <FixName>CorrectFilePaths</FixName>
      </CompatibilityFixEvent>
    </UserData>
  </Event>
  <Event xmlns="http://schemas.microsoft.com/win/2004/08/events/event">
    <System>
      <Provider Name="Microsoft-Windows-Application-Experience" Guid="{EEF54E71-0661-422D-9A98-82FD4940B820}" />
      <EventID>500</EventID>
      <Version>0</Version>
      <Level>4</Level>
      <Task>0</Task>
      <Opcode>0</Opcode>
      <Keywords>0x1000000000000000</Keywords>
      <TimeCreated SystemTime="2019-03-19T20:49:44.882312000Z" />
      <EventRecordID>24</EventRecordID>
      <Correlation />
      <Execution ProcessID="2668" ThreadID="3976" />
      <Channel>Microsoft-Windows-Application-Experience/Program-Telemetry</Channel>
      <Computer>PC01.example.corp</Computer>
      <Security UserID="S-1-5-21-1587066498-1489273250-1035260531-1106" />
    </System>
    <UserData>
      <CompatibilityFixEvent xmlns:auto-ns2="http://schemas.microsoft.com/win/2004/08/events" xmlns="http://www.microsoft.com/Windows/Diagnosis/PCA/events">
        <ProcessId>2668</ProcessId>
        <StartTime>2019-03-19T20:49:44.852268800Z</StartTime>
        <FixID>{8A23A24A-9A8D-44B6-A6D4-556C53A289B5}</FixID>
        <Flags>0x10205</Flags>
        <ExePath>C:\Windows\System32\osk.exe</ExePath>
        <FixName>CorrectFilePaths</FixName>
      </CompatibilityFixEvent>
    </UserData>
  </Event>
  <Event xmlns="http://schemas.microsoft.com/win/2004/08/events/event">
    <System>
      <Provider Name="Microsoft-Windows-Application-Experience" Guid="{EEF54E71-0661-422D-9A98-82FD4940B820}" />
      <EventID>500</EventID>
      <Version>0</Version>
      <Level>4</Level>
      <Task>0</Task>
      <Opcode>0</Opcode>
      <Keywords>0x1000000000000000</Keywords>
      <TimeCreated SystemTime="2019-03-19T20:52:26.034036800Z" />
      <EventRecordID>25</EventRecordID>
      <Correlation />
      <Execution ProcessID="3848" ThreadID="4008" />
      <Channel>Microsoft-Windows-Application-Experience/Program-Telemetry</Channel>
      <Computer>PC01.example.corp</Computer>
      <Security UserID="S-1-5-21-1587066498-1489273250-1035260531-1106" />
    </System>
    <UserData>
      <CompatibilityFixEvent xmlns:auto-ns2="http://schemas.microsoft.com/win/2004/08/events" xmlns="http://www.microsoft.com/Windows/Diagnosis/PCA/events">
        <ProcessId>3848</ProcessId>
        <StartTime>2019-03-19T20:52:25.993979200Z</StartTime>
        <FixID>{8A23A24A-9A8D-44B6-A6D4-556C53A289B5}</FixID>
        <Flags>0x10205</Flags>
        <ExePath>C:\Windows\System32\osk.exe</ExePath>
        <FixName>CorrectFilePaths</FixName>
      </CompatibilityFixEvent>
    </UserData>
  </Event>
  <Event xmlns="http://schemas.microsoft.com/win/2004/08/events/event">
    <System>
      <Provider Name="Microsoft-Windows-Application-Experience" Guid="{EEF54E71-0661-422D-9A98-82FD4940B820}" />
      <EventID>500</EventID>
      <Version>0</Version>
      <Level>4</Level>
      <Task>0</Task>
      <Opcode>0</Opcode>
      <Keywords>0x1000000000000000</Keywords>
      <TimeCreated SystemTime="2019-03-19T20:52:47.214492800Z" />
      <EventRecordID>26</EventRecordID>
      <Correlation />
      <Execution ProcessID="3088" ThreadID="3108" />
      <Channel>Microsoft-Windows-Application-Experience/Program-Telemetry</Channel>
      <Computer>PC01.example.corp</Computer>
      <Security UserID="S-1-5-21-1587066498-1489273250-1035260531-1106" />
    </System>
    <UserData>
      <CompatibilityFixEvent xmlns:auto-ns2="http://schemas.microsoft.com/win/2004/08/events" xmlns="http://www.microsoft.com/Windows/Diagnosis/PCA/events">
        <ProcessId>3088</ProcessId>
        <StartTime>2019-03-19T20:52:47.184449600Z</StartTime>
        <FixID>{8A23A24A-9A8D-44B6-A6D4-556C53A289B5}</FixID>
        <Flags>0x10205</Flags>
        <ExePath>C:\Windows\System32\osk.exe</ExePath>
        <FixName>CorrectFilePaths</FixName>
      </CompatibilityFixEvent>
    </UserData>
  </Event>
  <Event xmlns="http://schemas.microsoft.com/win/2004/08/events/event">
    <System>
      <Provider Name="Microsoft-Windows-Application-Experience" Guid="{EEF54E71-0661-422D-9A98-82FD4940B820}" />
      <EventID>500</EventID>
      <Version>0</Version>
      <Level>4</Level>
      <Task>0</Task>
      <Opcode>0</Opcode>
      <Keywords>0x1000000000000000</Keywords>
      <TimeCreated SystemTime="2019-03-19T20:58:31.749910400Z" />
      <EventRecordID>27</EventRecordID>
      <Correlation />
      <Execution ProcessID="3204" ThreadID="1368" />
      <Channel>Microsoft-Windows-Application-Experience/Program-Telemetry</Channel>
      <Computer>PC01.example.corp</Computer>
      <Security UserID="S-1-5-18" />
    </System>
    <UserData>
      <CompatibilityFixEvent xmlns:auto-ns2="http://schemas.microsoft.com/win/2004/08/events" xmlns="http://www.microsoft.com/Windows/Diagnosis/PCA/events">
        <ProcessId>3204</ProcessId>
        <StartTime>2019-03-19T20:58:31.719867200Z</StartTime>
        <FixID>{8A23A24A-9A8D-44B6-A6D4-556C53A289B5}</FixID>
        <Flags>0x10205</Flags>
        <ExePath>C:\Windows\system32\utilman.exe</ExePath>
        <FixName>CorrectFilePaths</FixName>
      </CompatibilityFixEvent>
    </UserData>
  </Event>
</root>