<root>
  <Event xmlns="http://schemas.microsoft.com/win/2004/08/events/event">
    <System>
      <Provider Name="Microsoft-Windows-Bits-Client" Guid="{EF1CC15B-46C1-414E-BB95-E76B077BD51E}" />
      <EventID>3</EventID>
      <Version>0</Version>
      <Level>4</Level>
      <Task>0</Task>
      <Opcode>0</Opcode>
      <Keywords>0x4000000000000000</Keywords>
      <TimeCreated SystemTime="2019-05-12T18:02:05.215197700Z" />
      <EventRecordID>3815</EventRecordID>
      <Correlation />
      <Execution ProcessID="964" ThreadID="984" />
      <Channel>Microsoft-Windows-Bits-Client/Operational</Channel>
      <Computer>IEWIN7</Computer>
      <Security UserID="S-1-5-18" />
    </System>
    <EventData>
      <Data Name="string">backdoor</Data>
      <Data Name="string2">IEWIN7\IEUser</Data>
      <Data Name="string3">
      </Data>
    </EventData>
  </Event>
  <Event xmlns="http://schemas.microsoft.com/win/2004/08/events/event">
    <System>
      <Provider Name="Microsoft-Windows-Bits-Client" Guid="{EF1CC15B-46C1-414E-BB95-E76B077BD51E}" />
      <EventID>59</EventID>
      <Version>1</Version>
      <Level>4</Level>
      <Task>0</Task>
      <Opcode>1</Opcode>
      <Keywords>0x4000000000000000</Keywords>
      <TimeCreated SystemTime="2019-05-12T18:04:50.121447700Z" />
      <EventRecordID>3817</EventRecordID>
      <Correlation ActivityID="{2515F08C-3969-4086-B4EC-6E8ECA6B722E}" />
      <Execution ProcessID="964" ThreadID="1404" />
      <Channel>Microsoft-Windows-Bits-Client/Operational</Channel>
      <Computer>IEWIN7</Computer>
      <Security UserID="S-1-5-18" />
    </System>
    <EventData>
      <Data Name="transferId">{2515F08C-3969-4086-B4EC-6E8ECA6B722E}</Data>
      <Data Name="name">backdoor</Data>
      <Data Name="Id">{B35C4A1D-4425-45BE-92D1-B67183AE222F}</Data>
      <Data Name="url">C:\Windows\system32\cmd.exe</Data>
      <Data Name="peer">
      </Data>
      <Data Name="fileTime">2010-11-20T12:17:00.401000000Z</Data>
      <Data Name="fileLength">302592</Data>
      <Data Name="bytesTotal">302592</Data>
      <Data Name="bytesTransferred">0</Data>
      <Data Name="bytesTransferredFromPeer">0</Data>
    </EventData>
  </Event>
  <Event xmlns="http://schemas.microsoft.com/win/2004/08/events/event">
    <System>
      <Provider Name="Microsoft-Windows-Bits-Client" Guid="{EF1CC15B-46C1-414E-BB95-E76B077BD51E}" />
      <EventID>60</EventID>
      <Version>1</Version>
      <Level>4</Level>
      <Task>0</Task>
      <Opcode>2</Opcode>
      <Keywords>0x4000000000000000</Keywords>
      <TimeCreated SystemTime="2019-05-12T18:04:50.137072700Z" />
      <EventRecordID>3818</EventRecordID>
      <Correlation ActivityID="{2515F08C-3969-4086-B4EC-6E8ECA6B722E}" />
      <Execution ProcessID="964" ThreadID="2428" />
      <Channel>Microsoft-Windows-Bits-Client/Operational</Channel>
      <Computer>IEWIN7</Computer>
      <Security UserID="S-1-5-18" />
    </System>
    <EventData>
      <Data Name="transferId">{2515F08C-3969-4086-B4EC-6E8ECA6B722E}</Data>
      <Data Name="name">backdoor</Data>
      <Data Name="Id">{B35C4A1D-4425-45BE-92D1-B67183AE222F}</Data>
      <Data Name="url">C:\Windows\system32\cmd.exe</Data>
      <Data Name="peer">
      </Data>
      <Data Name="hr">0</Data>
      <Data Name="fileTime">2010-11-20T12:17:00.401000000Z</Data>
      <Data Name="fileLength">302592</Data>
      <Data Name="bytesTotal">302592</Data>
      <Data Name="bytesTransferred">302592</Data>
      <Data Name="proxy">
      </Data>
      <Data Name="peerProtocolFlags">0</Data>
      <Data Name="bytesTransferredFromPeer">0</Data>
      <Data Name="AdditionalInfoHr">0</Data>
      <Data Name="PeerContextInfo">0</Data>
      <Data Name="bandwidthLimit">18446744073709551615</Data>
      <Data Name="ignoreBandwidthLimitsOnLan">false</Data>
    </EventData>
  </Event>
  <Event xmlns="http://schemas.microsoft.com/win/2004/08/events/event">
    <System>
      <Provider Name="Microsoft-Windows-Bits-Client" Guid="{EF1CC15B-46C1-414E-BB95-E76B077BD51E}" />
      <EventID>3</EventID>
      <Version>0</Version>
      <Level>4</Level>
      <Task>0</Task>
      <Opcode>0</Opcode>
      <Keywords>0x4000000000000000</Keywords>
      <TimeCreated SystemTime="2019-05-13T14:50:01.999051100Z" />
      <EventRecordID>3825</EventRecordID>
      <Correlation />
      <Execution ProcessID="964" ThreadID="2088" />
      <Channel>Microsoft-Windows-Bits-Client/Operational</Channel>
      <Computer>IEWIN7</Computer>
      <Security UserID="S-1-5-18" />
    </System>
    <EventData>
      <Data Name="string">hola</Data>
      <Data Name="string2">IEWIN7\IEUser</Data>
      <Data Name="string3">
      </Data>
    </EventData>
  </Event>
  <Event xmlns="http://schemas.microsoft.com/win/2004/08/events/event">
    <System>
      <Provider Name="Microsoft-Windows-Bits-Client" Guid="{EF1CC15B-46C1-414E-BB95-E76B077BD51E}" />
      <EventID>59</EventID>
      <Version>1</Version>
      <Level>4</Level>
      <Task>0</Task>
      <Opcode>1</Opcode>
      <Keywords>0x4000000000000000</Keywords>
      <TimeCreated SystemTime="2019-05-13T14:50:59.389676100Z" />
      <EventRecordID>3827</EventRecordID>
      <Correlation ActivityID="{905EB165-B377-4DEC-929B-6F6F124E02AA}" />
      <Execution ProcessID="964" ThreadID="1460" />
      <Channel>Microsoft-Windows-Bits-Client/Operational</Channel>
      <Computer>IEWIN7</Computer>
      <Security UserID="S-1-5-18" />
    </System>
    <EventData>
      <Data Name="transferId">{905EB165-B377-4DEC-929B-6F6F124E02AA}</Data>
      <Data Name="name">hola</Data>
      <Data Name="Id">{51607467-5AB5-4DCB-AAF0-FB92C997C0BD}</Data>
      <Data Name="url">C:\Windows\system32\cmd.exe</Data>
      <Data Name="peer">
      </Data>
      <Data Name="fileTime">2010-11-20T12:17:00.401000000Z</Data>
      <Data Name="fileLength">302592</Data>
      <Data Name="bytesTotal">302592</Data>
      <Data Name="bytesTransferred">0</Data>
      <Data Name="bytesTransferredFromPeer">0</Data>
    </EventData>
  </Event>
  <Event xmlns="http://schemas.microsoft.com/win/2004/08/events/event">
    <System>
      <Provider Name="Microsoft-Windows-Bits-Client" Guid="{EF1CC15B-46C1-414E-BB95-E76B077BD51E}" />
      <EventID>60</EventID>
      <Version>1</Version>
      <Level>4</Level>
      <Task>0</Task>
      <Opcode>2</Opcode>
      <Keywords>0x4000000000000000</Keywords>
      <TimeCreated SystemTime="2019-05-13T14:50:59.405301100Z" />
      <EventRecordID>3828</EventRecordID>
      <Correlation ActivityID="{905EB165-B377-4DEC-929B-6F6F124E02AA}" />
      <Execution ProcessID="964" ThreadID="3176" />
      <Channel>Microsoft-Windows-Bits-Client/Operational</Channel>
      <Computer>IEWIN7</Computer>
      <Security UserID="S-1-5-18" />
    </System>
    <EventData>
      <Data Name="transferId">{905EB165-B377-4DEC-929B-6F6F124E02AA}</Data>
      <Data Name="name">hola</Data>
      <Data Name="Id">{51607467-5AB5-4DCB-AAF0-FB92C997C0BD}</Data>
      <Data Name="url">C:\Windows\system32\cmd.exe</Data>
      <Data Name="peer">
      </Data>
      <Data Name="hr">0</Data>
      <Data Name="fileTime">2010-11-20T12:17:00.401000000Z</Data>
      <Data Name="fileLength">302592</Data>
      <Data Name="bytesTotal">302592</Data>
      <Data Name="bytesTransferred">302592</Data>
      <Data Name="proxy">
      </Data>
      <Data Name="peerProtocolFlags">0</Data>
      <Data Name="bytesTransferredFromPeer">0</Data>
      <Data Name="AdditionalInfoHr">0</Data>
      <Data Name="PeerContextInfo">0</Data>
      <Data Name="bandwidthLimit">18446744073709551615</Data>
      <Data Name="ignoreBandwidthLimitsOnLan">false</Data>
    </EventData>
  </Event>
</root>