<root>
  <Event xmlns="http://schemas.microsoft.com/win/2004/08/events/event">
    <System>
      <Provider Name="Microsoft-Windows-Winsock-WS2HELP" Guid="{D5C25F9A-4D47-493E-9184-40DD397A004D}" />
      <EventID>1</EventID>
      <Version>0</Version>
      <Level>0</Level>
      <Task>0</Task>
      <Opcode>0</Opcode>
      <Keywords>0x8000000000000000</Keywords>
      <TimeCreated SystemTime="2019-08-23T12:37:37.100800900Z" />
      <EventRecordID>1</EventRecordID>
      <Correlation />
      <Execution ProcessID="5180" ThreadID="1088" />
      <Channel>Microsoft-Windows-Winsock-WS2HELP/Operational</Channel>
      <Computer>MSEDGEWIN10</Computer>
      <Security UserID="S-1-5-18" />
    </System>
    <EventData>
      <Data Name="LSPName">PROXYCAP LSP</Data>
      <Data Name="Catalog">32</Data>
      <Data Name="Installer">C:\Windows\System32\MsiExec.exe</Data>
      <Data Name="GUID">{7E35F09E-CF45-CF00-3594-397712626D0F}</Data>
      <Data Name="Category">1016</Data>
    </EventData>
  </Event>
  <Event xmlns="http://schemas.microsoft.com/win/2004/08/events/event">
    <System>
      <Provider Name="Microsoft-Windows-Winsock-WS2HELP" Guid="{D5C25F9A-4D47-493E-9184-40DD397A004D}" />
      <EventID>1</EventID>
      <Version>0</Version>
      <Level>0</Level>
      <Task>0</Task>
      <Opcode>0</Opcode>
      <Keywords>0x8000000000000000</Keywords>
      <TimeCreated SystemTime="2019-08-23T12:37:38.521158400Z" />
      <EventRecordID>2</EventRecordID>
      <Correlation />
      <Execution ProcessID="5284" ThreadID="8096" />
      <Channel>Microsoft-Windows-Winsock-WS2HELP/Operational</Channel>
      <Computer>MSEDGEWIN10</Computer>
      <Security UserID="S-1-5-18" />
    </System>
    <EventData>
      <Data Name="LSPName">PROXYCAP LSP</Data>
      <Data Name="Catalog">32</Data>
      <Data Name="Installer">C:\Windows\syswow64\MsiExec.exe</Data>
      <Data Name="GUID">{7E35F09E-CF45-CF00-3594-397712626D0F}</Data>
      <Data Name="Category">1021</Data>
    </EventData>
  </Event>
</root>