<root>
  <Event xmlns="http://schemas.microsoft.com/win/2004/08/events/event">
    <System>
      <Provider Name="Microsoft-Windows-Sysmon" Guid="{5770385F-C22A-43E0-BF4C-06F5698FFBD9}" />
      <EventID>13</EventID>
      <Version>2</Version>
      <Level>4</Level>
      <Task>13</Task>
      <Opcode>0</Opcode>
      <Keywords>0x8000000000000000</Keywords>
      <TimeCreated SystemTime="2019-05-28T23:09:38.589832400Z" />
      <EventRecordID>6625</EventRecordID>
      <Correlation />
      <Execution ProcessID="2032" ThreadID="2420" />
      <Channel>Microsoft-Windows-Sysmon/Operational</Channel>
      <Computer>IEWIN7</Computer>
      <Security UserID="S-1-5-18" />
    </System>
    <EventData>
      <Data Name="RuleName">Persistence - Startup User Shell Folder Modified</Data>
      <Data Name="EventType">SetValue</Data>
      <Data Name="UtcTime">2019-05-28 23:09:38.589</Data>
      <Data Name="ProcessGuid">{365ABB72-BFB2-5CED-0000-0010F2C03600}</Data>
      <Data Name="ProcessId">1520</Data>
      <Data Name="Image">C:\Windows\system32\reg.exe</Data>
      <Data Name="TargetObject">HKU\S-1-5-21-3583694148-1414552638-2922671848-1000\Software\Microsoft\Windows\CurrentVersion\Explorer\User Shell Folders\startup</Data>
      <Data Name="Details">c:\programdata\StartupNewHomeAddress</Data>
    </EventData>
  </Event>
</root>