<root>
  <Event xmlns="http://schemas.microsoft.com/win/2004/08/events/event">
    <System>
      <Provider Name="Microsoft-Windows-Security-Auditing" Guid="{54849625-5478-4994-A5BA-3E3B0328C30D}" />
      <EventID>4776</EventID>
      <Version>0</Version>
      <Level>0</Level>
      <Task>14336</Task>
      <Opcode>0</Opcode>
      <Keywords>0x8020000000000000</Keywords>
      <TimeCreated SystemTime="2019-02-02T09:16:52.479004700Z" />
      <EventRecordID>65966</EventRecordID>
      <Correlation />
      <Execution ProcessID="612" ThreadID="1280" />
      <Channel>Security</Channel>
      <Computer>ICORP-DC.internal.corp</Computer>
      <Security />
    </System>
    <EventData>
      <Data Name="PackageName">MICROSOFT_AUTHENTICATION_PACKAGE_V1_0</Data>
      <Data Name="TargetUserName">helpdesk</Data>
      <Data Name="Workstation">evil.internal.corp</Data>
      <Data Name="Status">0x0</Data>
    </EventData>
  </Event>
  <Event xmlns="http://schemas.microsoft.com/win/2004/08/events/event">
    <System>
      <Provider Name="Microsoft-Windows-Security-Auditing" Guid="{54849625-5478-4994-A5BA-3E3B0328C30D}" />
      <EventID>4624</EventID>
      <Version>2</Version>
      <Level>0</Level>
      <Task>12544</Task>
      <Opcode>0</Opcode>
      <Keywords>0x8020000000000000</Keywords>
      <TimeCreated SystemTime="2019-02-02T09:16:58.787262700Z" />
      <EventRecordID>65967</EventRecordID>
      <Correlation />
      <Execution ProcessID="612" ThreadID="1884" />
      <Channel>Security</Channel>
      <Computer>ICORP-DC.internal.corp</Computer>
      <Security />
    </System>
    <EventData>
      <Data Name="SubjectUserSid">S-1-0-0</Data>
      <Data Name="SubjectUserName">-</Data>
      <Data Name="SubjectDomainName">-</Data>
      <Data Name="SubjectLogonId">0x0</Data>
      <Data Name="TargetUserSid">S-1-5-18</Data>
      <Data Name="TargetUserName">ICORP-DC$</Data>
      <Data Name="TargetDomainName">INTERNAL.CORP</Data>
      <Data Name="TargetLogonId">0x24c879</Data>
      <Data Name="LogonType">3</Data>
      <Data Name="LogonProcessName">Kerberos</Data>
      <Data Name="AuthenticationPackageName">Kerberos</Data>
      <Data Name="WorkstationName">-</Data>
      <Data Name="LogonGuid">{94BA67EA-8490-3C86-6DB7-DF74C9AA4449}</Data>
      <Data Name="TransmittedServices">-</Data>
      <Data Name="LmPackageName">-</Data>
      <Data Name="KeyLength">0</Data>
      <Data Name="ProcessId">0x0</Data>
      <Data Name="ProcessName">-</Data>
      <Data Name="IpAddress">127.0.0.1</Data>
      <Data Name="IpPort">50151</Data>
      <Data Name="ImpersonationLevel">%%1833</Data>
      <Data Name="RestrictedAdminMode">-</Data>
      <Data Name="TargetOutboundUserName">-</Data>
      <Data Name="TargetOutboundDomainName">-</Data>
      <Data Name="VirtualAccount">%%1843</Data>
      <Data Name="TargetLinkedLogonId">0x0</Data>
      <Data Name="ElevatedToken">%%1842</Data>
    </EventData>
  </Event>
  <Event xmlns="http://schemas.microsoft.com/win/2004/08/events/event">
    <System>
      <Provider Name="Microsoft-Windows-Security-Auditing" Guid="{54849625-5478-4994-A5BA-3E3B0328C30D}" />
      <EventID>4776</EventID>
      <Version>0</Version>
      <Level>0</Level>
      <Task>14336</Task>
      <Opcode>0</Opcode>
      <Keywords>0x8020000000000000</Keywords>
      <TimeCreated SystemTime="2019-02-02T09:17:22.562534700Z" />
      <EventRecordID>65968</EventRecordID>
      <Correlation />
      <Execution ProcessID="612" ThreadID="1884" />
      <Channel>Security</Channel>
      <Computer>ICORP-DC.internal.corp</Computer>
      <Security />
    </System>
    <EventData>
      <Data Name="PackageName">MICROSOFT_AUTHENTICATION_PACKAGE_V1_0</Data>
      <Data Name="TargetUserName">EXCHANGE$</Data>
      <Data Name="Workstation">EXCHANGE</Data>
      <Data Name="Status">0x0</Data>
    </EventData>
  </Event>
  <Event xmlns="http://schemas.microsoft.com/win/2004/08/events/event">
    <System>
      <Provider Name="Microsoft-Windows-Security-Auditing" Guid="{54849625-5478-4994-A5BA-3E3B0328C30D}" />
      <EventID>4624</EventID>
      <Version>2</Version>
      <Level>0</Level>
      <Task>12544</Task>
      <Opcode>0</Opcode>
      <Keywords>0x8020000000000000</Keywords>
      <TimeCreated SystemTime="2019-02-02T09:17:22.563018200Z" />
      <EventRecordID>65969</EventRecordID>
      <Correlation />
      <Execution ProcessID="612" ThreadID="1884" />
      <Channel>Security</Channel>
      <Computer>ICORP-DC.internal.corp</Computer>
      <Security />
    </System>
    <EventData>
      <Data Name="SubjectUserSid">S-1-0-0</Data>
      <Data Name="SubjectUserName">-</Data>
      <Data Name="SubjectDomainName">-</Data>
      <Data Name="SubjectLogonId">0x0</Data>
      <Data Name="TargetUserSid">S-1-5-21-2895268558-4179327395-2773671012-1108</Data>
      <Data Name="TargetUserName">EXCHANGE$</Data>
      <Data Name="TargetDomainName">ICORP</Data>
      <Data Name="TargetLogonId">0x24daa6</Data>
      <Data Name="LogonType">3</Data>
      <Data Name="LogonProcessName">NtLmSsp </Data>
      <Data Name="AuthenticationPackageName">NTLM</Data>
      <Data Name="WorkstationName">EXCHANGE</Data>
      <Data Name="LogonGuid">{00000000-0000-0000-0000-000000000000}</Data>
      <Data Name="TransmittedServices">-</Data>
      <Data Name="LmPackageName">NTLM V2</Data>
      <Data Name="KeyLength">0</Data>
      <Data Name="ProcessId">0x0</Data>
      <Data Name="ProcessName">-</Data>
      <Data Name="IpAddress">192.168.111.87</Data>
      <Data Name="IpPort">58128</Data>
      <Data Name="ImpersonationLevel">%%1833</Data>
      <Data Name="RestrictedAdminMode">-</Data>
      <Data Name="TargetOutboundUserName">-</Data>
      <Data Name="TargetOutboundDomainName">-</Data>
      <Data Name="VirtualAccount">%%1843</Data>
      <Data Name="TargetLinkedLogonId">0x0</Data>
      <Data Name="ElevatedToken">%%1842</Data>
    </EventData>
  </Event>
  <Event xmlns="http://schemas.microsoft.com/win/2004/08/events/event">
    <System>
      <Provider Name="Microsoft-Windows-Security-Auditing" Guid="{54849625-5478-4994-A5BA-3E3B0328C30D}" />
      <EventID>4662</EventID>
      <Version>0</Version>
      <Level>0</Level>
      <Task>14080</Task>
      <Opcode>0</Opcode>
      <Keywords>0x8020000000000000</Keywords>
      <TimeCreated SystemTime="2019-02-02T09:17:23.193671900Z" />
      <EventRecordID>65970</EventRecordID>
      <Correlation />
      <Execution ProcessID="612" ThreadID="724" />
      <Channel>Security</Channel>
      <Computer>ICORP-DC.internal.corp</Computer>
      <Security />
    </System>
    <EventData>
      <Data Name="SubjectUserSid">S-1-5-21-2895268558-4179327395-2773671012-1108</Data>
      <Data Name="SubjectUserName">EXCHANGE$</Data>
      <Data Name="SubjectDomainName">ICORP</Data>
      <Data Name="SubjectLogonId">0x24daa6</Data>
      <Data Name="ObjectServer">DS</Data>
      <Data Name="ObjectType">%{19195a5b-6da0-11d0-afd3-00c04fd930c9}</Data>
      <Data Name="ObjectName">%{77f4548a-5e9d-4649-89f9-a0177c722361}</Data>
      <Data Name="OperationType">Object Access</Data>
      <Data Name="HandleId">0x0</Data>
      <Data Name="AccessList">%%1539
				</Data>
      <Data Name="AccessMask">0x40000</Data>
      <Data Name="Properties">%%1539
	{19195a5b-6da0-11d0-afd3-00c04fd930c9}
</Data>
      <Data Name="AdditionalInfo">-</Data>
      <Data Name="AdditionalInfo2">
      </Data>
    </EventData>
  </Event>
  <Event xmlns="http://schemas.microsoft.com/win/2004/08/events/event">
    <System>
      <Provider Name="Microsoft-Windows-Security-Auditing" Guid="{54849625-5478-4994-A5BA-3E3B0328C30D}" />
      <EventID>4624</EventID>
      <Version>2</Version>
      <Level>0</Level>
      <Task>12544</Task>
      <Opcode>0</Opcode>
      <Keywords>0x8020000000000000</Keywords>
      <TimeCreated SystemTime="2019-02-02T09:17:23.206182500Z" />
      <EventRecordID>65971</EventRecordID>
      <Correlation ActivityID="{E7B51CDE-BAD3-0000-481F-B5E7D3BAD401}" />
      <Execution ProcessID="612" ThreadID="1280" />
      <Channel>Security</Channel>
      <Computer>ICORP-DC.internal.corp</Computer>
      <Security />
    </System>
    <EventData>
      <Data Name="SubjectUserSid">S-1-0-0</Data>
      <Data Name="SubjectUserName">-</Data>
      <Data Name="SubjectDomainName">-</Data>
      <Data Name="SubjectLogonId">0x0</Data>
      <Data Name="TargetUserSid">S-1-5-18</Data>
      <Data Name="TargetUserName">ICORP-DC$</Data>
      <Data Name="TargetDomainName">INTERNAL.CORP</Data>
      <Data Name="TargetLogonId">0x24db24</Data>
      <Data Name="LogonType">3</Data>
      <Data Name="LogonProcessName">Kerberos</Data>
      <Data Name="AuthenticationPackageName">Kerberos</Data>
      <Data Name="WorkstationName">-</Data>
      <Data Name="LogonGuid">{5A66FDFF-B4E8-5133-53A9-72A5DE1C31FB}</Data>
      <Data Name="TransmittedServices">-</Data>
      <Data Name="LmPackageName">-</Data>
      <Data Name="KeyLength">0</Data>
      <Data Name="ProcessId">0x0</Data>
      <Data Name="ProcessName">-</Data>
      <Data Name="IpAddress">::1</Data>
      <Data Name="IpPort">50152</Data>
      <Data Name="ImpersonationLevel">%%1840</Data>
      <Data Name="RestrictedAdminMode">-</Data>
      <Data Name="TargetOutboundUserName">-</Data>
      <Data Name="TargetOutboundDomainName">-</Data>
      <Data Name="VirtualAccount">%%1843</Data>
      <Data Name="TargetLinkedLogonId">0x0</Data>
      <Data Name="ElevatedToken">%%1842</Data>
    </EventData>
  </Event>
  <Event xmlns="http://schemas.microsoft.com/win/2004/08/events/event">
    <System>
      <Provider Name="Microsoft-Windows-Security-Auditing" Guid="{54849625-5478-4994-A5BA-3E3B0328C30D}" />
      <EventID>5136</EventID>
      <Version>0</Version>
      <Level>0</Level>
      <Task>14081</Task>
      <Opcode>0</Opcode>
      <Keywords>0x8020000000000000</Keywords>
      <TimeCreated SystemTime="2019-02-02T09:17:27.629413300Z" />
      <EventRecordID>65972</EventRecordID>
      <Correlation />
      <Execution ProcessID="612" ThreadID="716" />
      <Channel>Security</Channel>
      <Computer>ICORP-DC.internal.corp</Computer>
      <Security />
    </System>
    <EventData>
      <Data Name="OpCorrelationID">{3D862A5C-0FD6-444B-8897-323F778893D8}</Data>
      <Data Name="AppCorrelationID">-</Data>
      <Data Name="SubjectUserSid">S-1-5-21-2895268558-4179327395-2773671012-1108</Data>
      <Data Name="SubjectUserName">EXCHANGE$</Data>
      <Data Name="SubjectDomainName">ICORP</Data>
      <Data Name="SubjectLogonId">0x24daa6</Data>
      <Data Name="DSName">internal.corp</Data>
      <Data Name="DSType">%%14676</Data>
      <Data Name="ObjectDN">DC=internal,DC=corp</Data>
      <Data Name="ObjectGUID">{77F4548A-5E9D-4649-89F9-A0177C722361}</Data>
      <Data Name="ObjectClass">domainDNS</Data>
      <Data Name="AttributeLDAPDisplayName">nTSecurityDescriptor</Data>
      <Data Name="AttributeSyntaxOID">2.5.5.15</Data>
      <Data Name="AttributeValue">O:BAG:BAD:AI(D;;DC;;;WD)(OA;CI;CR;ab721a53-1e2f-11d0-9819-00aa0040529b;bf967aba-0de6-11d0-a285-00aa003049e2;S-1-5-21-2895268558-4179327395-2773671012-1126)(OA;CI;CR;00299570-246d-11d0-a768-00aa006e0529;bf967aba-0de6-11d0-a285-00aa003049e2;S-1-5-21-2895268558-4179327395-2773671012-1126)(OA;CIIO;CCDCLC;c975c901-6cea-4b6f-8319-d67f45449506;4828cc14-1437-45bc-9b07-ad6f015e5f28;S-1-5-21-2895268558-4179327395-2773671012-1123)(OA;CIIO;CCDCLC;c975c901-6cea-4b6f-8319-d67f45449506;bf967aba-0de6-11d0-a285-00aa003049e2;S-1-5-21-2895268558-4179327395-2773671012-1123)(OA;;CR;3e0f7e18-2c7a-4c10-ba82-4d926db99a3e;;S-1-5-21-2895268558-4179327395-2773671012-522)(OA;;CR;1131f6aa-9c07-11d1-f79f-00c04fc2dcd2;;S-1-5-21-2895268558-4179327395-2773671012-498)(OA;;CR;1131f6ab-9c07-11d1-f79f-00c04fc2dcd2;;S-1-5-21-2895268558-4179327395-2773671012-1123)(OA;;CR;1131f6ad-9c07-11d1-f79f-00c04fc2dcd2;;DD)(OA;CI;CC;4828cc14-1437-45bc-9b07-ad6f015e5f28;;S-1-5-21-2895268558-4179327395-2773671012-1126)(OA;CI;CC;bf967a86-0de6-11d0-a285-00aa003049e2;;S-1-5-21-2895268558-4179327395-2773671012-1126)(OA;CI;CC;bf967a9c-0de6-11d0-a285-00aa003049e2;;S-1-5-21-2895268558-4179327395-2773671012-1126)(OA;CI;CC;bf967aa5-0de6-11d0-a285-00aa003049e2;;S-1-5-21-2895268558-4179327395-2773671012-1126)(OA;CI;CC;bf967aba-0de6-11d0-a285-00aa003049e2;;S-1-5-21-2895268558-4179327395-2773671012-1126)(OA;CI;CC;5cb41ed0-0e4c-11d0-a286-00aa003049e2;;S-1-5-21-2895268558-4179327395-2773671012-1126)(OA;CI;RP;4c164200-20c0-11d0-a768-00aa006e0529;;S-1-5-21-2895268558-4179327395-2773671012-1118)(OA;CI;RP;b1b3a417-ec55-4191-b327-b72e33e38af2;;S-1-5-21-2895268558-4179327395-2773671012-1123)(OA;CI;RP;9a7ad945-ca53-11d1-bbd0-0080c76670c0;;S-1-5-21-2895268558-4179327395-2773671012-1123)(OA;CI;RP;bf967a68-0de6-11d0-a285-00aa003049e2;;S-1-5-21-2895268558-4179327395-2773671012-1123)(OA;CI;RP;1f298a89-de98-47b8-b5cd-572ad53d267e;;S-1-5-21-2895268558-4179327395-2773671012-1123)(OA;CI;RP;bf967991-0de6-11d0-a285-00aa003049e2;;S-1-5-21-2895268558-4179327395-2773671012-1123)(OA;CI;RP;5fd424a1-1262-11d0-a060-00aa006c33ed;;S-1-5-21-2895268558-4179327395-2773671012-1123)(OA;CI;WP;bf967a06-0de6-11d0-a285-00aa003049e2;;S-1-5-21-2895268558-4179327395-2773671012-1109)(OA;CI;WP;bf967a06-0de6-11d0-a285-00aa003049e2;;S-1-5-21-2895268558-4179327395-2773671012-1124)(OA;CI;WP;bf967a0a-0de6-11d0-a285-00aa003049e2;;S-1-5-21-2895268558-4179327395-2773671012-1126)(OA;CI;WP;3e74f60e-3e73-11d1-a9c0-0000f80367c1;;S-1-5-21-2895268558-4179327395-2773671012-1109)(OA;CI;WP;3e74f60e-3e73-11d1-a9c0-0000f80367c1;;S-1-5-21-2895268558-4179327395-2773671012-1124)(OA;CI;WP;b1b3a417-ec55-4191-b327-b72e33e38af2;;S-1-5-21-2895268558-4179327395-2773671012-1109)(OA;CI;WP;b1b3a417-ec55-4191-b327-b72e33e38af2;;S-1-5-21-2895268558-4179327395-2773671012-1124)(OA;CI;WP;bf96791a-0de6-11d0-a285-00aa003049e2;;S-1-5-21-2895268558-4179327395-2773671012-1109)(OA;CI;WP;bf96791a-0de6-11d0-a285-00aa003049e2;;S-1-5-21-2895268558-4179327395-2773671012-1124)(OA;CI;WP;9a9a021e-4a5b-11d1-a9c3-0000f80367c1;;S-1-5-21-2895268558-4179327395-2773671012-1123)(OA;CI;WP;0296c120-40da-11d1-a9c0-0000f80367c1;;S-1-5-21-2895268558-4179327395-2773671012-1126)(OA;CI;WP;934de926-b09e-11d2-aa06-00c04f8eedd8;;S-1-5-21-2895268558-4179327395-2773671012-1123)(OA;CI;WP;5e353847-f36c-48be-a7f7-49685402503c;;S-1-5-21-2895268558-4179327395-2773671012-1123)(OA;CI;WP;8d3bca50-1d7e-11d0-a081-00aa006c33ed;;S-1-5-21-2895268558-4179327395-2773671012-1123)(OA;CI;WP;bf967953-0de6-11d0-a285-00aa003049e2;;S-1-5-21-2895268558-4179327395-2773671012-1109)(OA;CI;WP;bf967953-0de6-11d0-a285-00aa003049e2;;S-1-5-21-2895268558-4179327395-2773671012-1124)(OA;CI;WP;e48d0154-bcf8-11d1-8702-00c04fb96050;;S-1-5-21-2895268558-4179327395-2773671012-1124)(OA;CI;WP;275b2f54-982d-4dcd-b0ad-e53501445efb;;S-1-5-21-2895268558-4179327395-2773671012-1123)(OA;CI;WP;bf967954-0de6-11d0-a285-00aa003049e2;;S-1-5-21-2895268558-4179327395-2773671012-1109)(OA;CI;WP;bf967954-0de6-11d0-a285-00aa003049e2;;S-1-5-21-2895268558-4179327395-2773671012-1124)(OA;CI;WP;bf967961-0de6-11d0-a285-00aa003049e2;;S-1-5-21-2895268558-4179327395-2773671012-1109)(OA;CI;WP;bf967961-0de6-11d0-a285-00aa003049e2;;S-1-5-21-2895268558-4179327395-2773671012-1124)(OA;CI;WP;bf967a68-0de6-11d0-a285-00aa003049e2;;S-1-5-21-2895268558-4179327395-2773671012-1126)(OA;CI;WP;5fd42471-1262-11d0-a060-00aa006c33ed;;S-1-5-21-2895268558-4179327395-2773671012-1126)(OA;CI;WP;5430e777-c3ea-4024-902e-dde192204669;;S-1-5-21-2895268558-4179327395-2773671012-1123)(OA;CI;WP;6f606079-3a82-4c1b-8efb-dcc8c91d26fe;;S-1-5-21-2895268558-4179327395-2773671012-1123)(OA;CI;WP;bf967a7a-0de6-11d0-a285-00aa003049e2;;S-1-5-21-2895268558-4179327395-2773671012-1126)(OA;CI;WP;bf967a7f-0de6-11d0-a285-00aa003049e2;;S-1-5-21-2895268558-4179327395-2773671012-1123)(OA;CI;WP;614aea82-abc6-4dd0-a148-d67a59c72816;;S-1-5-21-2895268558-4179327395-2773671012-1123)(OA;CI;WP;66437984-c3c5-498f-b269-987819ef484b;;S-1-5-21-2895268558-4179327395-2773671012-1123)(OA;CI;WP;77b5b886-944a-11d1-aebd-0000f80367c1;;S-1-5-21-2895268558-4179327395-2773671012-1124)(OA;CI;WP;a8df7489-c5ea-11d1-bbcb-0080c76670c0;;S-1-5-21-2895268558-4179327395-2773671012-1109)(OA;CI;WP;a8df7489-c5ea-11d1-bbcb-0080c76670c0;;S-1-5-21-2895268558-4179327395-2773671012-1124)(OA;CI;WP;1f298a89-de98-47b8-b5cd-572ad53d267e;;S-1-5-21-2895268558-4179327395-2773671012-1109)(OA;CI;WP;1f298a89-de98-47b8-b5cd-572ad53d267e;;S-1-5-21-2895268558-4179327395-2773671012-1124)(OA;CI;WP;f0f8ff9a-1191-11d0-a060-00aa006c33ed;;S-1-5-21-2895268558-4179327395-2773671012-1109)(OA;CI;WP;f0f8ff9a-1191-11d0-a060-00aa006c33ed;;S-1-5-21-2895268558-4179327395-2773671012-1123)(OA;CI;WP;f0f8ff9a-1191-11d0-a060-00aa006c33ed;;S-1-5-21-2895268558-4179327395-2773671012-1124)(OA;CI;WP;2cc06e9d-6f7e-426a-8825-0215de176e11;;S-1-5-21-2895268558-4179327395-2773671012-1123)(OA;CI;WP;5fd424a1-1262-11d0-a060-00aa006c33ed;;S-1-5-21-2895268558-4179327395-2773671012-1109)(OA;CI;WP;5fd424a1-1262-11d0-a060-00aa006c33ed;;S-1-5-21-2895268558-4179327395-2773671012-1124)(OA;CI;WP;3263e3b8-fd6b-4c60-87f2-34bdaa9d69eb;;S-1-5-21-2895268558-4179327395-2773671012-1123)(OA;CI;WP;28630ebc-41d5-11d1-a9c1-0000f80367c1;;S-1-5-21-2895268558-4179327395-2773671012-1109)(OA;CI;WP;28630ebc-41d5-11d1-a9c1-0000f80367c1;;S-1-5-21-2895268558-4179327395-2773671012-1124)(OA;CI;WP;bf9679c0-0de6-11d0-a285-00aa003049e2;;S-1-5-21-2895268558-4179327395-2773671012-1126)(OA;CI;WP;3e0abfd0-126a-11d0-a060-00aa006c33ed;;S-1-5-21-2895268558-4179327395-2773671012-1126)(OA;CI;WP;7cb4c7d3-8787-42b0-b438-3c5d479ad31e;;S-1-5-21-2895268558-4179327395-2773671012-1123)(OA;CI;RPWP;5b47d60f-6090-40b2-9f37-2a4de88f3063;;S-1-5-21-2895268558-4179327395-2773671012-526)(OA;CI;RPWP;5b47d60f-6090-40b2-9f37-2a4de88f3063;;S-1-5-21-2895268558-4179327395-2773671012-527)(OA;CI;DTWD;;4828cc14-1437-45bc-9b07-ad6f015e5f28;S-1-5-21-2895268558-4179327395-2773671012-1126)(OA;CI;DTWD;;bf967aba-0de6-11d0-a285-00aa003049e2;S-1-5-21-2895268558-4179327395-2773671012-1126)(OA;CI;CCDCLCRPWPLO;f0f8ffac-1191-11d0-a060-00aa006c33ed;;S-1-5-21-2895268558-4179327395-2773671012-1124)(OA;CI;CCDCLCRPWPLO;e8b2aff2-59a7-4eac-9a70-819adef701dd;;S-1-5-21-2895268558-4179327395-2773671012-1123)(OA;CI;CCDCLCSWRPWPDTLOCRSDRCWDWO;018849b0-a981-11d2-a9ff-00c04f8eedd8;;S-1-5-21-2895268558-4179327395-2773671012-1109)(OA;CI;CCDCLCSWRPWPDTLOCRSDRCWDWO;018849b0-a981-11d2-a9ff-00c04f8eedd8;;S-1-5-21-2895268558-4179327395-2773671012-1124)(OA;CIIO;SD;;4828cc14-1437-45bc-9b07-ad6f015e5f28;S-1-5-21-2895268558-4179327395-2773671012-1126)(OA;CIIO;SD;;bf967a86-0de6-11d0-a285-00aa003049e2;S-1-5-21-2895268558-4179327395-2773671012-1126)(OA;CIIO;SD;;bf967a9c-0de6-11d0-a285-00aa003049e2;S-1-5-21-2895268558-4179327395-2773671012-1126)(OA;CIIO;SD;;bf967aa5-0de6-11d0-a285-00aa003049e2;S-1-5-21-2895268558-4179327395-2773671012-1126)(OA;CIIO;SD;;bf967aba-0de6-11d0-a285-00aa003049e2;S-1-5-21-2895268558-4179327395-2773671012-1126)(OA;CIIO;SD;;5cb41ed0-0e4c-11d0-a286-00aa003049e2;S-1-5-21-2895268558-4179327395-2773671012-1126)(OA;CIIO;WD;;bf967a9c-0de6-11d0-a285-00aa003049e2;S-1-5-21-2895268558-4179327395-2773671012-1124)(OA;CIIO;SW;9b026da6-0d3c-465c-8bee-5199d7165cba;bf967a86-0de6-11d0-a285-00aa003049e2;CO)(OA;CIIO;SW;9b026da6-0d3c-465c-8bee-5199d7165cba;bf967a86-0de6-11d0-a285-00aa003049e2;PS)(OA;CIIO;RP;b7c69e6d-2cc7-11d2-854e-00a0c983f608;bf967a86-0de6-11d0-a285-00aa003049e2;ED)(OA;CIIO;RP;b7c69e6d-2cc7-11d2-854e-00a0c983f608;bf967a9c-0de6-11d0-a285-00aa003049e2;ED)(OA;CIIO;RP;b7c69e6d-2cc7-11d2-854e-00a0c983f608;bf967aba-0de6-11d0-a285-00aa003049e2;ED)(OA;CIIO;WP;ea1b7b93-5e48-46d5-bc6c-4df4fda78a35;bf967a86-0de6-11d0-a285-00aa003049e2;PS)(OA;CIIO;CCDCLCSWRPWPDTLOCRSDRCWDWO;;c975c901-6cea-4b6f-8319-d67f45449506;S-1-5-21-2895268558-4179327395-2773671012-1124)(OA;CIIO;CCDCLCSWRPWPDTLOCRSDRCWDWO;;f0f8ffac-1191-11d0-a060-00aa006c33ed;S-1-5-21-2895268558-4179327395-2773671012-1124)(OA;CINPIO;RPWPLOSD;;e8b2aff2-59a7-4eac-9a70-819adef701dd;S-1-5-21-2895268558-4179327395-2773671012-1123)(OA;;CR;89e95b76-444d-4c62-991a-0facbeda640c;;BA)(OA;;CR;1131f6aa-9c07-11d1-f79f-00c04fc2dcd2;;BA)(OA;;CR;1131f6ab-9c07-11d1-f79f-00c04fc2dcd2;;BA)(OA;;CR;1131f6ac-9c07-11d1-f79f-00c04fc2dcd2;;BA)(OA;;CR;1131f6ad-9c07-11d1-f79f-00c04fc2dcd2;;BA)(OA;;CR;1131f6ae-9c07-11d1-f79f-00c04fc2dcd2;;BA)(OA;;CR;e2a36dc9-ae17-47c3-b58b-be34c55ba633;;S-1-5-32-557)(OA;CIIO;LCRPLORC;;4828cc14-1437-45bc-9b07-ad6f015e5f28;RU)(OA;CIIO;LCRPLORC;;bf967a9c-0de6-11d0-a285-00aa003049e2;RU)(OA;CIIO;LCRPLORC;;bf967aba-0de6-11d0-a285-00aa003049e2;RU)(OA;;CR;05c74c5e-4deb-43b4-bd9f-86664c2a7fd5;;AU)(OA;;CR;89e95b76-444d-4c62-991a-0facbeda640c;;ED)(OA;;CR;ccc2dc7d-a6ad-4a7a-8846-c04e3cc53501;;AU)(OA;;CR;280f369c-67c7-438e-ae98-1d46f3c6f541;;AU)(OA;;CR;1131f6aa-9c07-11d1-f79f-00c04fc2dcd2;;ED)(OA;;CR;1131f6ab-9c07-11d1-f79f-00c04fc2dcd2;;ED)(OA;;CR;1131f6ac-9c07-11d1-f79f-00c04fc2dcd2;;ED)(OA;;CR;1131f6ae-9c07-11d1-f79f-00c04fc2dcd2;;ED)(OA;CI;RP;b1b3a417-ec55-4191-b327-b72e33e38af2;;NS)(OA;CI;RP;1f298a89-de98-47b8-b5cd-572ad53d267e;;AU)(OA;CI;RPWP;3f78c3e5-f79a-46bd-a0b8-9d18116ddc79;;PS)(OA;CIIO;RPWPCR;91e647de-d96f-4b70-9557-d63ff4f3ccd8;;PS)(A;;CCLCSWRPWPLOCRRCWDWO;;;DA)(A;CI;LCRPLORC;;;S-1-5-21-2895268558-4179327395-2773671012-1109)(A;CI;LCRPLORC;;;S-1-5-21-2895268558-4179327395-2773671012-1124)(A;CI;CCDCLCSWRPWPDTLOCRSDRCWDWO;;;S-1-5-21-2895268558-4179327395-2773671012-519)(A;;RPRC;;;RU)(A;CI;LC;;;RU)(A;CI;CCLCSWRPWPLOCRSDRCWDWO;;;BA)(A;;RP;;;WD)(A;;LCRPLORC;;;ED)(A;;LCRPLORC;;;AU)(A;;CCDCLCSWRPWPDTLOCRSDRCWDWO;;;SY)S:(OU;CISA;WP;f30e3bbe-9ff0-11d1-b603-0000f80367c1;bf967aa5-0de6-11d0-a285-00aa003049e2;WD)(OU;CISA;WP;f30e3bbf-9ff0-11d1-b603-0000f80367c1;bf967aa5-0de6-11d0-a285-00aa003049e2;WD)(AU;SA;CR;;;DU)(AU;SA;CR;;;BA)(AU;SA;WPWDWO;;;WD)</Data>
      <Data Name="OperationType">%%14675</Data>
    </EventData>
  </Event>
  <Event xmlns="http://schemas.microsoft.com/win/2004/08/events/event">
    <System>
      <Provider Name="Microsoft-Windows-Security-Auditing" Guid="{54849625-5478-4994-A5BA-3E3B0328C30D}" />
      <EventID>5136</EventID>
      <Version>0</Version>
      <Level>0</Level>
      <Task>14081</Task>
      <Opcode>0</Opcode>
      <Keywords>0x8020000000000000</Keywords>
      <TimeCreated SystemTime="2019-02-02T09:17:27.629830300Z" />
      <EventRecordID>65973</EventRecordID>
      <Correlation />
      <Execution ProcessID="612" ThreadID="716" />
      <Channel>Security</Channel>
      <Computer>ICORP-DC.internal.corp</Computer>
      <Security />
    </System>
    <EventData>
      <Data Name="OpCorrelationID">{3D862A5C-0FD6-444B-8897-323F778893D8}</Data>
      <Data Name="AppCorrelationID">-</Data>
      <Data Name="SubjectUserSid">S-1-5-21-2895268558-4179327395-2773671012-1108</Data>
      <Data Name="SubjectUserName">EXCHANGE$</Data>
      <Data Name="SubjectDomainName">ICORP</Data>
      <Data Name="SubjectLogonId">0x24daa6</Data>
      <Data Name="DSName">internal.corp</Data>
      <Data Name="DSType">%%14676</Data>
      <Data Name="ObjectDN">DC=internal,DC=corp</Data>
      <Data Name="ObjectGUID">{77F4548A-5E9D-4649-89F9-A0177C722361}</Data>
      <Data Name="ObjectClass">domainDNS</Data>
      <Data Name="AttributeLDAPDisplayName">nTSecurityDescriptor</Data>
      <Data Name="AttributeSyntaxOID">2.5.5.15</Data>
      <Data Name="AttributeValue">O:BAG:BAD:AI(D;;DC;;;WD)(OA;CI;CR;ab721a53-1e2f-11d0-9819-00aa0040529b;bf967aba-0de6-11d0-a285-00aa003049e2;S-1-5-21-2895268558-4179327395-2773671012-1126)(OA;CI;CR;00299570-246d-11d0-a768-00aa006e0529;bf967aba-0de6-11d0-a285-00aa003049e2;S-1-5-21-2895268558-4179327395-2773671012-1126)(OA;CIIO;CCDCLC;c975c901-6cea-4b6f-8319-d67f45449506;4828cc14-1437-45bc-9b07-ad6f015e5f28;S-1-5-21-2895268558-4179327395-2773671012-1123)(OA;CIIO;CCDCLC;c975c901-6cea-4b6f-8319-d67f45449506;bf967aba-0de6-11d0-a285-00aa003049e2;S-1-5-21-2895268558-4179327395-2773671012-1123)(OA;;CR;3e0f7e18-2c7a-4c10-ba82-4d926db99a3e;;S-1-5-21-2895268558-4179327395-2773671012-522)(OA;;CR;1131f6aa-9c07-11d1-f79f-00c04fc2dcd2;;S-1-5-21-2895268558-4179327395-2773671012-1151)(OA;;CR;1131f6aa-9c07-11d1-f79f-00c04fc2dcd2;;S-1-5-21-2895268558-4179327395-2773671012-498)(OA;;CR;1131f6ab-9c07-11d1-f79f-00c04fc2dcd2;;S-1-5-21-2895268558-4179327395-2773671012-1123)(OA;;CR;1131f6ad-9c07-11d1-f79f-00c04fc2dcd2;;DD)(OA;;CR;1131f6ad-9c07-11d1-f79f-00c04fc2dcd2;;S-1-5-21-2895268558-4179327395-2773671012-1151)(OA;CI;CC;4828cc14-1437-45bc-9b07-ad6f015e5f28;;S-1-5-21-2895268558-4179327395-2773671012-1126)(OA;CI;CC;bf967a86-0de6-11d0-a285-00aa003049e2;;S-1-5-21-2895268558-4179327395-2773671012-1126)(OA;CI;CC;bf967a9c-0de6-11d0-a285-00aa003049e2;;S-1-5-21-2895268558-4179327395-2773671012-1126)(OA;CI;CC;bf967aa5-0de6-11d0-a285-00aa003049e2;;S-1-5-21-2895268558-4179327395-2773671012-1126)(OA;CI;CC;bf967aba-0de6-11d0-a285-00aa003049e2;;S-1-5-21-2895268558-4179327395-2773671012-1126)(OA;CI;CC;5cb41ed0-0e4c-11d0-a286-00aa003049e2;;S-1-5-21-2895268558-4179327395-2773671012-1126)(OA;CI;RP;4c164200-20c0-11d0-a768-00aa006e0529;;S-1-5-21-2895268558-4179327395-2773671012-1118)(OA;CI;RP;b1b3a417-ec55-4191-b327-b72e33e38af2;;S-1-5-21-2895268558-4179327395-2773671012-1123)(OA;CI;RP;9a7ad945-ca53-11d1-bbd0-0080c76670c0;;S-1-5-21-2895268558-4179327395-2773671012-1123)(OA;CI;RP;bf967a68-0de6-11d0-a285-00aa003049e2;;S-1-5-21-2895268558-4179327395-2773671012-1123)(OA;CI;RP;1f298a89-de98-47b8-b5cd-572ad53d267e;;S-1-5-21-2895268558-4179327395-2773671012-1123)(OA;CI;RP;bf967991-0de6-11d0-a285-00aa003049e2;;S-1-5-21-2895268558-4179327395-2773671012-1123)(OA;CI;RP;5fd424a1-1262-11d0-a060-00aa006c33ed;;S-1-5-21-2895268558-4179327395-2773671012-1123)(OA;CI;WP;bf967a06-0de6-11d0-a285-00aa003049e2;;S-1-5-21-2895268558-4179327395-2773671012-1109)(OA;CI;WP;bf967a06-0de6-11d0-a285-00aa003049e2;;S-1-5-21-2895268558-4179327395-2773671012-1124)(OA;CI;WP;bf967a0a-0de6-11d0-a285-00aa003049e2;;S-1-5-21-2895268558-4179327395-2773671012-1126)(OA;CI;WP;3e74f60e-3e73-11d1-a9c0-0000f80367c1;;S-1-5-21-2895268558-4179327395-2773671012-1109)(OA;CI;WP;3e74f60e-3e73-11d1-a9c0-0000f80367c1;;S-1-5-21-2895268558-4179327395-2773671012-1124)(OA;CI;WP;b1b3a417-ec55-4191-b327-b72e33e38af2;;S-1-5-21-2895268558-4179327395-2773671012-1109)(OA;CI;WP;b1b3a417-ec55-4191-b327-b72e33e38af2;;S-1-5-21-2895268558-4179327395-2773671012-1124)(OA;CI;WP;bf96791a-0de6-11d0-a285-00aa003049e2;;S-1-5-21-2895268558-4179327395-2773671012-1109)(OA;CI;WP;bf96791a-0de6-11d0-a285-00aa003049e2;;S-1-5-21-2895268558-4179327395-2773671012-1124)(OA;CI;WP;9a9a021e-4a5b-11d1-a9c3-0000f80367c1;;S-1-5-21-2895268558-4179327395-2773671012-1123)(OA;CI;WP;0296c120-40da-11d1-a9c0-0000f80367c1;;S-1-5-21-2895268558-4179327395-2773671012-1126)(OA;CI;WP;934de926-b09e-11d2-aa06-00c04f8eedd8;;S-1-5-21-2895268558-4179327395-2773671012-1123)(OA;CI;WP;5e353847-f36c-48be-a7f7-49685402503c;;S-1-5-21-2895268558-4179327395-2773671012-1123)(OA;CI;WP;8d3bca50-1d7e-11d0-a081-00aa006c33ed;;S-1-5-21-2895268558-4179327395-2773671012-1123)(OA;CI;WP;bf967953-0de6-11d0-a285-00aa003049e2;;S-1-5-21-2895268558-4179327395-2773671012-1109)(OA;CI;WP;bf967953-0de6-11d0-a285-00aa003049e2;;S-1-5-21-2895268558-4179327395-2773671012-1124)(OA;CI;WP;e48d0154-bcf8-11d1-8702-00c04fb96050;;S-1-5-21-2895268558-4179327395-2773671012-1124)(OA;CI;WP;275b2f54-982d-4dcd-b0ad-e53501445efb;;S-1-5-21-2895268558-4179327395-2773671012-1123)(OA;CI;WP;bf967954-0de6-11d0-a285-00aa003049e2;;S-1-5-21-2895268558-4179327395-2773671012-1109)(OA;CI;WP;bf967954-0de6-11d0-a285-00aa003049e2;;S-1-5-21-2895268558-4179327395-2773671012-1124)(OA;CI;WP;bf967961-0de6-11d0-a285-00aa003049e2;;S-1-5-21-2895268558-4179327395-2773671012-1109)(OA;CI;WP;bf967961-0de6-11d0-a285-00aa003049e2;;S-1-5-21-2895268558-4179327395-2773671012-1124)(OA;CI;WP;bf967a68-0de6-11d0-a285-00aa003049e2;;S-1-5-21-2895268558-4179327395-2773671012-1126)(OA;CI;WP;5fd42471-1262-11d0-a060-00aa006c33ed;;S-1-5-21-2895268558-4179327395-2773671012-1126)(OA;CI;WP;5430e777-c3ea-4024-902e-dde192204669;;S-1-5-21-2895268558-4179327395-2773671012-1123)(OA;CI;WP;6f606079-3a82-4c1b-8efb-dcc8c91d26fe;;S-1-5-21-2895268558-4179327395-2773671012-1123)(OA;CI;WP;bf967a7a-0de6-11d0-a285-00aa003049e2;;S-1-5-21-2895268558-4179327395-2773671012-1126)(OA;CI;WP;bf967a7f-0de6-11d0-a285-00aa003049e2;;S-1-5-21-2895268558-4179327395-2773671012-1123)(OA;CI;WP;614aea82-abc6-4dd0-a148-d67a59c72816;;S-1-5-21-2895268558-4179327395-2773671012-1123)(OA;CI;WP;66437984-c3c5-498f-b269-987819ef484b;;S-1-5-21-2895268558-4179327395-2773671012-1123)(OA;CI;WP;77b5b886-944a-11d1-aebd-0000f80367c1;;S-1-5-21-2895268558-4179327395-2773671012-1124)(OA;CI;WP;a8df7489-c5ea-11d1-bbcb-0080c76670c0;;S-1-5-21-2895268558-4179327395-2773671012-1109)(OA;CI;WP;a8df7489-c5ea-11d1-bbcb-0080c76670c0;;S-1-5-21-2895268558-4179327395-2773671012-1124)(OA;CI;WP;1f298a89-de98-47b8-b5cd-572ad53d267e;;S-1-5-21-2895268558-4179327395-2773671012-1109)(OA;CI;WP;1f298a89-de98-47b8-b5cd-572ad53d267e;;S-1-5-21-2895268558-4179327395-2773671012-1124)(OA;CI;WP;f0f8ff9a-1191-11d0-a060-00aa006c33ed;;S-1-5-21-2895268558-4179327395-2773671012-1109)(OA;CI;WP;f0f8ff9a-1191-11d0-a060-00aa006c33ed;;S-1-5-21-2895268558-4179327395-2773671012-1123)(OA;CI;WP;f0f8ff9a-1191-11d0-a060-00aa006c33ed;;S-1-5-21-2895268558-4179327395-2773671012-1124)(OA;CI;WP;2cc06e9d-6f7e-426a-8825-0215de176e11;;S-1-5-21-2895268558-4179327395-2773671012-1123)(OA;CI;WP;5fd424a1-1262-11d0-a060-00aa006c33ed;;S-1-5-21-2895268558-4179327395-2773671012-1109)(OA;CI;WP;5fd424a1-1262-11d0-a060-00aa006c33ed;;S-1-5-21-2895268558-4179327395-2773671012-1124)(OA;CI;WP;3263e3b8-fd6b-4c60-87f2-34bdaa9d69eb;;S-1-5-21-2895268558-4179327395-2773671012-1123)(OA;CI;WP;28630ebc-41d5-11d1-a9c1-0000f80367c1;;S-1-5-21-2895268558-4179327395-2773671012-1109)(OA;CI;WP;28630ebc-41d5-11d1-a9c1-0000f80367c1;;S-1-5-21-2895268558-4179327395-2773671012-1124)(OA;CI;WP;bf9679c0-0de6-11d0-a285-00aa003049e2;;S-1-5-21-2895268558-4179327395-2773671012-1126)(OA;CI;WP;3e0abfd0-126a-11d0-a060-00aa006c33ed;;S-1-5-21-2895268558-4179327395-2773671012-1126)(OA;CI;WP;7cb4c7d3-8787-42b0-b438-3c5d479ad31e;;S-1-5-21-2895268558-4179327395-2773671012-1123)(OA;CI;RPWP;5b47d60f-6090-40b2-9f37-2a4de88f3063;;S-1-5-21-2895268558-4179327395-2773671012-526)(OA;CI;RPWP;5b47d60f-6090-40b2-9f37-2a4de88f3063;;S-1-5-21-2895268558-4179327395-2773671012-527)(OA;CI;DTWD;;4828cc14-1437-45bc-9b07-ad6f015e5f28;S-1-5-21-2895268558-4179327395-2773671012-1126)(OA;CI;DTWD;;bf967aba-0de6-11d0-a285-00aa003049e2;S-1-5-21-2895268558-4179327395-2773671012-1126)(OA;CI;CCDCLCRPWPLO;f0f8ffac-1191-11d0-a060-00aa006c33ed;;S-1-5-21-2895268558-4179327395-2773671012-1124)(OA;CI;CCDCLCRPWPLO;e8b2aff2-59a7-4eac-9a70-819adef701dd;;S-1-5-21-2895268558-4179327395-2773671012-1123)(OA;CI;CCDCLCSWRPWPDTLOCRSDRCWDWO;018849b0-a981-11d2-a9ff-00c04f8eedd8;;S-1-5-21-2895268558-4179327395-2773671012-1109)(OA;CI;CCDCLCSWRPWPDTLOCRSDRCWDWO;018849b0-a981-11d2-a9ff-00c04f8eedd8;;S-1-5-21-2895268558-4179327395-2773671012-1124)(OA;CIIO;SD;;4828cc14-1437-45bc-9b07-ad6f015e5f28;S-1-5-21-2895268558-4179327395-2773671012-1126)(OA;CIIO;SD;;bf967a86-0de6-11d0-a285-00aa003049e2;S-1-5-21-2895268558-4179327395-2773671012-1126)(OA;CIIO;SD;;bf967a9c-0de6-11d0-a285-00aa003049e2;S-1-5-21-2895268558-4179327395-2773671012-1126)(OA;CIIO;SD;;bf967aa5-0de6-11d0-a285-00aa003049e2;S-1-5-21-2895268558-4179327395-2773671012-1126)(OA;CIIO;SD;;bf967aba-0de6-11d0-a285-00aa003049e2;S-1-5-21-2895268558-4179327395-2773671012-1126)(OA;CIIO;SD;;5cb41ed0-0e4c-11d0-a286-00aa003049e2;S-1-5-21-2895268558-4179327395-2773671012-1126)(OA;CIIO;WD;;bf967a9c-0de6-11d0-a285-00aa003049e2;S-1-5-21-2895268558-4179327395-2773671012-1124)(OA;CIIO;SW;9b026da6-0d3c-465c-8bee-5199d7165cba;bf967a86-0de6-11d0-a285-00aa003049e2;CO)(OA;CIIO;SW;9b026da6-0d3c-465c-8bee-5199d7165cba;bf967a86-0de6-11d0-a285-00aa003049e2;PS)(OA;CIIO;RP;b7c69e6d-2cc7-11d2-854e-00a0c983f608;bf967a86-0de6-11d0-a285-00aa003049e2;ED)(OA;CIIO;RP;b7c69e6d-2cc7-11d2-854e-00a0c983f608;bf967a9c-0de6-11d0-a285-00aa003049e2;ED)(OA;CIIO;RP;b7c69e6d-2cc7-11d2-854e-00a0c983f608;bf967aba-0de6-11d0-a285-00aa003049e2;ED)(OA;CIIO;WP;ea1b7b93-5e48-46d5-bc6c-4df4fda78a35;bf967a86-0de6-11d0-a285-00aa003049e2;PS)(OA;CIIO;CCDCLCSWRPWPDTLOCRSDRCWDWO;;c975c901-6cea-4b6f-8319-d67f45449506;S-1-5-21-2895268558-4179327395-2773671012-1124)(OA;CIIO;CCDCLCSWRPWPDTLOCRSDRCWDWO;;f0f8ffac-1191-11d0-a060-00aa006c33ed;S-1-5-21-2895268558-4179327395-2773671012-1124)(OA;CINPIO;RPWPLOSD;;e8b2aff2-59a7-4eac-9a70-819adef701dd;S-1-5-21-2895268558-4179327395-2773671012-1123)(OA;;CR;89e95b76-444d-4c62-991a-0facbeda640c;;BA)(OA;;CR;1131f6aa-9c07-11d1-f79f-00c04fc2dcd2;;BA)(OA;;CR;1131f6ab-9c07-11d1-f79f-00c04fc2dcd2;;BA)(OA;;CR;1131f6ac-9c07-11d1-f79f-00c04fc2dcd2;;BA)(OA;;CR;1131f6ad-9c07-11d1-f79f-00c04fc2dcd2;;BA)(OA;;CR;1131f6ae-9c07-11d1-f79f-00c04fc2dcd2;;BA)(OA;;CR;e2a36dc9-ae17-47c3-b58b-be34c55ba633;;S-1-5-32-557)(OA;CIIO;LCRPLORC;;4828cc14-1437-45bc-9b07-ad6f015e5f28;RU)(OA;CIIO;LCRPLORC;;bf967a9c-0de6-11d0-a285-00aa003049e2;RU)(OA;CIIO;LCRPLORC;;bf967aba-0de6-11d0-a285-00aa003049e2;RU)(OA;;CR;05c74c5e-4deb-43b4-bd9f-86664c2a7fd5;;AU)(OA;;CR;89e95b76-444d-4c62-991a-0facbeda640c;;ED)(OA;;CR;ccc2dc7d-a6ad-4a7a-8846-c04e3cc53501;;AU)(OA;;CR;280f369c-67c7-438e-ae98-1d46f3c6f541;;AU)(OA;;CR;1131f6aa-9c07-11d1-f79f-00c04fc2dcd2;;ED)(OA;;CR;1131f6ab-9c07-11d1-f79f-00c04fc2dcd2;;ED)(OA;;CR;1131f6ac-9c07-11d1-f79f-00c04fc2dcd2;;ED)(OA;;CR;1131f6ae-9c07-11d1-f79f-00c04fc2dcd2;;ED)(OA;CI;RP;b1b3a417-ec55-4191-b327-b72e33e38af2;;NS)(OA;CI;RP;1f298a89-de98-47b8-b5cd-572ad53d267e;;AU)(OA;CI;RPWP;3f78c3e5-f79a-46bd-a0b8-9d18116ddc79;;PS)(OA;CIIO;RPWPCR;91e647de-d96f-4b70-9557-d63ff4f3ccd8;;PS)(A;;CCLCSWRPWPLOCRRCWDWO;;;DA)(A;CI;LCRPLORC;;;S-1-5-21-2895268558-4179327395-2773671012-1109)(A;CI;LCRPLORC;;;S-1-5-21-2895268558-4179327395-2773671012-1124)(A;CI;CCDCLCSWRPWPDTLOCRSDRCWDWO;;;S-1-5-21-2895268558-4179327395-2773671012-519)(A;;RPRC;;;RU)(A;CI;LC;;;RU)(A;CI;CCLCSWRPWPLOCRSDRCWDWO;;;BA)(A;;RP;;;WD)(A;;LCRPLORC;;;ED)(A;;LCRPLORC;;;AU)(A;;CCDCLCSWRPWPDTLOCRSDRCWDWO;;;SY)S:(OU;CISA;WP;f30e3bbe-9ff0-11d1-b603-0000f80367c1;bf967aa5-0de6-11d0-a285-00aa003049e2;WD)(OU;CISA;WP;f30e3bbf-9ff0-11d1-b603-0000f80367c1;bf967aa5-0de6-11d0-a285-00aa003049e2;WD)(AU;SA;CR;;;DU)(AU;SA;CR;;;BA)(AU;SA;WPWDWO;;;WD)</Data>
      <Data Name="OperationType">%%14674</Data>
    </EventData>
  </Event>
</root>