<root>
  <Event xmlns="http://schemas.microsoft.com/win/2004/08/events/event">
    <System>
      <Provider Name="Microsoft-Windows-Sysmon" Guid="{5770385F-C22A-43E0-BF4C-06F5698FFBD9}" />
      <EventID>10</EventID>
      <Version>3</Version>
      <Level>4</Level>
      <Task>10</Task>
      <Opcode>0</Opcode>
      <Keywords>0x8000000000000000</Keywords>
      <TimeCreated SystemTime="2019-04-28T16:29:42.988125000Z" />
      <EventRecordID>7845</EventRecordID>
      <Correlation />
      <Execution ProcessID="1940" ThreadID="1316" />
      <Channel>Microsoft-Windows-Sysmon/Operational</Channel>
      <Computer>IEWIN7</Computer>
      <Security UserID="S-1-5-18" />
    </System>
    <EventData>
      <Data Name="RuleName">
      </Data>
      <Data Name="UtcTime">2019-04-28 16:29:42.988</Data>
      <Data Name="SourceProcessGUID">{365ABB72-D3C2-5CC5-0000-0010D9790500}</Data>
      <Data Name="SourceProcessId">860</Data>
      <Data Name="SourceThreadId">864</Data>
      <Data Name="SourceImage">C:\Users\IEUser\Desktop\Win32\mimikatz.exe</Data>
      <Data Name="TargetProcessGUID">{365ABB72-D3E8-5CC5-0000-0010E7D30500}</Data>
      <Data Name="TargetProcessId">748</Data>
      <Data Name="TargetImage">C:\Windows\system32\notepad.exe</Data>
      <Data Name="GrantedAccess">0x800</Data>
      <Data Name="CallTrace">C:\Windows\SYSTEM32\ntdll.dll+4595c|C:\Windows\system32\KERNELBASE.dll+8185|C:\Users\IEUser\Desktop\Win32\mimikatz.exe+5b414|C:\Users\IEUser\Desktop\Win32\mimikatz.exe+5b376|C:\Users\IEUser\Desktop\Win32\mimikatz.exe+45933</Data>
    </EventData>
  </Event>
</root>