<root>
  <Event xmlns="http://schemas.microsoft.com/win/2004/08/events/event">
    <System>
      <Provider Name="Microsoft-Windows-WinRM" Guid="{A7975C8F-AC13-49F1-87DA-5A984A4AB417}" />
      <EventID>169</EventID>
      <Version>0</Version>
      <Level>4</Level>
      <Task>7</Task>
      <Opcode>0</Opcode>
      <Keywords>0x400000000000000c</Keywords>
      <TimeCreated SystemTime="2019-05-20T15:54:31.706910500Z" />
      <EventRecordID>834</EventRecordID>
      <Correlation ActivityID="{8534C364-2CC0-0001-BF4D-A5F46C0FD501}" />
      <Execution ProcessID="1204" ThreadID="3696" />
      <Channel>Microsoft-Windows-WinRM/Operational</Channel>
      <Computer>IEWIN7</Computer>
      <Security UserID="S-1-5-20" />
    </System>
    <EventData>
      <Data Name="username">iewin7\ieuser</Data>
      <Data Name="authenticationMechanism">NTLM</Data>
    </EventData>
  </Event>
  <Event xmlns="http://schemas.microsoft.com/win/2004/08/events/event">
    <System>
      <Provider Name="Microsoft-Windows-WinRM" Guid="{A7975C8F-AC13-49F1-87DA-5A984A4AB417}" />
      <EventID>193</EventID>
      <Version>0</Version>
      <Level>4</Level>
      <Task>8</Task>
      <Opcode>0</Opcode>
      <Keywords>0x400000000000000c</Keywords>
      <TimeCreated SystemTime="2019-05-20T15:54:31.706910500Z" />
      <EventRecordID>836</EventRecordID>
      <Correlation ActivityID="{8534C364-2CC0-0001-BF4D-A5F46C0FD501}" />
      <Execution ProcessID="1204" ThreadID="3696" />
      <Channel>Microsoft-Windows-WinRM/Operational</Channel>
      <Computer>IEWIN7</Computer>
      <Security UserID="S-1-5-20" />
    </System>
    <EventData>
    </EventData>
  </Event>
  <Event xmlns="http://schemas.microsoft.com/win/2004/08/events/event">
    <System>
      <Provider Name="Microsoft-Windows-WinRM" Guid="{A7975C8F-AC13-49F1-87DA-5A984A4AB417}" />
      <EventID>169</EventID>
      <Version>0</Version>
      <Level>4</Level>
      <Task>7</Task>
      <Opcode>0</Opcode>
      <Keywords>0x400000000000000c</Keywords>
      <TimeCreated SystemTime="2019-05-20T15:54:32.064406500Z" />
      <EventRecordID>840</EventRecordID>
      <Correlation ActivityID="{8534C364-2CC0-0001-C84D-A5F46C0FD501}" />
      <Execution ProcessID="1204" ThreadID="3068" />
      <Channel>Microsoft-Windows-WinRM/Operational</Channel>
      <Computer>IEWIN7</Computer>
      <Security UserID="S-1-5-20" />
    </System>
    <EventData>
      <Data Name="username">iewin7\ieuser</Data>
      <Data Name="authenticationMechanism">NTLM</Data>
    </EventData>
  </Event>
  <Event xmlns="http://schemas.microsoft.com/win/2004/08/events/event">
    <System>
      <Provider Name="Microsoft-Windows-WinRM" Guid="{A7975C8F-AC13-49F1-87DA-5A984A4AB417}" />
      <EventID>193</EventID>
      <Version>0</Version>
      <Level>4</Level>
      <Task>8</Task>
      <Opcode>0</Opcode>
      <Keywords>0x400000000000000c</Keywords>
      <TimeCreated SystemTime="2019-05-20T15:54:32.064406500Z" />
      <EventRecordID>842</EventRecordID>
      <Correlation ActivityID="{8534C364-2CC0-0001-C84D-A5F46C0FD501}" />
      <Execution ProcessID="1204" ThreadID="3068" />
      <Channel>Microsoft-Windows-WinRM/Operational</Channel>
      <Computer>IEWIN7</Computer>
      <Security UserID="S-1-5-20" />
    </System>
    <EventData>
    </EventData>
  </Event>
  <Event xmlns="http://schemas.microsoft.com/win/2004/08/events/event">
    <System>
      <Provider Name="Microsoft-Windows-WinRM" Guid="{A7975C8F-AC13-49F1-87DA-5A984A4AB417}" />
      <EventID>169</EventID>
      <Version>0</Version>
      <Level>4</Level>
      <Task>7</Task>
      <Opcode>0</Opcode>
      <Keywords>0x400000000000000c</Keywords>
      <TimeCreated SystemTime="2019-05-20T15:54:32.564900900Z" />
      <EventRecordID>861</EventRecordID>
      <Correlation ActivityID="{8534C364-2CC0-0001-C84D-A5F46C0FD501}" />
      <Execution ProcessID="1204" ThreadID="3068" />
      <Channel>Microsoft-Windows-WinRM/Operational</Channel>
      <Computer>IEWIN7</Computer>
      <Security UserID="S-1-5-20" />
    </System>
    <EventData>
      <Data Name="username">iewin7\ieuser</Data>
      <Data Name="authenticationMechanism">NTLM</Data>
    </EventData>
  </Event>
  <Event xmlns="http://schemas.microsoft.com/win/2004/08/events/event">
    <System>
      <Provider Name="Microsoft-Windows-WinRM" Guid="{A7975C8F-AC13-49F1-87DA-5A984A4AB417}" />
      <EventID>193</EventID>
      <Version>0</Version>
      <Level>4</Level>
      <Task>8</Task>
      <Opcode>0</Opcode>
      <Keywords>0x400000000000000c</Keywords>
      <TimeCreated SystemTime="2019-05-20T15:54:32.564900900Z" />
      <EventRecordID>863</EventRecordID>
      <Correlation ActivityID="{8534C364-2CC0-0001-C84D-A5F46C0FD501}" />
      <Execution ProcessID="1204" ThreadID="3068" />
      <Channel>Microsoft-Windows-WinRM/Operational</Channel>
      <Computer>IEWIN7</Computer>
      <Security UserID="S-1-5-20" />
    </System>
    <EventData>
    </EventData>
  </Event>
</root>