<root>
  <Event xmlns="http://schemas.microsoft.com/win/2004/08/events/event">
    <System>
      <Provider Name="Microsoft-Windows-Sysmon" Guid="{5770385F-C22A-43E0-BF4C-06F5698FFBD9}" />
      <EventID>1</EventID>
      <Version>5</Version>
      <Level>4</Level>
      <Task>1</Task>
      <Opcode>0</Opcode>
      <Keywords>0x8000000000000000</Keywords>
      <TimeCreated SystemTime="2019-08-03T15:08:06.262500300Z" />
      <EventRecordID>5526</EventRecordID>
      <Correlation />
      <Execution ProcessID="2780" ThreadID="3676" />
      <Channel>Microsoft-Windows-Sysmon/Operational</Channel>
      <Computer>MSEDGEWIN10</Computer>
      <Security UserID="S-1-5-18" />
    </System>
    <EventData>
      <Data Name="RuleName">
      </Data>
      <Data Name="UtcTime">2019-08-03 15:08:06.244</Data>
      <Data Name="ProcessGuid">{747F3D96-A356-5D45-0000-001029AA9901}</Data>
      <Data Name="ProcessId">4480</Data>
      <Data Name="Image">C:\Users\IEUser\Desktop\UACME.exe</Data>
      <Data Name="FileVersion">3.1.9.1905</Data>
      <Data Name="Description">UACMe main module</Data>
      <Data Name="Product">UACMe</Data>
      <Data Name="Company">Hazardous Environments</Data>
      <Data Name="CommandLine">UACME.exe  39</Data>
      <Data Name="CurrentDirectory">C:\Users\IEUser\Desktop\</Data>
      <Data Name="User">MSEDGEWIN10\IEUser</Data>
      <Data Name="LogonGuid">{747F3D96-56A3-5D45-0000-0020FBD31800}</Data>
      <Data Name="LogonId">0x18d3fb</Data>
      <Data Name="TerminalSessionId">1</Data>
      <Data Name="IntegrityLevel">Medium</Data>
      <Data Name="Hashes">SHA1=9E57914D39FBFE785C915E225011892613C4714C,MD5=D57E778DF10F801F47119A04BE990FFD,SHA256=D76815CE3F4B9FE7A611D6F536F65AF313E2AB2F8BB52EF0998487D89A6E7378,IMPHASH=B6789EDFE23DDA911AE37C87444D3DCB</Data>
      <Data Name="ParentProcessGuid">{747F3D96-5A29-5D45-0000-0010DEB99000}</Data>
      <Data Name="ParentProcessId">5780</Data>
      <Data Name="ParentImage">C:\Windows\System32\cmd.exe</Data>
      <Data Name="ParentCommandLine">"C:\Windows\system32\cmd.exe" </Data>
    </EventData>
  </Event>
  <Event xmlns="http://schemas.microsoft.com/win/2004/08/events/event">
    <System>
      <Provider Name="Microsoft-Windows-Sysmon" Guid="{5770385F-C22A-43E0-BF4C-06F5698FFBD9}" />
      <EventID>11</EventID>
      <Version>2</Version>
      <Level>4</Level>
      <Task>11</Task>
      <Opcode>0</Opcode>
      <Keywords>0x8000000000000000</Keywords>
      <TimeCreated SystemTime="2019-08-03T15:08:06.419322200Z" />
      <EventRecordID>5527</EventRecordID>
      <Correlation />
      <Execution ProcessID="2780" ThreadID="3676" />
      <Channel>Microsoft-Windows-Sysmon/Operational</Channel>
      <Computer>MSEDGEWIN10</Computer>
      <Security UserID="S-1-5-18" />
    </System>
    <EventData>
      <Data Name="RuleName">
      </Data>
      <Data Name="UtcTime">2019-08-03 15:08:06.372</Data>
      <Data Name="ProcessGuid">{747F3D96-A356-5D45-0000-001029AA9901}</Data>
      <Data Name="ProcessId">4480</Data>
      <Data Name="Image">C:\Windows\explorer.exe</Data>
      <Data Name="TargetFilename">C:\Users\IEUser\AppData\Local\Temp\pe386.dll</Data>
      <Data Name="CreationUtcTime">2019-08-03 15:08:06.372</Data>
    </EventData>
  </Event>
  <Event xmlns="http://schemas.microsoft.com/win/2004/08/events/event">
    <System>
      <Provider Name="Microsoft-Windows-Sysmon" Guid="{5770385F-C22A-43E0-BF4C-06F5698FFBD9}" />
      <EventID>1</EventID>
      <Version>5</Version>
      <Level>4</Level>
      <Task>1</Task>
      <Opcode>0</Opcode>
      <Keywords>0x8000000000000000</Keywords>
      <TimeCreated SystemTime="2019-08-03T15:08:06.730201600Z" />
      <EventRecordID>5528</EventRecordID>
      <Correlation />
      <Execution ProcessID="2780" ThreadID="3676" />
      <Channel>Microsoft-Windows-Sysmon/Operational</Channel>
      <Computer>MSEDGEWIN10</Computer>
      <Security UserID="S-1-5-18" />
    </System>
    <EventData>
      <Data Name="RuleName">
      </Data>
      <Data Name="UtcTime">2019-08-03 15:08:06.553</Data>
      <Data Name="ProcessGuid">{747F3D96-A356-5D45-0000-0010C5C59901}</Data>
      <Data Name="ProcessId">1492</Data>
      <Data Name="Image">C:\Windows\System32\mmc.exe</Data>
      <Data Name="FileVersion">10.0.17763.1 (WinBuild.160101.0800)</Data>
      <Data Name="Description">Microsoft Management Console</Data>
      <Data Name="Product">Microsoft« Windows« Operating System</Data>
      <Data Name="Company">Microsoft Corporation</Data>
      <Data Name="CommandLine">"C:\Windows\System32\mmc.exe" eventvwr.msc</Data>
      <Data Name="CurrentDirectory">C:\Users\IEUser\Desktop\</Data>
      <Data Name="User">MSEDGEWIN10\IEUser</Data>
      <Data Name="LogonGuid">{747F3D96-56A3-5D45-0000-0020FBD31800}</Data>
      <Data Name="LogonId">0x18d3fb</Data>
      <Data Name="TerminalSessionId">1</Data>
      <Data Name="IntegrityLevel">Medium</Data>
      <Data Name="Hashes">SHA1=7150AD53ECDA6DA136F56A41A97F4442F4C3A195,MD5=0ED2577AA82A30B1C1C55843F23B7C69,SHA256=5DC0EFC7CF971F9DA9BD183F4BC5707176F7F829133B3EF90FFBB603516AF921,IMPHASH=B8EE2D6252332A68B70B22E3D6E377D2</Data>
      <Data Name="ParentProcessGuid">{747F3D96-A356-5D45-0000-001029AA9901}</Data>
      <Data Name="ParentProcessId">4480</Data>
      <Data Name="ParentImage">C:\Users\IEUser\Desktop\UACME.exe</Data>
      <Data Name="ParentCommandLine">UACME.exe  39</Data>
    </EventData>
  </Event>
  <Event xmlns="http://schemas.microsoft.com/win/2004/08/events/event">
    <System>
      <Provider Name="Microsoft-Windows-Sysmon" Guid="{5770385F-C22A-43E0-BF4C-06F5698FFBD9}" />
      <EventID>1</EventID>
      <Version>5</Version>
      <Level>4</Level>
      <Task>1</Task>
      <Opcode>0</Opcode>
      <Keywords>0x8000000000000000</Keywords>
      <TimeCreated SystemTime="2019-08-03T15:08:06.796975700Z" />
      <EventRecordID>5529</EventRecordID>
      <Correlation />
      <Execution ProcessID="2780" ThreadID="3676" />
      <Channel>Microsoft-Windows-Sysmon/Operational</Channel>
      <Computer>MSEDGEWIN10</Computer>
      <Security UserID="S-1-5-18" />
    </System>
    <EventData>
      <Data Name="RuleName">
      </Data>
      <Data Name="UtcTime">2019-08-03 15:08:06.660</Data>
      <Data Name="ProcessGuid">{747F3D96-A356-5D45-0000-001006D49901}</Data>
      <Data Name="ProcessId">7840</Data>
      <Data Name="Image">C:\Windows\System32\consent.exe</Data>
      <Data Name="FileVersion">10.0.17763.1 (WinBuild.160101.0800)</Data>
      <Data Name="Description">Consent UI for administrative applications</Data>
      <Data Name="Product">Microsoft« Windows« Operating System</Data>
      <Data Name="Company">Microsoft Corporation</Data>
      <Data Name="CommandLine">consent.exe 896 376 0000028064463A00</Data>
      <Data Name="CurrentDirectory">C:\Windows\system32\</Data>
      <Data Name="User">NT AUTHORITY\SYSTEM</Data>
      <Data Name="LogonGuid">{747F3D96-D4E9-5D45-0000-0020E7030000}</Data>
      <Data Name="LogonId">0x3e7</Data>
      <Data Name="TerminalSessionId">1</Data>
      <Data Name="IntegrityLevel">System</Data>
      <Data Name="Hashes">SHA1=9329B2362078DE27242DD4534F588AF3264BF0BF,MD5=27992D7EBE51AEC655A088DE88BAD5C9,SHA256=8F112431143A22BAAAFB448EEFD63BF90E7691C890AC69A296574FD07BA03EC6,IMPHASH=522D83761201075834F05037F5307949</Data>
      <Data Name="ParentProcessGuid">{747F3D96-5769-5D45-0000-001044E83300}</Data>
      <Data Name="ParentProcessId">896</Data>
      <Data Name="ParentImage">C:\Windows\System32\svchost.exe</Data>
      <Data Name="ParentCommandLine">C:\Windows\system32\svchost.exe -k netsvcs -p -s Appinfo</Data>
    </EventData>
  </Event>
  <Event xmlns="http://schemas.microsoft.com/win/2004/08/events/event">
    <System>
      <Provider Name="Microsoft-Windows-Sysmon" Guid="{5770385F-C22A-43E0-BF4C-06F5698FFBD9}" />
      <EventID>1</EventID>
      <Version>5</Version>
      <Level>4</Level>
      <Task>1</Task>
      <Opcode>0</Opcode>
      <Keywords>0x8000000000000000</Keywords>
      <TimeCreated SystemTime="2019-08-03T15:08:07.144865500Z" />
      <EventRecordID>5530</EventRecordID>
      <Correlation />
      <Execution ProcessID="2780" ThreadID="3676" />
      <Channel>Microsoft-Windows-Sysmon/Operational</Channel>
      <Computer>MSEDGEWIN10</Computer>
      <Security UserID="S-1-5-18" />
    </System>
    <EventData>
      <Data Name="RuleName">
      </Data>
      <Data Name="UtcTime">2019-08-03 15:08:06.981</Data>
      <Data Name="ProcessGuid">{747F3D96-A356-5D45-0000-001014F99901}</Data>
      <Data Name="ProcessId">4056</Data>
      <Data Name="Image">C:\Windows\System32\mmc.exe</Data>
      <Data Name="FileVersion">10.0.17763.1 (WinBuild.160101.0800)</Data>
      <Data Name="Description">Microsoft Management Console</Data>
      <Data Name="Product">Microsoft« Windows« Operating System</Data>
      <Data Name="Company">Microsoft Corporation</Data>
      <Data Name="CommandLine">"C:\Windows\System32\mmc.exe" eventvwr.msc</Data>
      <Data Name="CurrentDirectory">C:\Windows\system32\</Data>
      <Data Name="User">MSEDGEWIN10\IEUser</Data>
      <Data Name="LogonGuid">{747F3D96-56A3-5D45-0000-0020B3D31800}</Data>
      <Data Name="LogonId">0x18d3b3</Data>
      <Data Name="TerminalSessionId">1</Data>
      <Data Name="IntegrityLevel">High</Data>
      <Data Name="Hashes">SHA1=7150AD53ECDA6DA136F56A41A97F4442F4C3A195,MD5=0ED2577AA82A30B1C1C55843F23B7C69,SHA256=5DC0EFC7CF971F9DA9BD183F4BC5707176F7F829133B3EF90FFBB603516AF921,IMPHASH=B8EE2D6252332A68B70B22E3D6E377D2</Data>
      <Data Name="ParentProcessGuid">{747F3D96-A356-5D45-0000-001029AA9901}</Data>
      <Data Name="ParentProcessId">4480</Data>
      <Data Name="ParentImage">C:\Users\IEUser\Desktop\UACME.exe</Data>
      <Data Name="ParentCommandLine">UACME.exe  39</Data>
    </EventData>
  </Event>
  <Event xmlns="http://schemas.microsoft.com/win/2004/08/events/event">
    <System>
      <Provider Name="Microsoft-Windows-Sysmon" Guid="{5770385F-C22A-43E0-BF4C-06F5698FFBD9}" />
      <EventID>7</EventID>
      <Version>3</Version>
      <Level>4</Level>
      <Task>7</Task>
      <Opcode>0</Opcode>
      <Keywords>0x8000000000000000</Keywords>
      <TimeCreated SystemTime="2019-08-03T15:08:07.508962000Z" />
      <EventRecordID>5531</EventRecordID>
      <Correlation />
      <Execution ProcessID="2780" ThreadID="3676" />
      <Channel>Microsoft-Windows-Sysmon/Operational</Channel>
      <Computer>MSEDGEWIN10</Computer>
      <Security UserID="S-1-5-18" />
    </System>
    <EventData>
      <Data Name="RuleName">Execution - Image Loaded from suspicious path</Data>
      <Data Name="UtcTime">2019-08-03 15:08:07.340</Data>
      <Data Name="ProcessGuid">{747F3D96-A356-5D45-0000-001014F99901}</Data>
      <Data Name="ProcessId">4056</Data>
      <Data Name="Image">C:\Windows\System32\mmc.exe</Data>
      <Data Name="ImageLoaded">C:\Users\IEUser\AppData\Local\Temp\pe386.dll</Data>
      <Data Name="FileVersion">3.1.9.1905</Data>
      <Data Name="Description">UACMe proxy DLL</Data>
      <Data Name="Product">UACMe</Data>
      <Data Name="Company">Hazardous Environments</Data>
      <Data Name="Hashes">SHA1=60BFDEAE730B165AF65A82817CED76F7400C9CF0,MD5=CC591D9CA772C818093FED853BF64848,SHA256=EC793B0A45BDB2F15D210E545A893AA096D68FF537DD022C4B443BDE2A448491,IMPHASH=069E5461D2FBAD8D4C3909C4E0340847</Data>
      <Data Name="Signed">false</Data>
      <Data Name="Signature">
      </Data>
      <Data Name="SignatureStatus">Unavailable</Data>
    </EventData>
  </Event>
  <Event xmlns="http://schemas.microsoft.com/win/2004/08/events/event">
    <System>
      <Provider Name="Microsoft-Windows-Sysmon" Guid="{5770385F-C22A-43E0-BF4C-06F5698FFBD9}" />
      <EventID>1</EventID>
      <Version>5</Version>
      <Level>4</Level>
      <Task>1</Task>
      <Opcode>0</Opcode>
      <Keywords>0x8000000000000000</Keywords>
      <TimeCreated SystemTime="2019-08-03T15:08:07.558917700Z" />
      <EventRecordID>5532</EventRecordID>
      <Correlation />
      <Execution ProcessID="2780" ThreadID="3676" />
      <Channel>Microsoft-Windows-Sysmon/Operational</Channel>
      <Computer>MSEDGEWIN10</Computer>
      <Security UserID="S-1-5-18" />
    </System>
    <EventData>
      <Data Name="RuleName">
      </Data>
      <Data Name="UtcTime">2019-08-03 15:08:07.355</Data>
      <Data Name="ProcessGuid">{747F3D96-A357-5D45-0000-0010BD149A01}</Data>
      <Data Name="ProcessId">5396</Data>
      <Data Name="Image">C:\Windows\System32\cmd.exe</Data>
      <Data Name="FileVersion">10.0.17763.1 (WinBuild.160101.0800)</Data>
      <Data Name="Description">Windows Command Processor</Data>
      <Data Name="Product">Microsoft« Windows« Operating System</Data>
      <Data Name="Company">Microsoft Corporation</Data>
      <Data Name="CommandLine">"C:\Windows\system32\cmd.exe"</Data>
      <Data Name="CurrentDirectory">C:\Windows\system32\</Data>
      <Data Name="User">MSEDGEWIN10\IEUser</Data>
      <Data Name="LogonGuid">{747F3D96-56A3-5D45-0000-0020B3D31800}</Data>
      <Data Name="LogonId">0x18d3b3</Data>
      <Data Name="TerminalSessionId">1</Data>
      <Data Name="IntegrityLevel">High</Data>
      <Data Name="Hashes">SHA1=8C5437CD76A89EC983E3B364E219944DA3DAB464,MD5=975B45B669930B0CC773EAF2B414206F,SHA256=3656F37A1C6951EC4496FABB8EE957D3A6E3C276D5A3785476B482C9C0D32EA2,IMPHASH=272245E2988E1E430500B852C4FB5E18</Data>
      <Data Name="ParentProcessGuid">{747F3D96-A356-5D45-0000-001014F99901}</Data>
      <Data Name="ParentProcessId">4056</Data>
      <Data Name="ParentImage">C:\Windows\System32\mmc.exe</Data>
      <Data Name="ParentCommandLine">"C:\Windows\System32\mmc.exe" eventvwr.msc</Data>
    </EventData>
  </Event>
</root>