<root>
  <Event xmlns="http://schemas.microsoft.com/win/2004/08/events/event">
    <System>
      <Provider Name="Microsoft-Windows-Sysmon" Guid="{5770385F-C22A-43E0-BF4C-06F5698FFBD9}" />
      <EventID>13</EventID>
      <Version>2</Version>
      <Level>4</Level>
      <Task>13</Task>
      <Opcode>0</Opcode>
      <Keywords>0x8000000000000000</Keywords>
      <TimeCreated SystemTime="2019-05-09T03:25:24.630445200Z" />
      <EventRecordID>11264</EventRecordID>
      <Correlation />
      <Execution ProcessID="1988" ThreadID="228" />
      <Channel>Microsoft-Windows-Sysmon/Operational</Channel>
      <Computer>IEWIN7</Computer>
      <Security UserID="S-1-5-18" />
    </System>
    <EventData>
      <Data Name="RuleName">
      </Data>
      <Data Name="EventType">SetValue</Data>
      <Data Name="UtcTime">2019-05-09 03:25:24.552</Data>
      <Data Name="ProcessGuid">{365ABB72-9570-5CD3-0000-00103FC90A00}</Data>
      <Data Name="ProcessId">1900</Data>
      <Data Name="Image">C:\Windows\System32\WindowsPowerShell\v1.0\powershell.exe</Data>
      <Data Name="TargetObject">HKU\S-1-5-21-3583694148-1414552638-2922671848-1000\Software\Microsoft\Windows\CurrentVersion\App Paths\control.exe\(Default)</Data>
      <Data Name="Details">C:\windows\system32\cmd.exe</Data>
    </EventData>
  </Event>
  <Event xmlns="http://schemas.microsoft.com/win/2004/08/events/event">
    <System>
      <Provider Name="Microsoft-Windows-Sysmon" Guid="{5770385F-C22A-43E0-BF4C-06F5698FFBD9}" />
      <EventID>1</EventID>
      <Version>5</Version>
      <Level>4</Level>
      <Task>1</Task>
      <Opcode>0</Opcode>
      <Keywords>0x8000000000000000</Keywords>
      <TimeCreated SystemTime="2019-05-09T03:25:24.896070200Z" />
      <EventRecordID>11265</EventRecordID>
      <Correlation />
      <Execution ProcessID="1988" ThreadID="228" />
      <Channel>Microsoft-Windows-Sysmon/Operational</Channel>
      <Computer>IEWIN7</Computer>
      <Security UserID="S-1-5-18" />
    </System>
    <EventData>
      <Data Name="RuleName">
      </Data>
      <Data Name="UtcTime">2019-05-09 03:25:24.583</Data>
      <Data Name="ProcessGuid">{365ABB72-9DA4-5CD3-0000-00102E692F00}</Data>
      <Data Name="ProcessId">3184</Data>
      <Data Name="Image">C:\Windows\System32\sdclt.exe</Data>
      <Data Name="FileVersion">6.1.7600.16385 (win7_rtm.090713-1255)</Data>
      <Data Name="Description">Microsoft« Windows Backup</Data>
      <Data Name="Product">Microsoft« Windows« Operating System</Data>
      <Data Name="Company">Microsoft Corporation</Data>
      <Data Name="CommandLine">"C:\Windows\system32\sdclt.exe" </Data>
      <Data Name="CurrentDirectory">C:\Users\IEUser\AppData\Local\Temp\onedrive\</Data>
      <Data Name="User">IEWIN7\IEUser</Data>
      <Data Name="LogonGuid">{365ABB72-94CD-5CD3-0000-0020DD3A0100}</Data>
      <Data Name="LogonId">0x13add</Data>
      <Data Name="TerminalSessionId">1</Data>
      <Data Name="IntegrityLevel">Medium</Data>
      <Data Name="Hashes">SHA1=8D4E7579031F773DFC73D54C72E865CCCDAC77F0,MD5=5EFDBEAECD69E250E5BA4A2950203CD4,SHA256=F66CEDB142FB711B9A9E57EFF498DF0BBCA16419EE089AB35529FAE4E6A19E7E,IMPHASH=B4141E03977FAAF21E42D3AE32C0DAC8</Data>
      <Data Name="ParentProcessGuid">{365ABB72-9570-5CD3-0000-00103FC90A00}</Data>
      <Data Name="ParentProcessId">1900</Data>
      <Data Name="ParentImage">C:\Windows\System32\WindowsPowerShell\v1.0\powershell.exe</Data>
      <Data Name="ParentCommandLine">powershell</Data>
    </EventData>
  </Event>
  <Event xmlns="http://schemas.microsoft.com/win/2004/08/events/event">
    <System>
      <Provider Name="Microsoft-Windows-Sysmon" Guid="{5770385F-C22A-43E0-BF4C-06F5698FFBD9}" />
      <EventID>1</EventID>
      <Version>5</Version>
      <Level>4</Level>
      <Task>1</Task>
      <Opcode>0</Opcode>
      <Keywords>0x8000000000000000</Keywords>
      <TimeCreated SystemTime="2019-05-09T03:25:25.067945200Z" />
      <EventRecordID>11267</EventRecordID>
      <Correlation />
      <Execution ProcessID="1988" ThreadID="228" />
      <Channel>Microsoft-Windows-Sysmon/Operational</Channel>
      <Computer>IEWIN7</Computer>
      <Security UserID="S-1-5-18" />
    </System>
    <EventData>
      <Data Name="RuleName">
      </Data>
      <Data Name="UtcTime">2019-05-09 03:25:24.677</Data>
      <Data Name="ProcessGuid">{365ABB72-9DA4-5CD3-0000-00107F7A2F00}</Data>
      <Data Name="ProcessId">2920</Data>
      <Data Name="Image">C:\Windows\System32\cmd.exe</Data>
      <Data Name="FileVersion">6.1.7601.17514 (win7sp1_rtm.101119-1850)</Data>
      <Data Name="Description">Windows Command Processor</Data>
      <Data Name="Product">Microsoft« Windows« Operating System</Data>
      <Data Name="Company">Microsoft Corporation</Data>
      <Data Name="CommandLine">"C:\Windows\System32\cmd.exe"  /name Microsoft.BackupAndRestoreCenter</Data>
      <Data Name="CurrentDirectory">C:\Users\IEUser\AppData\Local\Temp\onedrive\</Data>
      <Data Name="User">IEWIN7\IEUser</Data>
      <Data Name="LogonGuid">{365ABB72-94CD-5CD3-0000-0020DD3A0100}</Data>
      <Data Name="LogonId">0x13add</Data>
      <Data Name="TerminalSessionId">1</Data>
      <Data Name="IntegrityLevel">Medium</Data>
      <Data Name="Hashes">SHA1=EE8CBF12D87C4D388F09B4F69BED2E91682920B5,MD5=AD7B9C14083B52BC532FBA5948342B98,SHA256=17F746D82695FA9B35493B41859D39D786D32B23A9D2E00F4011DEC7A02402AE,IMPHASH=CEEFB55F764020CC5C5F8F23349AB163</Data>
      <Data Name="ParentProcessGuid">{365ABB72-9DA4-5CD3-0000-00102E692F00}</Data>
      <Data Name="ParentProcessId">3184</Data>
      <Data Name="ParentImage">C:\Windows\System32\sdclt.exe</Data>
      <Data Name="ParentCommandLine">"C:\Windows\system32\sdclt.exe" </Data>
    </EventData>
  </Event>
</root>