<root>
  <Event xmlns="http://schemas.microsoft.com/win/2004/08/events/event">
    <System>
      <Provider Name="Microsoft-Windows-Sysmon" Guid="{5770385F-C22A-43E0-BF4C-06F5698FFBD9}" />
      <EventID>1</EventID>
      <Version>5</Version>
      <Level>4</Level>
      <Task>1</Task>
      <Opcode>0</Opcode>
      <Keywords>0x8000000000000000</Keywords>
      <TimeCreated SystemTime="2019-05-10T13:32:48.200716100Z" />
      <EventRecordID>15675</EventRecordID>
      <Correlation />
      <Execution ProcessID="1980" ThreadID="1948" />
      <Channel>Microsoft-Windows-Sysmon/Operational</Channel>
      <Computer>IEWIN7</Computer>
      <Security UserID="S-1-5-18" />
    </System>
    <EventData>
      <Data Name="RuleName">
      </Data>
      <Data Name="UtcTime">2019-05-10 13:32:48.200</Data>
      <Data Name="ProcessGuid">{365ABB72-7D80-5CD5-0000-00100AD01300}</Data>
      <Data Name="ProcessId">2796</Data>
      <Data Name="Image">C:\Python27\python.exe</Data>
      <Data Name="FileVersion">?</Data>
      <Data Name="Description">?</Data>
      <Data Name="Product">?</Data>
      <Data Name="Company">?</Data>
      <Data Name="CommandLine">python  winpwnage.py -u uac -i 9 -p c:\Windows\System32\cmd.exe</Data>
      <Data Name="CurrentDirectory">C:\Users\IEUser\Downloads\WinPwnage-master\WinPwnage-master\</Data>
      <Data Name="User">IEWIN7\IEUser</Data>
      <Data Name="LogonGuid">{365ABB72-79DF-5CD5-0000-002041420100}</Data>
      <Data Name="LogonId">0x14241</Data>
      <Data Name="TerminalSessionId">1</Data>
      <Data Name="IntegrityLevel">Medium</Data>
      <Data Name="Hashes">SHA1=ECA93AAAA5039E12D2F0CC3F0C8F5AF8FDB15C71,MD5=E11683E4A1E88666DD5E0331F969E0C6,SHA256=B6B4BD10303797C209C4F3C3FCC863A925A77AE2C38090FB8B3FF1BF9C4DDE84,IMPHASH=F3F3DE6C332CF6049756A5B794EBD0C5</Data>
      <Data Name="ParentProcessGuid">{365ABB72-7AEA-5CD5-0000-001021480A00}</Data>
      <Data Name="ParentProcessId">332</Data>
      <Data Name="ParentImage">C:\Windows\System32\cmd.exe</Data>
      <Data Name="ParentCommandLine">"C:\Windows\system32\cmd.exe" </Data>
    </EventData>
  </Event>
  <Event xmlns="http://schemas.microsoft.com/win/2004/08/events/event">
    <System>
      <Provider Name="Microsoft-Windows-Sysmon" Guid="{5770385F-C22A-43E0-BF4C-06F5698FFBD9}" />
      <EventID>13</EventID>
      <Version>2</Version>
      <Level>4</Level>
      <Task>13</Task>
      <Opcode>0</Opcode>
      <Keywords>0x8000000000000000</Keywords>
      <TimeCreated SystemTime="2019-05-10T13:32:48.412971500Z" />
      <EventRecordID>15676</EventRecordID>
      <Correlation />
      <Execution ProcessID="1980" ThreadID="1948" />
      <Channel>Microsoft-Windows-Sysmon/Operational</Channel>
      <Computer>IEWIN7</Computer>
      <Security UserID="S-1-5-18" />
    </System>
    <EventData>
      <Data Name="RuleName">
      </Data>
      <Data Name="EventType">SetValue</Data>
      <Data Name="UtcTime">2019-05-10 13:32:48.397</Data>
      <Data Name="ProcessGuid">{365ABB72-7D80-5CD5-0000-00100AD01300}</Data>
      <Data Name="ProcessId">2796</Data>
      <Data Name="Image">c:\python27\python.exe</Data>
      <Data Name="TargetObject">HKU\S-1-5-21-3583694148-1414552638-2922671848-1000_CLASSES\mscfile\shell\open\command\(Default)</Data>
      <Data Name="Details">c:\Windows\System32\cmd.exe</Data>
    </EventData>
  </Event>
  <Event xmlns="http://schemas.microsoft.com/win/2004/08/events/event">
    <System>
      <Provider Name="Microsoft-Windows-Sysmon" Guid="{5770385F-C22A-43E0-BF4C-06F5698FFBD9}" />
      <EventID>1</EventID>
      <Version>5</Version>
      <Level>4</Level>
      <Task>1</Task>
      <Opcode>0</Opcode>
      <Keywords>0x8000000000000000</Keywords>
      <TimeCreated SystemTime="2019-05-10T13:32:58.549885300Z" />
      <EventRecordID>15677</EventRecordID>
      <Correlation />
      <Execution ProcessID="1980" ThreadID="1948" />
      <Channel>Microsoft-Windows-Sysmon/Operational</Channel>
      <Computer>IEWIN7</Computer>
      <Security UserID="S-1-5-18" />
    </System>
    <EventData>
      <Data Name="RuleName">
      </Data>
      <Data Name="UtcTime">2019-05-10 13:32:54.034</Data>
      <Data Name="ProcessGuid">{365ABB72-7D86-5CD5-0000-0010CC2E1400}</Data>
      <Data Name="ProcessId">2076</Data>
      <Data Name="Image">C:\Windows\System32\cmd.exe</Data>
      <Data Name="FileVersion">6.1.7601.17514 (win7sp1_rtm.101119-1850)</Data>
      <Data Name="Description">Windows Command Processor</Data>
      <Data Name="Product">Microsoft« Windows« Operating System</Data>
      <Data Name="Company">Microsoft Corporation</Data>
      <Data Name="CommandLine">"c:\Windows\System32\cmd.exe" </Data>
      <Data Name="CurrentDirectory">C:\Users\IEUser\</Data>
      <Data Name="User">IEWIN7\IEUser</Data>
      <Data Name="LogonGuid">{365ABB72-79DF-5CD5-0000-0020F8410100}</Data>
      <Data Name="LogonId">0x141f8</Data>
      <Data Name="TerminalSessionId">1</Data>
      <Data Name="IntegrityLevel">High</Data>
      <Data Name="Hashes">SHA1=EE8CBF12D87C4D388F09B4F69BED2E91682920B5,MD5=AD7B9C14083B52BC532FBA5948342B98,SHA256=17F746D82695FA9B35493B41859D39D786D32B23A9D2E00F4011DEC7A02402AE,IMPHASH=CEEFB55F764020CC5C5F8F23349AB163</Data>
      <Data Name="ParentProcessGuid">{365ABB72-7D85-5CD5-0000-001047061400}</Data>
      <Data Name="ParentProcessId">2536</Data>
      <Data Name="ParentImage">C:\Windows\System32\CompMgmtLauncher.exe</Data>
      <Data Name="ParentCommandLine">"C:\Windows\System32\CompMgmtLauncher.exe" </Data>
    </EventData>
  </Event>
  <Event xmlns="http://schemas.microsoft.com/win/2004/08/events/event">
    <System>
      <Provider Name="Microsoft-Windows-Sysmon" Guid="{5770385F-C22A-43E0-BF4C-06F5698FFBD9}" />
      <EventID>1</EventID>
      <Version>5</Version>
      <Level>4</Level>
      <Task>1</Task>
      <Opcode>0</Opcode>
      <Keywords>0x8000000000000000</Keywords>
      <TimeCreated SystemTime="2019-05-10T13:33:29.424885300Z" />
      <EventRecordID>15678</EventRecordID>
      <Correlation />
      <Execution ProcessID="1980" ThreadID="1948" />
      <Channel>Microsoft-Windows-Sysmon/Operational</Channel>
      <Computer>IEWIN7</Computer>
      <Security UserID="S-1-5-18" />
    </System>
    <EventData>
      <Data Name="RuleName">
      </Data>
      <Data Name="UtcTime">2019-05-10 13:33:29.409</Data>
      <Data Name="ProcessGuid">{365ABB72-7DA9-5CD5-0000-00100ED31400}</Data>
      <Data Name="ProcessId">2524</Data>
      <Data Name="Image">C:\Windows\System32\whoami.exe</Data>
      <Data Name="FileVersion">6.1.7600.16385 (win7_rtm.090713-1255)</Data>
      <Data Name="Description">whoami - displays logged on user information</Data>
      <Data Name="Product">Microsoft« Windows« Operating System</Data>
      <Data Name="Company">Microsoft Corporation</Data>
      <Data Name="CommandLine">whoami  /priv</Data>
      <Data Name="CurrentDirectory">C:\Users\IEUser\</Data>
      <Data Name="User">IEWIN7\IEUser</Data>
      <Data Name="LogonGuid">{365ABB72-79DF-5CD5-0000-0020F8410100}</Data>
      <Data Name="LogonId">0x141f8</Data>
      <Data Name="TerminalSessionId">1</Data>
      <Data Name="IntegrityLevel">High</Data>
      <Data Name="Hashes">SHA1=DC058F52AD8ACBD316827B6DCAC2434AB3CC515C,MD5=0EBF71E33EF09CA65D9683AFA999C473,SHA256=599EFD455AEEEFE2044A9B597061F271595033F5D0DF2C99DFDBCA8394BBCEC3,IMPHASH=C5352B949915AB8CD5E1844790D19274</Data>
      <Data Name="ParentProcessGuid">{365ABB72-7D86-5CD5-0000-0010CC2E1400}</Data>
      <Data Name="ParentProcessId">2076</Data>
      <Data Name="ParentImage">C:\Windows\System32\cmd.exe</Data>
      <Data Name="ParentCommandLine">"c:\Windows\System32\cmd.exe" </Data>
    </EventData>
  </Event>
</root>