<root>
  <Event xmlns="http://schemas.microsoft.com/win/2004/08/events/event">
    <System>
      <Provider Name="Microsoft-Windows-Sysmon" Guid="{5770385F-C22A-43E0-BF4C-06F5698FFBD9}" />
      <EventID>1</EventID>
      <Version>5</Version>
      <Level>4</Level>
      <Task>1</Task>
      <Opcode>0</Opcode>
      <Keywords>0x8000000000000000</Keywords>
      <TimeCreated SystemTime="2019-06-14T22:22:17.988370700Z" />
      <EventRecordID>7530</EventRecordID>
      <Correlation />
      <Execution ProcessID="1960" ThreadID="288" />
      <Channel>Microsoft-Windows-Sysmon/Operational</Channel>
      <Computer>IEWIN7</Computer>
      <Security UserID="S-1-5-18" />
    </System>
    <EventData>
      <Data Name="RuleName">
      </Data>
      <Data Name="UtcTime">2019-06-14 22:22:17.957</Data>
      <Data Name="ProcessGuid">{365ABB72-1E19-5D04-0000-0010DFC60A00}</Data>
      <Data Name="ProcessId">4020</Data>
      <Data Name="Image">C:\Users\IEUser\Downloads\a.exe</Data>
      <Data Name="FileVersion">1.0.0.0</Data>
      <Data Name="Description">NpmTaskRunner</Data>
      <Data Name="Product">NpmTaskRunner</Data>
      <Data Name="Company">
      </Data>
      <Data Name="CommandLine">"C:\Users\IEUser\Downloads\a.exe" </Data>
      <Data Name="CurrentDirectory">C:\Users\IEUser\Downloads\</Data>
      <Data Name="User">IEWIN7\IEUser</Data>
      <Data Name="LogonGuid">{365ABB72-1D89-5D04-0000-00206D330100}</Data>
      <Data Name="LogonId">0x1336d</Data>
      <Data Name="TerminalSessionId">1</Data>
      <Data Name="IntegrityLevel">High</Data>
      <Data Name="Hashes">SHA1=E2286C233467D0E164ED5ED1D07BAC9F90F74D19,MD5=41CE32C0D1D4E5BB8C63674F317450EF,SHA256=5DE788D23B247B29F116CD0583280CE10A429E9F8C1D80C42DEAB20C6F4DBB4E,IMPHASH=F34D5F2D4577ED6D9CEEC516C1F5A744</Data>
      <Data Name="ParentProcessGuid">{365ABB72-1DB8-5D04-0000-00109BF60500}</Data>
      <Data Name="ParentProcessId">2816</Data>
      <Data Name="ParentImage">C:\Windows\explorer.exe</Data>
      <Data Name="ParentCommandLine">C:\Windows\Explorer.EXE</Data>
    </EventData>
  </Event>
  <Event xmlns="http://schemas.microsoft.com/win/2004/08/events/event">
    <System>
      <Provider Name="Microsoft-Windows-Sysmon" Guid="{5770385F-C22A-43E0-BF4C-06F5698FFBD9}" />
      <EventID>11</EventID>
      <Version>2</Version>
      <Level>4</Level>
      <Task>11</Task>
      <Opcode>0</Opcode>
      <Keywords>0x8000000000000000</Keywords>
      <TimeCreated SystemTime="2019-06-14T22:22:21.503995700Z" />
      <EventRecordID>7531</EventRecordID>
      <Correlation />
      <Execution ProcessID="1960" ThreadID="288" />
      <Channel>Microsoft-Windows-Sysmon/Operational</Channel>
      <Computer>IEWIN7</Computer>
      <Security UserID="S-1-5-18" />
    </System>
    <EventData>
      <Data Name="RuleName">
      </Data>
      <Data Name="UtcTime">2019-06-14 22:22:21.503</Data>
      <Data Name="ProcessGuid">{365ABB72-1E19-5D04-0000-0010DFC60A00}</Data>
      <Data Name="ProcessId">4020</Data>
      <Data Name="Image">C:\Users\IEUser\Downloads\a.exe</Data>
      <Data Name="TargetFilename">C:\Users\IEUser\AppData\Roaming\9QxTsAU9w8gyPj4w\BRE6BgE2JubB.exe</Data>
      <Data Name="CreationUtcTime">2019-06-14 22:22:21.503</Data>
    </EventData>
  </Event>
  <Event xmlns="http://schemas.microsoft.com/win/2004/08/events/event">
    <System>
      <Provider Name="Microsoft-Windows-Sysmon" Guid="{5770385F-C22A-43E0-BF4C-06F5698FFBD9}" />
      <EventID>13</EventID>
      <Version>2</Version>
      <Level>4</Level>
      <Task>13</Task>
      <Opcode>0</Opcode>
      <Keywords>0x8000000000000000</Keywords>
      <TimeCreated SystemTime="2019-06-14T22:22:21.535245700Z" />
      <EventRecordID>7532</EventRecordID>
      <Correlation />
      <Execution ProcessID="1960" ThreadID="288" />
      <Channel>Microsoft-Windows-Sysmon/Operational</Channel>
      <Computer>IEWIN7</Computer>
      <Security UserID="S-1-5-18" />
    </System>
    <EventData>
      <Data Name="RuleName">Persistence - Winlogon Shell</Data>
      <Data Name="EventType">SetValue</Data>
      <Data Name="UtcTime">2019-06-14 22:22:21.519</Data>
      <Data Name="ProcessGuid">{365ABB72-1E19-5D04-0000-0010DFC60A00}</Data>
      <Data Name="ProcessId">4020</Data>
      <Data Name="Image">C:\Users\IEUser\Downloads\a.exe</Data>
      <Data Name="TargetObject">HKU\S-1-5-21-3583694148-1414552638-2922671848-1000\Software\Microsoft\Windows NT\CurrentVersion\Winlogon\Shell</Data>
      <Data Name="Details">"C:\Users\IEUser\AppData\Roaming\9QxTsAU9w8gyPj4w\BRE6BgE2JubB.exe",explorer.exe</Data>
    </EventData>
  </Event>
  <Event xmlns="http://schemas.microsoft.com/win/2004/08/events/event">
    <System>
      <Provider Name="Microsoft-Windows-Sysmon" Guid="{5770385F-C22A-43E0-BF4C-06F5698FFBD9}" />
      <EventID>1</EventID>
      <Version>5</Version>
      <Level>4</Level>
      <Task>1</Task>
      <Opcode>0</Opcode>
      <Keywords>0x8000000000000000</Keywords>
      <TimeCreated SystemTime="2019-06-14T22:22:21.535245700Z" />
      <EventRecordID>7533</EventRecordID>
      <Correlation />
      <Execution ProcessID="1960" ThreadID="288" />
      <Channel>Microsoft-Windows-Sysmon/Operational</Channel>
      <Computer>IEWIN7</Computer>
      <Security UserID="S-1-5-18" />
    </System>
    <EventData>
      <Data Name="RuleName">
      </Data>
      <Data Name="UtcTime">2019-06-14 22:22:21.535</Data>
      <Data Name="ProcessGuid">{365ABB72-1E1D-5D04-0000-001003E70A00}</Data>
      <Data Name="ProcessId">1008</Data>
      <Data Name="Image">C:\Users\IEUser\Downloads\a.exe</Data>
      <Data Name="FileVersion">1.0.0.0</Data>
      <Data Name="Description">NpmTaskRunner</Data>
      <Data Name="Product">NpmTaskRunner</Data>
      <Data Name="Company">
      </Data>
      <Data Name="CommandLine">"C:\Users\IEUser\Downloads\a.exe"</Data>
      <Data Name="CurrentDirectory">C:\Users\IEUser\Downloads\</Data>
      <Data Name="User">IEWIN7\IEUser</Data>
      <Data Name="LogonGuid">{365ABB72-1D89-5D04-0000-00206D330100}</Data>
      <Data Name="LogonId">0x1336d</Data>
      <Data Name="TerminalSessionId">1</Data>
      <Data Name="IntegrityLevel">High</Data>
      <Data Name="Hashes">SHA1=E2286C233467D0E164ED5ED1D07BAC9F90F74D19,MD5=41CE32C0D1D4E5BB8C63674F317450EF,SHA256=5DE788D23B247B29F116CD0583280CE10A429E9F8C1D80C42DEAB20C6F4DBB4E,IMPHASH=F34D5F2D4577ED6D9CEEC516C1F5A744</Data>
      <Data Name="ParentProcessGuid">{365ABB72-1E19-5D04-0000-0010DFC60A00}</Data>
      <Data Name="ParentProcessId">4020</Data>
      <Data Name="ParentImage">C:\Users\IEUser\Downloads\a.exe</Data>
      <Data Name="ParentCommandLine">"C:\Users\IEUser\Downloads\a.exe" </Data>
    </EventData>
  </Event>
  <Event xmlns="http://schemas.microsoft.com/win/2004/08/events/event">
    <System>
      <Provider Name="Microsoft-Windows-Sysmon" Guid="{5770385F-C22A-43E0-BF4C-06F5698FFBD9}" />
      <EventID>7</EventID>
      <Version>3</Version>
      <Level>4</Level>
      <Task>7</Task>
      <Opcode>0</Opcode>
      <Keywords>0x8000000000000000</Keywords>
      <TimeCreated SystemTime="2019-06-14T22:22:31.957120700Z" />
      <EventRecordID>7536</EventRecordID>
      <Correlation />
      <Execution ProcessID="1960" ThreadID="1916" />
      <Channel>Microsoft-Windows-Sysmon/Operational</Channel>
      <Computer>IEWIN7</Computer>
      <Security UserID="S-1-5-18" />
    </System>
    <EventData>
      <Data Name="RuleName">Execution - Suspicious WMI module load</Data>
      <Data Name="UtcTime">2019-06-14 22:22:31.925</Data>
      <Data Name="ProcessGuid">{365ABB72-1E1D-5D04-0000-001003E70A00}</Data>
      <Data Name="ProcessId">1008</Data>
      <Data Name="Image">C:\Users\IEUser\Downloads\a.exe</Data>
      <Data Name="ImageLoaded">C:\Windows\System32\wbem\wmiutils.dll</Data>
      <Data Name="FileVersion">6.1.7600.16385 (win7_rtm.090713-1255)</Data>
      <Data Name="Description">WMI</Data>
      <Data Name="Product">Microsoft« Windows« Operating System</Data>
      <Data Name="Company">Microsoft Corporation</Data>
      <Data Name="Hashes">SHA1=03DC8ABDF9C9948FE6E783DCA9C6C8264D635F0A,MD5=5610B0425518D185331CB8E968D060E6,SHA256=E235186C3BF266EE9EC733D2CFF35E3A65DE039C19B14260F4054F34B5E8AD41,IMPHASH=523D1DB34FC36465E35F6201A2FD561B</Data>
      <Data Name="Signed">true</Data>
      <Data Name="Signature">Microsoft Windows</Data>
      <Data Name="SignatureStatus">Valid</Data>
    </EventData>
  </Event>
  <Event xmlns="http://schemas.microsoft.com/win/2004/08/events/event">
    <System>
      <Provider Name="Microsoft-Windows-Sysmon" Guid="{5770385F-C22A-43E0-BF4C-06F5698FFBD9}" />
      <EventID>1</EventID>
      <Version>5</Version>
      <Level>4</Level>
      <Task>1</Task>
      <Opcode>0</Opcode>
      <Keywords>0x8000000000000000</Keywords>
      <TimeCreated SystemTime="2019-06-14T22:22:32.222745700Z" />
      <EventRecordID>7537</EventRecordID>
      <Correlation />
      <Execution ProcessID="1960" ThreadID="288" />
      <Channel>Microsoft-Windows-Sysmon/Operational</Channel>
      <Computer>IEWIN7</Computer>
      <Security UserID="S-1-5-18" />
    </System>
    <EventData>
      <Data Name="RuleName">
      </Data>
      <Data Name="UtcTime">2019-06-14 22:22:32.191</Data>
      <Data Name="ProcessGuid">{365ABB72-1E28-5D04-0000-0010EC030B00}</Data>
      <Data Name="ProcessId">1584</Data>
      <Data Name="Image">C:\Windows\Microsoft.NET\Framework\v2.0.50727\vbc.exe</Data>
      <Data Name="FileVersion">8.0.50727.5483</Data>
      <Data Name="Description">Visual Basic Command Line Compiler</Data>
      <Data Name="Product">Microsoft« Visual Studio« 2005</Data>
      <Data Name="Company">Microsoft Corporation</Data>
      <Data Name="CommandLine">"C:\Windows\Microsoft.NET\Framework\v2.0.50727\vbc.exe" /stext "C:\Users\IEUser\AppData\Local\Temp\tmpA185.tmp"</Data>
      <Data Name="CurrentDirectory">C:\Users\IEUser\Downloads\</Data>
      <Data Name="User">IEWIN7\IEUser</Data>
      <Data Name="LogonGuid">{365ABB72-1D89-5D04-0000-00206D330100}</Data>
      <Data Name="LogonId">0x1336d</Data>
      <Data Name="TerminalSessionId">1</Data>
      <Data Name="IntegrityLevel">High</Data>
      <Data Name="Hashes">SHA1=BE642993EFE69E35F3C17AC5630E8EE3958D9A1E,MD5=1672D0478049ABDAF0197BE64A7F867F,SHA256=C67F217DA287D8CEF48FA9E9DEE971D59D7EFABBD0C7F700664D7970D68B52EF,IMPHASH=5B989C7F24F9B07840E9A2A654544C93</Data>
      <Data Name="ParentProcessGuid">{365ABB72-1E1D-5D04-0000-001003E70A00}</Data>
      <Data Name="ParentProcessId">1008</Data>
      <Data Name="ParentImage">C:\Users\IEUser\Downloads\a.exe</Data>
      <Data Name="ParentCommandLine">"C:\Users\IEUser\Downloads\a.exe"</Data>
    </EventData>
  </Event>
  <Event xmlns="http://schemas.microsoft.com/win/2004/08/events/event">
    <System>
      <Provider Name="Microsoft-Windows-Sysmon" Guid="{5770385F-C22A-43E0-BF4C-06F5698FFBD9}" />
      <EventID>1</EventID>
      <Version>5</Version>
      <Level>4</Level>
      <Task>1</Task>
      <Opcode>0</Opcode>
      <Keywords>0x8000000000000000</Keywords>
      <TimeCreated SystemTime="2019-06-14T22:22:47.253995700Z" />
      <EventRecordID>7543</EventRecordID>
      <Correlation />
      <Execution ProcessID="1960" ThreadID="288" />
      <Channel>Microsoft-Windows-Sysmon/Operational</Channel>
      <Computer>IEWIN7</Computer>
      <Security UserID="S-1-5-18" />
    </System>
    <EventData>
      <Data Name="RuleName">
      </Data>
      <Data Name="UtcTime">2019-06-14 22:22:47.128</Data>
      <Data Name="ProcessGuid">{365ABB72-1E37-5D04-0000-001049360B00}</Data>
      <Data Name="ProcessId">1552</Data>
      <Data Name="Image">C:\Windows\System32\LogonUI.exe</Data>
      <Data Name="FileVersion">6.1.7601.17514 (win7sp1_rtm.101119-1850)</Data>
      <Data Name="Description">Windows Logon User Interface Host</Data>
      <Data Name="Product">Microsoft« Windows« Operating System</Data>
      <Data Name="Company">Microsoft Corporation</Data>
      <Data Name="CommandLine">"LogonUI.exe" /flags:0x0</Data>
      <Data Name="CurrentDirectory">C:\Windows\system32\</Data>
      <Data Name="User">NT AUTHORITY\SYSTEM</Data>
      <Data Name="LogonGuid">{365ABB72-9C16-5D04-0000-0020E7030000}</Data>
      <Data Name="LogonId">0x3e7</Data>
      <Data Name="TerminalSessionId">1</Data>
      <Data Name="IntegrityLevel">System</Data>
      <Data Name="Hashes">SHA1=6FCAD4F6BB71049744D25F2B53A651AC5AA79187,MD5=3EF0D8AB08385AAB5802E773511A2E6A,SHA256=1A7EE4BC646767004372EAEA9BC0A2071790E739101F7D25ECD9C95D3F29AFD6,IMPHASH=B8FCE86F8F679B9FC7368F8F47778678</Data>
      <Data Name="ParentProcessGuid">{365ABB72-9C16-5D04-0000-00104B5A0000}</Data>
      <Data Name="ParentProcessId">444</Data>
      <Data Name="ParentImage">C:\Windows\System32\winlogon.exe</Data>
      <Data Name="ParentCommandLine">winlogon.exe</Data>
    </EventData>
  </Event>
  <Event xmlns="http://schemas.microsoft.com/win/2004/08/events/event">
    <System>
      <Provider Name="Microsoft-Windows-Sysmon" Guid="{5770385F-C22A-43E0-BF4C-06F5698FFBD9}" />
      <EventID>5</EventID>
      <Version>3</Version>
      <Level>4</Level>
      <Task>5</Task>
      <Opcode>0</Opcode>
      <Keywords>0x8000000000000000</Keywords>
      <TimeCreated SystemTime="2019-06-14T22:22:52.457120700Z" />
      <EventRecordID>7544</EventRecordID>
      <Correlation />
      <Execution ProcessID="1960" ThreadID="288" />
      <Channel>Microsoft-Windows-Sysmon/Operational</Channel>
      <Computer>IEWIN7</Computer>
      <Security UserID="S-1-5-18" />
    </System>
    <EventData>
      <Data Name="RuleName">
      </Data>
      <Data Name="UtcTime">2019-06-14 22:22:52.332</Data>
      <Data Name="ProcessGuid">{365ABB72-1E1D-5D04-0000-001003E70A00}</Data>
      <Data Name="ProcessId">1008</Data>
      <Data Name="Image">C:\Users\IEUser\Downloads\a.exe</Data>
    </EventData>
  </Event>
  <Event xmlns="http://schemas.microsoft.com/win/2004/08/events/event">
    <System>
      <Provider Name="Microsoft-Windows-Sysmon" Guid="{5770385F-C22A-43E0-BF4C-06F5698FFBD9}" />
      <EventID>5</EventID>
      <Version>3</Version>
      <Level>4</Level>
      <Task>5</Task>
      <Opcode>0</Opcode>
      <Keywords>0x8000000000000000</Keywords>
      <TimeCreated SystemTime="2019-06-14T22:22:52.503995700Z" />
      <EventRecordID>7545</EventRecordID>
      <Correlation />
      <Execution ProcessID="1960" ThreadID="288" />
      <Channel>Microsoft-Windows-Sysmon/Operational</Channel>
      <Computer>IEWIN7</Computer>
      <Security UserID="S-1-5-18" />
    </System>
    <EventData>
      <Data Name="RuleName">
      </Data>
      <Data Name="UtcTime">2019-06-14 22:22:52.503</Data>
      <Data Name="ProcessGuid">{365ABB72-1E19-5D04-0000-0010DFC60A00}</Data>
      <Data Name="ProcessId">4020</Data>
      <Data Name="Image">C:\Users\IEUser\Downloads\a.exe</Data>
    </EventData>
  </Event>
  <Event xmlns="http://schemas.microsoft.com/win/2004/08/events/event">
    <System>
      <Provider Name="Microsoft-Windows-Sysmon" Guid="{5770385F-C22A-43E0-BF4C-06F5698FFBD9}" />
      <EventID>1</EventID>
      <Version>5</Version>
      <Level>4</Level>
      <Task>1</Task>
      <Opcode>0</Opcode>
      <Keywords>0x8000000000000000</Keywords>
      <TimeCreated SystemTime="2019-06-14T22:22:55.441495700Z" />
      <EventRecordID>7546</EventRecordID>
      <Correlation />
      <Execution ProcessID="1960" ThreadID="288" />
      <Channel>Microsoft-Windows-Sysmon/Operational</Channel>
      <Computer>IEWIN7</Computer>
      <Security UserID="S-1-5-18" />
    </System>
    <EventData>
      <Data Name="RuleName">
      </Data>
      <Data Name="UtcTime">2019-06-14 22:22:55.394</Data>
      <Data Name="ProcessGuid">{365ABB72-1E3F-5D04-0000-0010EC890B00}</Data>
      <Data Name="ProcessId">688</Data>
      <Data Name="Image">C:\Windows\System32\smss.exe</Data>
      <Data Name="FileVersion">6.1.7600.16385 (win7_rtm.090713-1255)</Data>
      <Data Name="Description">Windows Session Manager</Data>
      <Data Name="Product">Microsoft« Windows« Operating System</Data>
      <Data Name="Company">Microsoft Corporation</Data>
      <Data Name="CommandLine">\SystemRoot\System32\smss.exe 00000000 00000040 </Data>
      <Data Name="CurrentDirectory">C:\Windows\</Data>
      <Data Name="User">NT AUTHORITY\SYSTEM</Data>
      <Data Name="LogonGuid">{365ABB72-9C16-5D04-0000-0020E7030000}</Data>
      <Data Name="LogonId">0x3e7</Data>
      <Data Name="TerminalSessionId">2</Data>
      <Data Name="IntegrityLevel">System</Data>
      <Data Name="Hashes">SHA1=6EBCD58670607B00DD138AB5BC22C2359A9551CE,MD5=899FAA235BD35DABE1C2505CE313AD5F,SHA256=AB17ADE22FD2E24CAC554F4FB9C84A810B8C377F09A49762F6616DA49E653141,IMPHASH=263C3FFA2FD990E9BAE492989A61AF52</Data>
      <Data Name="ParentProcessGuid">{365ABB72-9C13-5D04-0000-0010472D0000}</Data>
      <Data Name="ParentProcessId">264</Data>
      <Data Name="ParentImage">C:\Windows\System32\smss.exe</Data>
      <Data Name="ParentCommandLine">\SystemRoot\System32\smss.exe</Data>
    </EventData>
  </Event>
  <Event xmlns="http://schemas.microsoft.com/win/2004/08/events/event">
    <System>
      <Provider Name="Microsoft-Windows-Sysmon" Guid="{5770385F-C22A-43E0-BF4C-06F5698FFBD9}" />
      <EventID>1</EventID>
      <Version>5</Version>
      <Level>4</Level>
      <Task>1</Task>
      <Opcode>0</Opcode>
      <Keywords>0x8000000000000000</Keywords>
      <TimeCreated SystemTime="2019-06-14T22:22:55.503995700Z" />
      <EventRecordID>7547</EventRecordID>
      <Correlation />
      <Execution ProcessID="1960" ThreadID="288" />
      <Channel>Microsoft-Windows-Sysmon/Operational</Channel>
      <Computer>IEWIN7</Computer>
      <Security UserID="S-1-5-18" />
    </System>
    <EventData>
      <Data Name="RuleName">
      </Data>
      <Data Name="UtcTime">2019-06-14 22:22:55.410</Data>
      <Data Name="ProcessGuid">{365ABB72-1E3F-5D04-0000-0010568A0B00}</Data>
      <Data Name="ProcessId">488</Data>
      <Data Name="Image">C:\Windows\System32\csrss.exe</Data>
      <Data Name="FileVersion">6.1.7600.16385 (win7_rtm.090713-1255)</Data>
      <Data Name="Description">Client Server Runtime Process</Data>
      <Data Name="Product">Microsoft« Windows« Operating System</Data>
      <Data Name="Company">Microsoft Corporation</Data>
      <Data Name="CommandLine">%%SystemRoot%%\system32\csrss.exe ObjectDirectory=\Windows SharedSection=1024,12288,512 Windows=On SubSystemType=Windows ServerDll=basesrv,1 ServerDll=winsrv:UserServerDllInitialization,3 ServerDll=winsrv:ConServerDllInitialization,2 ServerDll=sxssrv,4 ProfileControl=Off MaxRequestThreads=16</Data>
      <Data Name="CurrentDirectory">C:\Windows\system32</Data>
      <Data Name="User">NT AUTHORITY\SYSTEM</Data>
      <Data Name="LogonGuid">{365ABB72-9C16-5D04-0000-0020E7030000}</Data>
      <Data Name="LogonId">0x3e7</Data>
      <Data Name="TerminalSessionId">2</Data>
      <Data Name="IntegrityLevel">System</Data>
      <Data Name="Hashes">SHA1=53BC9B2AE89FCAD6197EC519AE588F926C88E460,MD5=342271F6142E7C70805B8A81E1BA5F5C,SHA256=F9112B88FEC5EF10A7AEDF88DCEE61956D1FCDE7CB42197216E8265578713786,IMPHASH=A801AE60E0B3E5643B92C006DA96F0E0</Data>
      <Data Name="ParentProcessGuid">{365ABB72-1E3F-5D04-0000-0010EC890B00}</Data>
      <Data Name="ParentProcessId">688</Data>
      <Data Name="ParentImage">C:\Windows\System32\smss.exe</Data>
      <Data Name="ParentCommandLine">\SystemRoot\System32\smss.exe 00000000 00000040 </Data>
    </EventData>
  </Event>
  <Event xmlns="http://schemas.microsoft.com/win/2004/08/events/event">
    <System>
      <Provider Name="Microsoft-Windows-Sysmon" Guid="{5770385F-C22A-43E0-BF4C-06F5698FFBD9}" />
      <EventID>1</EventID>
      <Version>5</Version>
      <Level>4</Level>
      <Task>1</Task>
      <Opcode>0</Opcode>
      <Keywords>0x8000000000000000</Keywords>
      <TimeCreated SystemTime="2019-06-14T22:22:55.566495700Z" />
      <EventRecordID>7548</EventRecordID>
      <Correlation />
      <Execution ProcessID="1960" ThreadID="288" />
      <Channel>Microsoft-Windows-Sysmon/Operational</Channel>
      <Computer>IEWIN7</Computer>
      <Security UserID="S-1-5-18" />
    </System>
    <EventData>
      <Data Name="RuleName">
      </Data>
      <Data Name="UtcTime">2019-06-14 22:22:55.550</Data>
      <Data Name="ProcessGuid">{365ABB72-1E3F-5D04-0000-0010FF8D0B00}</Data>
      <Data Name="ProcessId">1228</Data>
      <Data Name="Image">C:\Windows\System32\winlogon.exe</Data>
      <Data Name="FileVersion">6.1.7601.17514 (win7sp1_rtm.101119-1850)</Data>
      <Data Name="Description">Windows Logon Application</Data>
      <Data Name="Product">Microsoft« Windows« Operating System</Data>
      <Data Name="Company">Microsoft Corporation</Data>
      <Data Name="CommandLine">winlogon.exe</Data>
      <Data Name="CurrentDirectory">C:\Windows\system32</Data>
      <Data Name="User">NT AUTHORITY\SYSTEM</Data>
      <Data Name="LogonGuid">{365ABB72-9C16-5D04-0000-0020E7030000}</Data>
      <Data Name="LogonId">0x3e7</Data>
      <Data Name="TerminalSessionId">2</Data>
      <Data Name="IntegrityLevel">System</Data>
      <Data Name="Hashes">SHA1=B7F3D71BD568CBD15C6C3445042FCBEB322E8072,MD5=52449FD429D6053B78AE564DEF303870,SHA256=473E42C5B48493C84CF1B22D054AD1C788FCE3603E439ABC77A3B37DACFF9F1C,IMPHASH=017962B1BE2C625ABB0F1195D008BD45</Data>
      <Data Name="ParentProcessGuid">{365ABB72-1E3F-5D04-0000-0010EC890B00}</Data>
      <Data Name="ParentProcessId">688</Data>
      <Data Name="ParentImage">C:\Windows\System32\smss.exe</Data>
      <Data Name="ParentCommandLine">\SystemRoot\System32\smss.exe 00000000 00000040 </Data>
    </EventData>
  </Event>
  <Event xmlns="http://schemas.microsoft.com/win/2004/08/events/event">
    <System>
      <Provider Name="Microsoft-Windows-Sysmon" Guid="{5770385F-C22A-43E0-BF4C-06F5698FFBD9}" />
      <EventID>1</EventID>
      <Version>5</Version>
      <Level>4</Level>
      <Task>1</Task>
      <Opcode>0</Opcode>
      <Keywords>0x8000000000000000</Keywords>
      <TimeCreated SystemTime="2019-06-14T22:22:55.707120700Z" />
      <EventRecordID>7549</EventRecordID>
      <Correlation />
      <Execution ProcessID="1960" ThreadID="288" />
      <Channel>Microsoft-Windows-Sysmon/Operational</Channel>
      <Computer>IEWIN7</Computer>
      <Security UserID="S-1-5-18" />
    </System>
    <EventData>
      <Data Name="RuleName">
      </Data>
      <Data Name="UtcTime">2019-06-14 22:22:55.707</Data>
      <Data Name="ProcessGuid">{365ABB72-1E3F-5D04-0000-00102B9C0B00}</Data>
      <Data Name="ProcessId">948</Data>
      <Data Name="Image">C:\Windows\System32\LogonUI.exe</Data>
      <Data Name="FileVersion">6.1.7601.17514 (win7sp1_rtm.101119-1850)</Data>
      <Data Name="Description">Windows Logon User Interface Host</Data>
      <Data Name="Product">Microsoft« Windows« Operating System</Data>
      <Data Name="Company">Microsoft Corporation</Data>
      <Data Name="CommandLine">"LogonUI.exe" /flags:0x0</Data>
      <Data Name="CurrentDirectory">C:\Windows\system32\</Data>
      <Data Name="User">NT AUTHORITY\SYSTEM</Data>
      <Data Name="LogonGuid">{365ABB72-9C16-5D04-0000-0020E7030000}</Data>
      <Data Name="LogonId">0x3e7</Data>
      <Data Name="TerminalSessionId">2</Data>
      <Data Name="IntegrityLevel">System</Data>
      <Data Name="Hashes">SHA1=6FCAD4F6BB71049744D25F2B53A651AC5AA79187,MD5=3EF0D8AB08385AAB5802E773511A2E6A,SHA256=1A7EE4BC646767004372EAEA9BC0A2071790E739101F7D25ECD9C95D3F29AFD6,IMPHASH=B8FCE86F8F679B9FC7368F8F47778678</Data>
      <Data Name="ParentProcessGuid">{365ABB72-1E3F-5D04-0000-0010FF8D0B00}</Data>
      <Data Name="ParentProcessId">1228</Data>
      <Data Name="ParentImage">C:\Windows\System32\winlogon.exe</Data>
      <Data Name="ParentCommandLine">winlogon.exe</Data>
    </EventData>
  </Event>
  <Event xmlns="http://schemas.microsoft.com/win/2004/08/events/event">
    <System>
      <Provider Name="Microsoft-Windows-Sysmon" Guid="{5770385F-C22A-43E0-BF4C-06F5698FFBD9}" />
      <EventID>1</EventID>
      <Version>5</Version>
      <Level>4</Level>
      <Task>1</Task>
      <Opcode>0</Opcode>
      <Keywords>0x8000000000000000</Keywords>
      <TimeCreated SystemTime="2019-06-14T22:23:06.691495700Z" />
      <EventRecordID>7552</EventRecordID>
      <Correlation />
      <Execution ProcessID="1960" ThreadID="288" />
      <Channel>Microsoft-Windows-Sysmon/Operational</Channel>
      <Computer>IEWIN7</Computer>
      <Security UserID="S-1-5-18" />
    </System>
    <EventData>
      <Data Name="RuleName">
      </Data>
      <Data Name="UtcTime">2019-06-14 22:23:06.660</Data>
      <Data Name="ProcessGuid">{365ABB72-1E4A-5D04-0000-0010ECC20B00}</Data>
      <Data Name="ProcessId">2128</Data>
      <Data Name="Image">C:\Windows\System32\dllhost.exe</Data>
      <Data Name="FileVersion">6.1.7600.16385 (win7_rtm.090713-1255)</Data>
      <Data Name="Description">COM Surrogate</Data>
      <Data Name="Product">Microsoft« Windows« Operating System</Data>
      <Data Name="Company">Microsoft Corporation</Data>
      <Data Name="CommandLine">C:\Windows\system32\DllHost.exe /Processid:{E10F6C3A-F1AE-4ADC-AA9D-2FE65525666E}</Data>
      <Data Name="CurrentDirectory">C:\Windows\system32\</Data>
      <Data Name="User">NT AUTHORITY\SYSTEM</Data>
      <Data Name="LogonGuid">{365ABB72-9C16-5D04-0000-0020E7030000}</Data>
      <Data Name="LogonId">0x3e7</Data>
      <Data Name="TerminalSessionId">0</Data>
      <Data Name="IntegrityLevel">System</Data>
      <Data Name="Hashes">SHA1=ACE762C51DB1908C858C898D7E0F9B36F788D2D9,MD5=A63DC5C2EA944E6657203E0C8EDEAF61,SHA256=F7AD4B09AFB301CE46DF695B22114331A57D52E6D4163FF74787BF68CCF44C78,IMPHASH=EB9A02895A60E58547EFF153D6FF8829</Data>
      <Data Name="ParentProcessGuid">{365ABB72-9C16-5D04-0000-001006790000}</Data>
      <Data Name="ParentProcessId">616</Data>
      <Data Name="ParentImage">C:\Windows\System32\svchost.exe</Data>
      <Data Name="ParentCommandLine">C:\Windows\system32\svchost.exe -k DcomLaunch</Data>
    </EventData>
  </Event>
  <Event xmlns="http://schemas.microsoft.com/win/2004/08/events/event">
    <System>
      <Provider Name="Microsoft-Windows-Sysmon" Guid="{5770385F-C22A-43E0-BF4C-06F5698FFBD9}" />
      <EventID>1</EventID>
      <Version>5</Version>
      <Level>4</Level>
      <Task>1</Task>
      <Opcode>0</Opcode>
      <Keywords>0x8000000000000000</Keywords>
      <TimeCreated SystemTime="2019-06-14T22:23:07.019620700Z" />
      <EventRecordID>7553</EventRecordID>
      <Correlation />
      <Execution ProcessID="1960" ThreadID="288" />
      <Channel>Microsoft-Windows-Sysmon/Operational</Channel>
      <Computer>IEWIN7</Computer>
      <Security UserID="S-1-5-18" />
    </System>
    <EventData>
      <Data Name="RuleName">
      </Data>
      <Data Name="UtcTime">2019-06-14 22:23:06.738</Data>
      <Data Name="ProcessGuid">{365ABB72-1E4A-5D04-0000-0010BACF0B00}</Data>
      <Data Name="ProcessId">2264</Data>
      <Data Name="Image">C:\Windows\System32\efsui.exe</Data>
      <Data Name="FileVersion">6.1.7600.16385 (win7_rtm.090713-1255)</Data>
      <Data Name="Description">EFS UI Application</Data>
      <Data Name="Product">Microsoft« Windows« Operating System</Data>
      <Data Name="Company">Microsoft Corporation</Data>
      <Data Name="CommandLine">efsui.exe /efs /keybackup</Data>
      <Data Name="CurrentDirectory">C:\Windows\system32\</Data>
      <Data Name="User">IEWIN7\IEUser</Data>
      <Data Name="LogonGuid">{365ABB72-1E4A-5D04-0000-002013C00B00}</Data>
      <Data Name="LogonId">0xbc013</Data>
      <Data Name="TerminalSessionId">2</Data>
      <Data Name="IntegrityLevel">High</Data>
      <Data Name="Hashes">SHA1=52E9D30B60AF28E5E65223E5894517AEF9D3F638,MD5=BCB88EED0CD8632A6167427D8032C39C,SHA256=C2935B32480BAC58583D4C1D9D7ED79743E07AF3877D93D343C59BD37DE8D0B6,IMPHASH=88F5B8A224E2F6213BCEF481DFF428B6</Data>
      <Data Name="ParentProcessGuid">{365ABB72-9C16-5D04-0000-001085610000}</Data>
      <Data Name="ParentProcessId">496</Data>
      <Data Name="ParentImage">C:\Windows\System32\lsass.exe</Data>
      <Data Name="ParentCommandLine">C:\Windows\system32\lsass.exe</Data>
    </EventData>
  </Event>
  <Event xmlns="http://schemas.microsoft.com/win/2004/08/events/event">
    <System>
      <Provider Name="Microsoft-Windows-Sysmon" Guid="{5770385F-C22A-43E0-BF4C-06F5698FFBD9}" />
      <EventID>1</EventID>
      <Version>5</Version>
      <Level>4</Level>
      <Task>1</Task>
      <Opcode>0</Opcode>
      <Keywords>0x8000000000000000</Keywords>
      <TimeCreated SystemTime="2019-06-14T22:23:07.082120700Z" />
      <EventRecordID>7554</EventRecordID>
      <Correlation />
      <Execution ProcessID="1960" ThreadID="288" />
      <Channel>Microsoft-Windows-Sysmon/Operational</Channel>
      <Computer>IEWIN7</Computer>
      <Security UserID="S-1-5-18" />
    </System>
    <EventData>
      <Data Name="RuleName">
      </Data>
      <Data Name="UtcTime">2019-06-14 22:23:06.769</Data>
      <Data Name="ProcessGuid">{365ABB72-1E4A-5D04-0000-001016D70B00}</Data>
      <Data Name="ProcessId">1628</Data>
      <Data Name="Image">C:\Windows\System32\AtBroker.exe</Data>
      <Data Name="FileVersion">6.1.7600.16385 (win7_rtm.090713-1255)</Data>
      <Data Name="Description">Transitions Accessible technologies between desktops</Data>
      <Data Name="Product">Microsoft« Windows« Operating System</Data>
      <Data Name="Company">Microsoft Corporation</Data>
      <Data Name="CommandLine">atbroker.exe</Data>
      <Data Name="CurrentDirectory">C:\Windows\system32\</Data>
      <Data Name="User">IEWIN7\IEUser</Data>
      <Data Name="LogonGuid">{365ABB72-1E4A-5D04-0000-002013C00B00}</Data>
      <Data Name="LogonId">0xbc013</Data>
      <Data Name="TerminalSessionId">2</Data>
      <Data Name="IntegrityLevel">High</Data>
      <Data Name="Hashes">SHA1=1B376C177C5629C0E620431AF1A9E8C16BF23D53,MD5=3CA2BB895E204478C7A4C9BAF70970CE,SHA256=DE3196627BC810DD22F58DEE65747BACA25485CCD0CEE2701055ECE1058F1C6A,IMPHASH=4B8AA723CCFC5B2FBA6ED3D8F3557DE3</Data>
      <Data Name="ParentProcessGuid">{365ABB72-1E3F-5D04-0000-0010FF8D0B00}</Data>
      <Data Name="ParentProcessId">1228</Data>
      <Data Name="ParentImage">C:\Windows\System32\winlogon.exe</Data>
      <Data Name="ParentCommandLine">winlogon.exe</Data>
    </EventData>
  </Event>
  <Event xmlns="http://schemas.microsoft.com/win/2004/08/events/event">
    <System>
      <Provider Name="Microsoft-Windows-Sysmon" Guid="{5770385F-C22A-43E0-BF4C-06F5698FFBD9}" />
      <EventID>1</EventID>
      <Version>5</Version>
      <Level>4</Level>
      <Task>1</Task>
      <Opcode>0</Opcode>
      <Keywords>0x8000000000000000</Keywords>
      <TimeCreated SystemTime="2019-06-14T22:23:13.894620700Z" />
      <EventRecordID>7555</EventRecordID>
      <Correlation />
      <Execution ProcessID="1960" ThreadID="288" />
      <Channel>Microsoft-Windows-Sysmon/Operational</Channel>
      <Computer>IEWIN7</Computer>
      <Security UserID="S-1-5-18" />
    </System>
    <EventData>
      <Data Name="RuleName">
      </Data>
      <Data Name="UtcTime">2019-06-14 22:23:13.894</Data>
      <Data Name="ProcessGuid">{365ABB72-1E51-5D04-0000-00104C340C00}</Data>
      <Data Name="ProcessId">3448</Data>
      <Data Name="Image">C:\Windows\System32\userinit.exe</Data>
      <Data Name="FileVersion">6.1.7600.16385 (win7_rtm.090713-1255)</Data>
      <Data Name="Description">Userinit Logon Application</Data>
      <Data Name="Product">Microsoft« Windows« Operating System</Data>
      <Data Name="Company">Microsoft Corporation</Data>
      <Data Name="CommandLine">C:\Windows\system32\userinit.exe</Data>
      <Data Name="CurrentDirectory">C:\Windows\system32\</Data>
      <Data Name="User">IEWIN7\IEUser</Data>
      <Data Name="LogonGuid">{365ABB72-1E4A-5D04-0000-002013C00B00}</Data>
      <Data Name="LogonId">0xbc013</Data>
      <Data Name="TerminalSessionId">2</Data>
      <Data Name="IntegrityLevel">High</Data>
      <Data Name="Hashes">SHA1=211295CCDA6CF6409189279BF66A212BD53FC650,MD5=61AC3EFDFACFDD3F0F11DD4FD4044223,SHA256=538FE1012FEDC72727A8DE0C2C01944B3D35C29812ECEF88E95AAC07235E0B0B,IMPHASH=DA2666D3347F129193AB91A0EAB85C0C</Data>
      <Data Name="ParentProcessGuid">{365ABB72-1E3F-5D04-0000-0010FF8D0B00}</Data>
      <Data Name="ParentProcessId">1228</Data>
      <Data Name="ParentImage">C:\Windows\System32\winlogon.exe</Data>
      <Data Name="ParentCommandLine">winlogon.exe</Data>
    </EventData>
  </Event>
  <Event xmlns="http://schemas.microsoft.com/win/2004/08/events/event">
    <System>
      <Provider Name="Microsoft-Windows-Sysmon" Guid="{5770385F-C22A-43E0-BF4C-06F5698FFBD9}" />
      <EventID>1</EventID>
      <Version>5</Version>
      <Level>4</Level>
      <Task>1</Task>
      <Opcode>0</Opcode>
      <Keywords>0x8000000000000000</Keywords>
      <TimeCreated SystemTime="2019-06-14T22:23:13.957120700Z" />
      <EventRecordID>7556</EventRecordID>
      <Correlation />
      <Execution ProcessID="1960" ThreadID="288" />
      <Channel>Microsoft-Windows-Sysmon/Operational</Channel>
      <Computer>IEWIN7</Computer>
      <Security UserID="S-1-5-18" />
    </System>
    <EventData>
      <Data Name="RuleName">
      </Data>
      <Data Name="UtcTime">2019-06-14 22:23:13.925</Data>
      <Data Name="ProcessGuid">{365ABB72-1E51-5D04-0000-00107B380C00}</Data>
      <Data Name="ProcessId">3444</Data>
      <Data Name="Image">C:\Users\IEUser\AppData\Roaming\9QxTsAU9w8gyPj4w\BRE6BgE2JubB.exe</Data>
      <Data Name="FileVersion">1.0.0.0</Data>
      <Data Name="Description">NpmTaskRunner</Data>
      <Data Name="Product">NpmTaskRunner</Data>
      <Data Name="Company">
      </Data>
      <Data Name="CommandLine">"C:\Users\IEUser\AppData\Roaming\9QxTsAU9w8gyPj4w\BRE6BgE2JubB.exe"</Data>
      <Data Name="CurrentDirectory">C:\Windows\system32\</Data>
      <Data Name="User">IEWIN7\IEUser</Data>
      <Data Name="LogonGuid">{365ABB72-1E4A-5D04-0000-002013C00B00}</Data>
      <Data Name="LogonId">0xbc013</Data>
      <Data Name="TerminalSessionId">2</Data>
      <Data Name="IntegrityLevel">High</Data>
      <Data Name="Hashes">SHA1=E2286C233467D0E164ED5ED1D07BAC9F90F74D19,MD5=41CE32C0D1D4E5BB8C63674F317450EF,SHA256=5DE788D23B247B29F116CD0583280CE10A429E9F8C1D80C42DEAB20C6F4DBB4E,IMPHASH=F34D5F2D4577ED6D9CEEC516C1F5A744</Data>
      <Data Name="ParentProcessGuid">{365ABB72-1E51-5D04-0000-00104C340C00}</Data>
      <Data Name="ParentProcessId">3448</Data>
      <Data Name="ParentImage">C:\Windows\System32\userinit.exe</Data>
      <Data Name="ParentCommandLine">C:\Windows\system32\userinit.exe</Data>
    </EventData>
  </Event>
  <Event xmlns="http://schemas.microsoft.com/win/2004/08/events/event">
    <System>
      <Provider Name="Microsoft-Windows-Sysmon" Guid="{5770385F-C22A-43E0-BF4C-06F5698FFBD9}" />
      <EventID>1</EventID>
      <Version>5</Version>
      <Level>4</Level>
      <Task>1</Task>
      <Opcode>0</Opcode>
      <Keywords>0x8000000000000000</Keywords>
      <TimeCreated SystemTime="2019-06-14T22:23:13.972745700Z" />
      <EventRecordID>7557</EventRecordID>
      <Correlation />
      <Execution ProcessID="1960" ThreadID="288" />
      <Channel>Microsoft-Windows-Sysmon/Operational</Channel>
      <Computer>IEWIN7</Computer>
      <Security UserID="S-1-5-18" />
    </System>
    <EventData>
      <Data Name="RuleName">
      </Data>
      <Data Name="UtcTime">2019-06-14 22:23:13.957</Data>
      <Data Name="ProcessGuid">{365ABB72-1E51-5D04-0000-001065390C00}</Data>
      <Data Name="ProcessId">3620</Data>
      <Data Name="Image">C:\Windows\explorer.exe</Data>
      <Data Name="FileVersion">6.1.7600.16385 (win7_rtm.090713-1255)</Data>
      <Data Name="Description">Windows Explorer</Data>
      <Data Name="Product">Microsoft« Windows« Operating System</Data>
      <Data Name="Company">Microsoft Corporation</Data>
      <Data Name="CommandLine">C:\Windows\Explorer.EXE</Data>
      <Data Name="CurrentDirectory">C:\Windows\system32\</Data>
      <Data Name="User">IEWIN7\IEUser</Data>
      <Data Name="LogonGuid">{365ABB72-1E4A-5D04-0000-002013C00B00}</Data>
      <Data Name="LogonId">0xbc013</Data>
      <Data Name="TerminalSessionId">2</Data>
      <Data Name="IntegrityLevel">High</Data>
      <Data Name="Hashes">SHA1=1643E6D0265EB60B0753CDC9C283D843B988E1D5,MD5=6DDCA324434FFA506CF7DC4E51DB7935,SHA256=11D69FB388FF59E5BA6CA217CA04ECDE6A38FA8FB306AA5F1B72E22BB7C3A25A,IMPHASH=F0EE25FD4D9035DAD1913FAFFD4A4B87</Data>
      <Data Name="ParentProcessGuid">{365ABB72-1E51-5D04-0000-00104C340C00}</Data>
      <Data Name="ParentProcessId">3448</Data>
      <Data Name="ParentImage">C:\Windows\System32\userinit.exe</Data>
      <Data Name="ParentCommandLine">C:\Windows\system32\userinit.exe</Data>
    </EventData>
  </Event>
  <Event xmlns="http://schemas.microsoft.com/win/2004/08/events/event">
    <System>
      <Provider Name="Microsoft-Windows-Sysmon" Guid="{5770385F-C22A-43E0-BF4C-06F5698FFBD9}" />
      <EventID>1</EventID>
      <Version>5</Version>
      <Level>4</Level>
      <Task>1</Task>
      <Opcode>0</Opcode>
      <Keywords>0x8000000000000000</Keywords>
      <TimeCreated SystemTime="2019-06-14T22:23:15.054777000Z" />
      <EventRecordID>7558</EventRecordID>
      <Correlation />
      <Execution ProcessID="1960" ThreadID="288" />
      <Channel>Microsoft-Windows-Sysmon/Operational</Channel>
      <Computer>IEWIN7</Computer>
      <Security UserID="S-1-5-18" />
    </System>
    <EventData>
      <Data Name="RuleName">
      </Data>
      <Data Name="UtcTime">2019-06-14 22:23:14.472</Data>
      <Data Name="ProcessGuid">{365ABB72-1E52-5D04-0000-00101D700C00}</Data>
      <Data Name="ProcessId">3920</Data>
      <Data Name="Image">C:\Windows\System32\VBoxTray.exe</Data>
      <Data Name="FileVersion">5.1.30.118389</Data>
      <Data Name="Description">VirtualBox Guest Additions Tray Application</Data>
      <Data Name="Product">Oracle VM VirtualBox Guest Additions</Data>
      <Data Name="Company">Oracle Corporation</Data>
      <Data Name="CommandLine">"C:\Windows\System32\VBoxTray.exe" </Data>
      <Data Name="CurrentDirectory">C:\Windows\system32\</Data>
      <Data Name="User">IEWIN7\IEUser</Data>
      <Data Name="LogonGuid">{365ABB72-1E4A-5D04-0000-002013C00B00}</Data>
      <Data Name="LogonId">0xbc013</Data>
      <Data Name="TerminalSessionId">2</Data>
      <Data Name="IntegrityLevel">High</Data>
      <Data Name="Hashes">SHA1=85AD42F7238612E2940133814C32837993672F32,MD5=A06C028F679788066C2E6B4E4C463B51,SHA256=796B84A6EE1F8146A5685069E1DADD7D9A02E593501FF31BB516E5E828020CF8,IMPHASH=E674A2E741B5EE0A1FC1192405721321</Data>
      <Data Name="ParentProcessGuid">{365ABB72-1E51-5D04-0000-001065390C00}</Data>
      <Data Name="ParentProcessId">3620</Data>
      <Data Name="ParentImage">C:\Windows\explorer.exe</Data>
      <Data Name="ParentCommandLine">C:\Windows\Explorer.EXE</Data>
    </EventData>
  </Event>
  <Event xmlns="http://schemas.microsoft.com/win/2004/08/events/event">
    <System>
      <Provider Name="Microsoft-Windows-Sysmon" Guid="{5770385F-C22A-43E0-BF4C-06F5698FFBD9}" />
      <EventID>1</EventID>
      <Version>5</Version>
      <Level>4</Level>
      <Task>1</Task>
      <Opcode>0</Opcode>
      <Keywords>0x8000000000000000</Keywords>
      <TimeCreated SystemTime="2019-06-14T22:23:16.592862900Z" />
      <EventRecordID>7559</EventRecordID>
      <Correlation />
      <Execution ProcessID="1960" ThreadID="288" />
      <Channel>Microsoft-Windows-Sysmon/Operational</Channel>
      <Computer>IEWIN7</Computer>
      <Security UserID="S-1-5-18" />
    </System>
    <EventData>
      <Data Name="RuleName">
      </Data>
      <Data Name="UtcTime">2019-06-14 22:23:16.577</Data>
      <Data Name="ProcessGuid">{365ABB72-1E54-5D04-0000-0010B7B30C00}</Data>
      <Data Name="ProcessId">1724</Data>
      <Data Name="Image">C:\Users\IEUser\AppData\Roaming\9QxTsAU9w8gyPj4w\BRE6BgE2JubB.exe</Data>
      <Data Name="FileVersion">1.0.0.0</Data>
      <Data Name="Description">NpmTaskRunner</Data>
      <Data Name="Product">NpmTaskRunner</Data>
      <Data Name="Company">
      </Data>
      <Data Name="CommandLine">"C:\Users\IEUser\AppData\Roaming\9QxTsAU9w8gyPj4w\BRE6BgE2JubB.exe"</Data>
      <Data Name="CurrentDirectory">C:\Windows\system32\</Data>
      <Data Name="User">IEWIN7\IEUser</Data>
      <Data Name="LogonGuid">{365ABB72-1E4A-5D04-0000-002013C00B00}</Data>
      <Data Name="LogonId">0xbc013</Data>
      <Data Name="TerminalSessionId">2</Data>
      <Data Name="IntegrityLevel">High</Data>
      <Data Name="Hashes">SHA1=E2286C233467D0E164ED5ED1D07BAC9F90F74D19,MD5=41CE32C0D1D4E5BB8C63674F317450EF,SHA256=5DE788D23B247B29F116CD0583280CE10A429E9F8C1D80C42DEAB20C6F4DBB4E,IMPHASH=F34D5F2D4577ED6D9CEEC516C1F5A744</Data>
      <Data Name="ParentProcessGuid">{365ABB72-1E51-5D04-0000-00107B380C00}</Data>
      <Data Name="ParentProcessId">3444</Data>
      <Data Name="ParentImage">C:\Users\IEUser\AppData\Roaming\9QxTsAU9w8gyPj4w\BRE6BgE2JubB.exe</Data>
      <Data Name="ParentCommandLine">"C:\Users\IEUser\AppData\Roaming\9QxTsAU9w8gyPj4w\BRE6BgE2JubB.exe"</Data>
    </EventData>
  </Event>
  <Event xmlns="http://schemas.microsoft.com/win/2004/08/events/event">
    <System>
      <Provider Name="Microsoft-Windows-Sysmon" Guid="{5770385F-C22A-43E0-BF4C-06F5698FFBD9}" />
      <EventID>1</EventID>
      <Version>5</Version>
      <Level>4</Level>
      <Task>1</Task>
      <Opcode>0</Opcode>
      <Keywords>0x8000000000000000</Keywords>
      <TimeCreated SystemTime="2019-06-14T22:23:23.405362900Z" />
      <EventRecordID>7562</EventRecordID>
      <Correlation />
      <Execution ProcessID="1960" ThreadID="288" />
      <Channel>Microsoft-Windows-Sysmon/Operational</Channel>
      <Computer>IEWIN7</Computer>
      <Security UserID="S-1-5-18" />
    </System>
    <EventData>
      <Data Name="RuleName">
      </Data>
      <Data Name="UtcTime">2019-06-14 22:23:23.389</Data>
      <Data Name="ProcessGuid">{365ABB72-1E5B-5D04-0000-00109EF80C00}</Data>
      <Data Name="ProcessId">2040</Data>
      <Data Name="Image">C:\Windows\System32\eventvwr.exe</Data>
      <Data Name="FileVersion">6.1.7600.16385 (win7_rtm.090713-1255)</Data>
      <Data Name="Description">Event Viewer Snapin Launcher</Data>
      <Data Name="Product">Microsoft« Windows« Operating System</Data>
      <Data Name="Company">Microsoft Corporation</Data>
      <Data Name="CommandLine">"C:\Windows\system32\eventvwr.exe" </Data>
      <Data Name="CurrentDirectory">C:\Users\IEUser\</Data>
      <Data Name="User">IEWIN7\IEUser</Data>
      <Data Name="LogonGuid">{365ABB72-1E4A-5D04-0000-002013C00B00}</Data>
      <Data Name="LogonId">0xbc013</Data>
      <Data Name="TerminalSessionId">2</Data>
      <Data Name="IntegrityLevel">High</Data>
      <Data Name="Hashes">SHA1=ADA934DA7A0D40FA0F54652687F762B82EA5F27E,MD5=91415D7EB992B77410145DD5FE453D25,SHA256=2F515E9662CA785A9C877E81BE1D52879EF4741BBDE3213550A3C077127436C2,IMPHASH=7CAE841724AAC4485D1A064D5F0E471F</Data>
      <Data Name="ParentProcessGuid">{365ABB72-1E51-5D04-0000-001065390C00}</Data>
      <Data Name="ParentProcessId">3620</Data>
      <Data Name="ParentImage">C:\Windows\explorer.exe</Data>
      <Data Name="ParentCommandLine">C:\Windows\Explorer.EXE</Data>
    </EventData>
  </Event>
  <Event xmlns="http://schemas.microsoft.com/win/2004/08/events/event">
    <System>
      <Provider Name="Microsoft-Windows-Sysmon" Guid="{5770385F-C22A-43E0-BF4C-06F5698FFBD9}" />
      <EventID>7</EventID>
      <Version>3</Version>
      <Level>4</Level>
      <Task>7</Task>
      <Opcode>0</Opcode>
      <Keywords>0x8000000000000000</Keywords>
      <TimeCreated SystemTime="2019-06-14T22:23:26.811612900Z" />
      <EventRecordID>7563</EventRecordID>
      <Correlation />
      <Execution ProcessID="1960" ThreadID="288" />
      <Channel>Microsoft-Windows-Sysmon/Operational</Channel>
      <Computer>IEWIN7</Computer>
      <Security UserID="S-1-5-18" />
    </System>
    <EventData>
      <Data Name="RuleName">Execution - Suspicious WMI module load</Data>
      <Data Name="UtcTime">2019-06-14 22:23:26.811</Data>
      <Data Name="ProcessGuid">{365ABB72-1E54-5D04-0000-0010B7B30C00}</Data>
      <Data Name="ProcessId">1724</Data>
      <Data Name="Image">C:\Users\IEUser\AppData\Roaming\9QxTsAU9w8gyPj4w\BRE6BgE2JubB.exe</Data>
      <Data Name="ImageLoaded">C:\Windows\System32\wbem\wmiutils.dll</Data>
      <Data Name="FileVersion">6.1.7600.16385 (win7_rtm.090713-1255)</Data>
      <Data Name="Description">WMI</Data>
      <Data Name="Product">Microsoft« Windows« Operating System</Data>
      <Data Name="Company">Microsoft Corporation</Data>
      <Data Name="Hashes">SHA1=03DC8ABDF9C9948FE6E783DCA9C6C8264D635F0A,MD5=5610B0425518D185331CB8E968D060E6,SHA256=E235186C3BF266EE9EC733D2CFF35E3A65DE039C19B14260F4054F34B5E8AD41,IMPHASH=523D1DB34FC36465E35F6201A2FD561B</Data>
      <Data Name="Signed">true</Data>
      <Data Name="Signature">Microsoft Windows</Data>
      <Data Name="SignatureStatus">Valid</Data>
    </EventData>
  </Event>
  <Event xmlns="http://schemas.microsoft.com/win/2004/08/events/event">
    <System>
      <Provider Name="Microsoft-Windows-Sysmon" Guid="{5770385F-C22A-43E0-BF4C-06F5698FFBD9}" />
      <EventID>1</EventID>
      <Version>5</Version>
      <Level>4</Level>
      <Task>1</Task>
      <Opcode>0</Opcode>
      <Keywords>0x8000000000000000</Keywords>
      <TimeCreated SystemTime="2019-06-14T22:23:26.999112900Z" />
      <EventRecordID>7564</EventRecordID>
      <Correlation />
      <Execution ProcessID="1960" ThreadID="288" />
      <Channel>Microsoft-Windows-Sysmon/Operational</Channel>
      <Computer>IEWIN7</Computer>
      <Security UserID="S-1-5-18" />
    </System>
    <EventData>
      <Data Name="RuleName">
      </Data>
      <Data Name="UtcTime">2019-06-14 22:23:26.983</Data>
      <Data Name="ProcessGuid">{365ABB72-1E5E-5D04-0000-0010EF5E0D00}</Data>
      <Data Name="ProcessId">2980</Data>
      <Data Name="Image">C:\Windows\Microsoft.NET\Framework\v2.0.50727\vbc.exe</Data>
      <Data Name="FileVersion">8.0.50727.5483</Data>
      <Data Name="Description">Visual Basic Command Line Compiler</Data>
      <Data Name="Product">Microsoft« Visual Studio« 2005</Data>
      <Data Name="Company">Microsoft Corporation</Data>
      <Data Name="CommandLine">"C:\Windows\Microsoft.NET\Framework\v2.0.50727\vbc.exe" /stext "C:\Users\IEUser\AppData\Local\Temp\tmp7792.tmp"</Data>
      <Data Name="CurrentDirectory">C:\Windows\system32\</Data>
      <Data Name="User">IEWIN7\IEUser</Data>
      <Data Name="LogonGuid">{365ABB72-1E4A-5D04-0000-002013C00B00}</Data>
      <Data Name="LogonId">0xbc013</Data>
      <Data Name="TerminalSessionId">2</Data>
      <Data Name="IntegrityLevel">High</Data>
      <Data Name="Hashes">SHA1=BE642993EFE69E35F3C17AC5630E8EE3958D9A1E,MD5=1672D0478049ABDAF0197BE64A7F867F,SHA256=C67F217DA287D8CEF48FA9E9DEE971D59D7EFABBD0C7F700664D7970D68B52EF,IMPHASH=5B989C7F24F9B07840E9A2A654544C93</Data>
      <Data Name="ParentProcessGuid">{365ABB72-1E54-5D04-0000-0010B7B30C00}</Data>
      <Data Name="ParentProcessId">1724</Data>
      <Data Name="ParentImage">C:\Users\IEUser\AppData\Roaming\9QxTsAU9w8gyPj4w\BRE6BgE2JubB.exe</Data>
      <Data Name="ParentCommandLine">"C:\Users\IEUser\AppData\Roaming\9QxTsAU9w8gyPj4w\BRE6BgE2JubB.exe"</Data>
    </EventData>
  </Event>
  <Event xmlns="http://schemas.microsoft.com/win/2004/08/events/event">
    <System>
      <Provider Name="Microsoft-Windows-Sysmon" Guid="{5770385F-C22A-43E0-BF4C-06F5698FFBD9}" />
      <EventID>1</EventID>
      <Version>5</Version>
      <Level>4</Level>
      <Task>1</Task>
      <Opcode>0</Opcode>
      <Keywords>0x8000000000000000</Keywords>
      <TimeCreated SystemTime="2019-06-14T22:23:53.358487900Z" />
      <EventRecordID>7570</EventRecordID>
      <Correlation />
      <Execution ProcessID="1960" ThreadID="288" />
      <Channel>Microsoft-Windows-Sysmon/Operational</Channel>
      <Computer>IEWIN7</Computer>
      <Security UserID="S-1-5-18" />
    </System>
    <EventData>
      <Data Name="RuleName">
      </Data>
      <Data Name="UtcTime">2019-06-14 22:23:53.342</Data>
      <Data Name="ProcessGuid">{365ABB72-1E79-5D04-0000-0010EADE0E00}</Data>
      <Data Name="ProcessId">3284</Data>
      <Data Name="Image">C:\Windows\System32\dllhost.exe</Data>
      <Data Name="FileVersion">6.1.7600.16385 (win7_rtm.090713-1255)</Data>
      <Data Name="Description">COM Surrogate</Data>
      <Data Name="Product">Microsoft« Windows« Operating System</Data>
      <Data Name="Company">Microsoft Corporation</Data>
      <Data Name="CommandLine">C:\Windows\system32\DllHost.exe /Processid:{AB8902B4-09CA-4BB6-B78D-A8F59079A8D5}</Data>
      <Data Name="CurrentDirectory">C:\Windows\system32\</Data>
      <Data Name="User">IEWIN7\IEUser</Data>
      <Data Name="LogonGuid">{365ABB72-1E4A-5D04-0000-002013C00B00}</Data>
      <Data Name="LogonId">0xbc013</Data>
      <Data Name="TerminalSessionId">2</Data>
      <Data Name="IntegrityLevel">High</Data>
      <Data Name="Hashes">SHA1=ACE762C51DB1908C858C898D7E0F9B36F788D2D9,MD5=A63DC5C2EA944E6657203E0C8EDEAF61,SHA256=F7AD4B09AFB301CE46DF695B22114331A57D52E6D4163FF74787BF68CCF44C78,IMPHASH=EB9A02895A60E58547EFF153D6FF8829</Data>
      <Data Name="ParentProcessGuid">{365ABB72-9C16-5D04-0000-001006790000}</Data>
      <Data Name="ParentProcessId">616</Data>
      <Data Name="ParentImage">C:\Windows\System32\svchost.exe</Data>
      <Data Name="ParentCommandLine">C:\Windows\system32\svchost.exe -k DcomLaunch</Data>
    </EventData>
  </Event>
</root>