<root>
  <Event xmlns="http://schemas.microsoft.com/win/2004/08/events/event">
    <System>
      <Provider Name="Microsoft-Windows-Sysmon" Guid="{5770385F-C22A-43E0-BF4C-06F5698FFBD9}" />
      <EventID>13</EventID>
      <Version>2</Version>
      <Level>4</Level>
      <Task>13</Task>
      <Opcode>0</Opcode>
      <Keywords>0x8000000000000000</Keywords>
      <TimeCreated SystemTime="2019-04-30T07:46:15.199614000Z" />
      <EventRecordID>8573</EventRecordID>
      <Correlation />
      <Execution ProcessID="1876" ThreadID="1444" />
      <Channel>Microsoft-Windows-Sysmon/Operational</Channel>
      <Computer>IEWIN7</Computer>
      <Security UserID="S-1-5-18" />
    </System>
    <EventData>
      <Data Name="RuleName">
      </Data>
      <Data Name="EventType">SetValue</Data>
      <Data Name="UtcTime">2019-04-30 07:46:15.168</Data>
      <Data Name="ProcessGuid">{365ABB72-F6A1-5CC7-0000-001004550000}</Data>
      <Data Name="ProcessId">468</Data>
      <Data Name="Image">C:\Windows\system32\services.exe</Data>
      <Data Name="TargetObject">HKLM\System\CurrentControlSet\services\msdhch\Start</Data>
      <Data Name="Details">DWORD (0x00000003)</Data>
    </EventData>
  </Event>
  <Event xmlns="http://schemas.microsoft.com/win/2004/08/events/event">
    <System>
      <Provider Name="Microsoft-Windows-Sysmon" Guid="{5770385F-C22A-43E0-BF4C-06F5698FFBD9}" />
      <EventID>13</EventID>
      <Version>2</Version>
      <Level>4</Level>
      <Task>13</Task>
      <Opcode>0</Opcode>
      <Keywords>0x8000000000000000</Keywords>
      <TimeCreated SystemTime="2019-04-30T07:46:15.199614000Z" />
      <EventRecordID>8574</EventRecordID>
      <Correlation />
      <Execution ProcessID="1876" ThreadID="1444" />
      <Channel>Microsoft-Windows-Sysmon/Operational</Channel>
      <Computer>IEWIN7</Computer>
      <Security UserID="S-1-5-18" />
    </System>
    <EventData>
      <Data Name="RuleName">
      </Data>
      <Data Name="EventType">SetValue</Data>
      <Data Name="UtcTime">2019-04-30 07:46:15.168</Data>
      <Data Name="ProcessGuid">{365ABB72-F6A1-5CC7-0000-001004550000}</Data>
      <Data Name="ProcessId">468</Data>
      <Data Name="Image">C:\Windows\system32\services.exe</Data>
      <Data Name="TargetObject">HKLM\System\CurrentControlSet\services\msdhch\ImagePath</Data>
      <Data Name="Details">cmd.exe /c echo msdhch &gt; \\.\pipe\msdhch</Data>
    </EventData>
  </Event>
  <Event xmlns="http://schemas.microsoft.com/win/2004/08/events/event">
    <System>
      <Provider Name="Microsoft-Windows-Sysmon" Guid="{5770385F-C22A-43E0-BF4C-06F5698FFBD9}" />
      <EventID>1</EventID>
      <Version>5</Version>
      <Level>4</Level>
      <Task>1</Task>
      <Opcode>0</Opcode>
      <Keywords>0x8000000000000000</Keywords>
      <TimeCreated SystemTime="2019-04-30T07:46:15.215239000Z" />
      <EventRecordID>8575</EventRecordID>
      <Correlation />
      <Execution ProcessID="1876" ThreadID="1444" />
      <Channel>Microsoft-Windows-Sysmon/Operational</Channel>
      <Computer>IEWIN7</Computer>
      <Security UserID="S-1-5-18" />
    </System>
    <EventData>
      <Data Name="RuleName">
      </Data>
      <Data Name="UtcTime">2019-04-30 07:46:15.183</Data>
      <Data Name="ProcessGuid">{365ABB72-FD47-5CC7-0000-00106AF61D00}</Data>
      <Data Name="ProcessId">4088</Data>
      <Data Name="Image">C:\Windows\System32\cmd.exe</Data>
      <Data Name="FileVersion">6.1.7601.17514 (win7sp1_rtm.101119-1850)</Data>
      <Data Name="Description">Windows Command Processor</Data>
      <Data Name="Product">Microsoft« Windows« Operating System</Data>
      <Data Name="Company">Microsoft Corporation</Data>
      <Data Name="CommandLine">cmd.exe /c echo msdhch &gt; \\.\pipe\msdhch</Data>
      <Data Name="CurrentDirectory">C:\Windows\system32\</Data>
      <Data Name="User">NT AUTHORITY\SYSTEM</Data>
      <Data Name="LogonGuid">{365ABB72-F6A1-5CC7-0000-0020E7030000}</Data>
      <Data Name="LogonId">0x3e7</Data>
      <Data Name="TerminalSessionId">0</Data>
      <Data Name="IntegrityLevel">System</Data>
      <Data Name="Hashes">SHA1=EE8CBF12D87C4D388F09B4F69BED2E91682920B5,MD5=AD7B9C14083B52BC532FBA5948342B98,SHA256=17F746D82695FA9B35493B41859D39D786D32B23A9D2E00F4011DEC7A02402AE,IMPHASH=CEEFB55F764020CC5C5F8F23349AB163</Data>
      <Data Name="ParentProcessGuid">{365ABB72-F6A1-5CC7-0000-001004550000}</Data>
      <Data Name="ParentProcessId">468</Data>
      <Data Name="ParentImage">C:\Windows\System32\services.exe</Data>
      <Data Name="ParentCommandLine">C:\Windows\system32\services.exe</Data>
    </EventData>
  </Event>
  <Event xmlns="http://schemas.microsoft.com/win/2004/08/events/event">
    <System>
      <Provider Name="Microsoft-Windows-Sysmon" Guid="{5770385F-C22A-43E0-BF4C-06F5698FFBD9}" />
      <EventID>13</EventID>
      <Version>2</Version>
      <Level>4</Level>
      <Task>13</Task>
      <Opcode>0</Opcode>
      <Keywords>0x8000000000000000</Keywords>
      <TimeCreated SystemTime="2019-04-30T07:46:15.246489000Z" />
      <EventRecordID>8576</EventRecordID>
      <Correlation />
      <Execution ProcessID="1876" ThreadID="1444" />
      <Channel>Microsoft-Windows-Sysmon/Operational</Channel>
      <Computer>IEWIN7</Computer>
      <Security UserID="S-1-5-18" />
    </System>
    <EventData>
      <Data Name="RuleName">
      </Data>
      <Data Name="EventType">SetValue</Data>
      <Data Name="UtcTime">2019-04-30 07:46:15.230</Data>
      <Data Name="ProcessGuid">{365ABB72-F6A1-5CC7-0000-001004550000}</Data>
      <Data Name="ProcessId">468</Data>
      <Data Name="Image">C:\Windows\system32\services.exe</Data>
      <Data Name="TargetObject">HKLM\System\CurrentControlSet\services\msdhch\Start</Data>
      <Data Name="Details">DWORD (0x00000004)</Data>
    </EventData>
  </Event>
</root>