<root>
  <Event xmlns="http://schemas.microsoft.com/win/2004/08/events/event">
    <System>
      <Provider Name="Microsoft-Windows-Sysmon" Guid="{5770385F-C22A-43E0-BF4C-06F5698FFBD9}" />
      <EventID>1</EventID>
      <Version>5</Version>
      <Level>4</Level>
      <Task>1</Task>
      <Opcode>0</Opcode>
      <Keywords>0x8000000000000000</Keywords>
      <TimeCreated SystemTime="2019-08-04T07:26:33.984754600Z" />
      <EventRecordID>5634</EventRecordID>
      <Correlation />
      <Execution ProcessID="2780" ThreadID="3676" />
      <Channel>Microsoft-Windows-Sysmon/Operational</Channel>
      <Computer>MSEDGEWIN10</Computer>
      <Security UserID="S-1-5-18" />
    </System>
    <EventData>
      <Data Name="RuleName">
      </Data>
      <Data Name="UtcTime">2019-08-04 07:26:33.973</Data>
      <Data Name="ProcessGuid">{747F3D96-88A9-5D46-0000-0010EC927D03}</Data>
      <Data Name="ProcessId">7436</Data>
      <Data Name="Image">C:\Users\IEUser\Desktop\UACME.exe</Data>
      <Data Name="FileVersion">3.1.9.1905</Data>
      <Data Name="Description">UACMe main module</Data>
      <Data Name="Product">UACMe</Data>
      <Data Name="Company">Hazardous Environments</Data>
      <Data Name="CommandLine">UACME.exe  43</Data>
      <Data Name="CurrentDirectory">C:\Users\IEUser\Desktop\</Data>
      <Data Name="User">MSEDGEWIN10\IEUser</Data>
      <Data Name="LogonGuid">{747F3D96-56A3-5D45-0000-0020FBD31800}</Data>
      <Data Name="LogonId">0x18d3fb</Data>
      <Data Name="TerminalSessionId">1</Data>
      <Data Name="IntegrityLevel">Medium</Data>
      <Data Name="Hashes">SHA1=9E57914D39FBFE785C915E225011892613C4714C,MD5=D57E778DF10F801F47119A04BE990FFD,SHA256=D76815CE3F4B9FE7A611D6F536F65AF313E2AB2F8BB52EF0998487D89A6E7378,IMPHASH=B6789EDFE23DDA911AE37C87444D3DCB</Data>
      <Data Name="ParentProcessGuid">{747F3D96-5A29-5D45-0000-0010DEB99000}</Data>
      <Data Name="ParentProcessId">5780</Data>
      <Data Name="ParentImage">C:\Windows\System32\cmd.exe</Data>
      <Data Name="ParentCommandLine">"C:\Windows\system32\cmd.exe" </Data>
    </EventData>
  </Event>
  <Event xmlns="http://schemas.microsoft.com/win/2004/08/events/event">
    <System>
      <Provider Name="Microsoft-Windows-Sysmon" Guid="{5770385F-C22A-43E0-BF4C-06F5698FFBD9}" />
      <EventID>1</EventID>
      <Version>5</Version>
      <Level>4</Level>
      <Task>1</Task>
      <Opcode>0</Opcode>
      <Keywords>0x8000000000000000</Keywords>
      <TimeCreated SystemTime="2019-08-04T07:26:34.302722300Z" />
      <EventRecordID>5635</EventRecordID>
      <Correlation />
      <Execution ProcessID="2780" ThreadID="3676" />
      <Channel>Microsoft-Windows-Sysmon/Operational</Channel>
      <Computer>MSEDGEWIN10</Computer>
      <Security UserID="S-1-5-18" />
    </System>
    <EventData>
      <Data Name="RuleName">
      </Data>
      <Data Name="UtcTime">2019-08-04 07:26:34.240</Data>
      <Data Name="ProcessGuid">{747F3D96-88AA-5D46-0000-00101C9F7D03}</Data>
      <Data Name="ProcessId">1412</Data>
      <Data Name="Image">C:\Windows\System32\consent.exe</Data>
      <Data Name="FileVersion">10.0.17763.1 (WinBuild.160101.0800)</Data>
      <Data Name="Description">Consent UI for administrative applications</Data>
      <Data Name="Product">Microsoft« Windows« Operating System</Data>
      <Data Name="Company">Microsoft Corporation</Data>
      <Data Name="CommandLine">consent.exe 896 342 0000028064468040</Data>
      <Data Name="CurrentDirectory">C:\Windows\system32\</Data>
      <Data Name="User">NT AUTHORITY\SYSTEM</Data>
      <Data Name="LogonGuid">{747F3D96-D4E9-5D45-0000-0020E7030000}</Data>
      <Data Name="LogonId">0x3e7</Data>
      <Data Name="TerminalSessionId">1</Data>
      <Data Name="IntegrityLevel">System</Data>
      <Data Name="Hashes">SHA1=9329B2362078DE27242DD4534F588AF3264BF0BF,MD5=27992D7EBE51AEC655A088DE88BAD5C9,SHA256=8F112431143A22BAAAFB448EEFD63BF90E7691C890AC69A296574FD07BA03EC6,IMPHASH=522D83761201075834F05037F5307949</Data>
      <Data Name="ParentProcessGuid">{747F3D96-5769-5D45-0000-001044E83300}</Data>
      <Data Name="ParentProcessId">896</Data>
      <Data Name="ParentImage">C:\Windows\System32\svchost.exe</Data>
      <Data Name="ParentCommandLine">C:\Windows\system32\svchost.exe -k netsvcs -p -s Appinfo</Data>
    </EventData>
  </Event>
  <Event xmlns="http://schemas.microsoft.com/win/2004/08/events/event">
    <System>
      <Provider Name="Microsoft-Windows-Sysmon" Guid="{5770385F-C22A-43E0-BF4C-06F5698FFBD9}" />
      <EventID>1</EventID>
      <Version>5</Version>
      <Level>4</Level>
      <Task>1</Task>
      <Opcode>0</Opcode>
      <Keywords>0x8000000000000000</Keywords>
      <TimeCreated SystemTime="2019-08-04T07:26:34.689746800Z" />
      <EventRecordID>5636</EventRecordID>
      <Correlation />
      <Execution ProcessID="2780" ThreadID="3676" />
      <Channel>Microsoft-Windows-Sysmon/Operational</Channel>
      <Computer>MSEDGEWIN10</Computer>
      <Security UserID="S-1-5-18" />
    </System>
    <EventData>
      <Data Name="RuleName">
      </Data>
      <Data Name="UtcTime">2019-08-04 07:26:34.672</Data>
      <Data Name="ProcessGuid">{747F3D96-88AA-5D46-0000-001059C57D03}</Data>
      <Data Name="ProcessId">6488</Data>
      <Data Name="Image">C:\Windows\System32\consent.exe</Data>
      <Data Name="FileVersion">10.0.17763.1 (WinBuild.160101.0800)</Data>
      <Data Name="Description">Consent UI for administrative applications</Data>
      <Data Name="Product">Microsoft« Windows« Operating System</Data>
      <Data Name="Company">Microsoft Corporation</Data>
      <Data Name="CommandLine">consent.exe 896 330 000002806444C490</Data>
      <Data Name="CurrentDirectory">C:\Windows\system32\</Data>
      <Data Name="User">NT AUTHORITY\SYSTEM</Data>
      <Data Name="LogonGuid">{747F3D96-D4E9-5D45-0000-0020E7030000}</Data>
      <Data Name="LogonId">0x3e7</Data>
      <Data Name="TerminalSessionId">1</Data>
      <Data Name="IntegrityLevel">System</Data>
      <Data Name="Hashes">SHA1=9329B2362078DE27242DD4534F588AF3264BF0BF,MD5=27992D7EBE51AEC655A088DE88BAD5C9,SHA256=8F112431143A22BAAAFB448EEFD63BF90E7691C890AC69A296574FD07BA03EC6,IMPHASH=522D83761201075834F05037F5307949</Data>
      <Data Name="ParentProcessGuid">{747F3D96-5769-5D45-0000-001044E83300}</Data>
      <Data Name="ParentProcessId">896</Data>
      <Data Name="ParentImage">C:\Windows\System32\svchost.exe</Data>
      <Data Name="ParentCommandLine">C:\Windows\system32\svchost.exe -k netsvcs -p -s Appinfo</Data>
    </EventData>
  </Event>
  <Event xmlns="http://schemas.microsoft.com/win/2004/08/events/event">
    <System>
      <Provider Name="Microsoft-Windows-Sysmon" Guid="{5770385F-C22A-43E0-BF4C-06F5698FFBD9}" />
      <EventID>1</EventID>
      <Version>5</Version>
      <Level>4</Level>
      <Task>1</Task>
      <Opcode>0</Opcode>
      <Keywords>0x8000000000000000</Keywords>
      <TimeCreated SystemTime="2019-08-04T07:26:35.182896700Z" />
      <EventRecordID>5637</EventRecordID>
      <Correlation />
      <Execution ProcessID="2780" ThreadID="3676" />
      <Channel>Microsoft-Windows-Sysmon/Operational</Channel>
      <Computer>MSEDGEWIN10</Computer>
      <Security UserID="S-1-5-18" />
    </System>
    <EventData>
      <Data Name="RuleName">
      </Data>
      <Data Name="UtcTime">2019-08-04 07:26:35.116</Data>
      <Data Name="ProcessGuid">{747F3D96-88AB-5D46-0000-001081ED7D03}</Data>
      <Data Name="ProcessId">4300</Data>
      <Data Name="Image">C:\Windows\System32\cmd.exe</Data>
      <Data Name="FileVersion">10.0.17763.1 (WinBuild.160101.0800)</Data>
      <Data Name="Description">Windows Command Processor</Data>
      <Data Name="Product">Microsoft« Windows« Operating System</Data>
      <Data Name="Company">Microsoft Corporation</Data>
      <Data Name="CommandLine">"C:\Windows\system32\cmd.exe" </Data>
      <Data Name="CurrentDirectory">C:\Windows\system32\</Data>
      <Data Name="User">MSEDGEWIN10\IEUser</Data>
      <Data Name="LogonGuid">{747F3D96-56A3-5D45-0000-0020B3D31800}</Data>
      <Data Name="LogonId">0x18d3b3</Data>
      <Data Name="TerminalSessionId">1</Data>
      <Data Name="IntegrityLevel">High</Data>
      <Data Name="Hashes">SHA1=8C5437CD76A89EC983E3B364E219944DA3DAB464,MD5=975B45B669930B0CC773EAF2B414206F,SHA256=3656F37A1C6951EC4496FABB8EE957D3A6E3C276D5A3785476B482C9C0D32EA2,IMPHASH=272245E2988E1E430500B852C4FB5E18</Data>
      <Data Name="ParentProcessGuid">{747F3D96-88AA-5D46-0000-001093E37D03}</Data>
      <Data Name="ParentProcessId">4644</Data>
      <Data Name="ParentImage">C:\Windows\System32\dllhost.exe</Data>
      <Data Name="ParentCommandLine">C:\Windows\system32\DllHost.exe /Processid:{D2E7041B-2927-42FB-8E9F-7CE93B6DC937}</Data>
    </EventData>
  </Event>
  <Event xmlns="http://schemas.microsoft.com/win/2004/08/events/event">
    <System>
      <Provider Name="Microsoft-Windows-Sysmon" Guid="{5770385F-C22A-43E0-BF4C-06F5698FFBD9}" />
      <EventID>5</EventID>
      <Version>3</Version>
      <Level>4</Level>
      <Task>5</Task>
      <Opcode>0</Opcode>
      <Keywords>0x8000000000000000</Keywords>
      <TimeCreated SystemTime="2019-08-04T07:26:36.239723200Z" />
      <EventRecordID>5638</EventRecordID>
      <Correlation />
      <Execution ProcessID="2780" ThreadID="3676" />
      <Channel>Microsoft-Windows-Sysmon/Operational</Channel>
      <Computer>MSEDGEWIN10</Computer>
      <Security UserID="S-1-5-18" />
    </System>
    <EventData>
      <Data Name="RuleName">
      </Data>
      <Data Name="UtcTime">2019-08-04 07:26:36.232</Data>
      <Data Name="ProcessGuid">{747F3D96-88A9-5D46-0000-0010EC927D03}</Data>
      <Data Name="ProcessId">7436</Data>
      <Data Name="Image">C:\Users\IEUser\Desktop\UACME.exe</Data>
    </EventData>
  </Event>
</root>