<root>
  <Event xmlns="http://schemas.microsoft.com/win/2004/08/events/event">
    <System>
      <Provider Name="Microsoft-Windows-Sysmon" Guid="{5770385F-C22A-43E0-BF4C-06F5698FFBD9}" />
      <EventID>1</EventID>
      <Version>5</Version>
      <Level>4</Level>
      <Task>1</Task>
      <Opcode>0</Opcode>
      <Keywords>0x8000000000000000</Keywords>
      <TimeCreated SystemTime="2019-05-11T17:28:17.176430000Z" />
      <EventRecordID>16036</EventRecordID>
      <Correlation />
      <Execution ProcessID="2008" ThreadID="1992" />
      <Channel>Microsoft-Windows-Sysmon/Operational</Channel>
      <Computer>IEWIN7</Computer>
      <Security UserID="S-1-5-18" />
    </System>
    <EventData>
      <Data Name="RuleName">
      </Data>
      <Data Name="UtcTime">2019-05-11 17:28:17.176</Data>
      <Data Name="ProcessGuid">{365ABB72-0631-5CD7-0000-0010C5862100}</Data>
      <Data Name="ProcessId">2460</Data>
      <Data Name="Image">C:\Python27\python.exe</Data>
      <Data Name="FileVersion">?</Data>
      <Data Name="Description">?</Data>
      <Data Name="Product">?</Data>
      <Data Name="Company">?</Data>
      <Data Name="CommandLine">python  winpwnage.py -u uac -i 17 -p c:\windows\System32\cmd.exe</Data>
      <Data Name="CurrentDirectory">C:\Users\IEUser\Downloads\WinPwnage-master\WinPwnage-master\</Data>
      <Data Name="User">IEWIN7\IEUser</Data>
      <Data Name="LogonGuid">{365ABB72-F9CD-5CD6-0000-002065370100}</Data>
      <Data Name="LogonId">0x13765</Data>
      <Data Name="TerminalSessionId">1</Data>
      <Data Name="IntegrityLevel">Medium</Data>
      <Data Name="Hashes">SHA1=ECA93AAAA5039E12D2F0CC3F0C8F5AF8FDB15C71,MD5=E11683E4A1E88666DD5E0331F969E0C6,SHA256=B6B4BD10303797C209C4F3C3FCC863A925A77AE2C38090FB8B3FF1BF9C4DDE84,IMPHASH=F3F3DE6C332CF6049756A5B794EBD0C5</Data>
      <Data Name="ParentProcessGuid">{365ABB72-FAB8-5CD6-0000-0010DA8F0A00}</Data>
      <Data Name="ParentProcessId">300</Data>
      <Data Name="ParentImage">C:\Windows\System32\cmd.exe</Data>
      <Data Name="ParentCommandLine">"C:\Windows\system32\cmd.exe" </Data>
    </EventData>
  </Event>
  <Event xmlns="http://schemas.microsoft.com/win/2004/08/events/event">
    <System>
      <Provider Name="Microsoft-Windows-Sysmon" Guid="{5770385F-C22A-43E0-BF4C-06F5698FFBD9}" />
      <EventID>11</EventID>
      <Version>2</Version>
      <Level>4</Level>
      <Task>11</Task>
      <Opcode>0</Opcode>
      <Keywords>0x8000000000000000</Keywords>
      <TimeCreated SystemTime="2019-05-11T17:28:17.363930000Z" />
      <EventRecordID>16037</EventRecordID>
      <Correlation />
      <Execution ProcessID="2008" ThreadID="1992" />
      <Channel>Microsoft-Windows-Sysmon/Operational</Channel>
      <Computer>IEWIN7</Computer>
      <Security UserID="S-1-5-18" />
    </System>
    <EventData>
      <Data Name="RuleName">
      </Data>
      <Data Name="UtcTime">2019-05-11 17:28:17.363</Data>
      <Data Name="ProcessGuid">{365ABB72-0631-5CD7-0000-0010C5862100}</Data>
      <Data Name="ProcessId">2460</Data>
      <Data Name="Image">c:\python27\python.exe</Data>
      <Data Name="TargetFilename">C:\Users\IEUser\AppData\Local\Temp\tmp.ini</Data>
      <Data Name="CreationUtcTime">2019-05-11 17:28:17.363</Data>
    </EventData>
  </Event>
  <Event xmlns="http://schemas.microsoft.com/win/2004/08/events/event">
    <System>
      <Provider Name="Microsoft-Windows-Sysmon" Guid="{5770385F-C22A-43E0-BF4C-06F5698FFBD9}" />
      <EventID>1</EventID>
      <Version>5</Version>
      <Level>4</Level>
      <Task>1</Task>
      <Opcode>0</Opcode>
      <Keywords>0x8000000000000000</Keywords>
      <TimeCreated SystemTime="2019-05-11T17:28:19.567055000Z" />
      <EventRecordID>16038</EventRecordID>
      <Correlation />
      <Execution ProcessID="2008" ThreadID="1992" />
      <Channel>Microsoft-Windows-Sysmon/Operational</Channel>
      <Computer>IEWIN7</Computer>
      <Security UserID="S-1-5-18" />
    </System>
    <EventData>
      <Data Name="RuleName">
      </Data>
      <Data Name="UtcTime">2019-05-11 17:28:19.442</Data>
      <Data Name="ProcessGuid">{365ABB72-0633-5CD7-0000-0010C6A02100}</Data>
      <Data Name="ProcessId">3840</Data>
      <Data Name="Image">C:\Windows\System32\cmstp.exe</Data>
      <Data Name="FileVersion">7.02.7600.16385 (win7_rtm.090713-1255)</Data>
      <Data Name="Description">Microsoft Connection Manager Profile Installer</Data>
      <Data Name="Product">Microsoft(R) Connection Manager</Data>
      <Data Name="Company">Microsoft Corporation</Data>
      <Data Name="CommandLine">"C:\Windows\System32\cmstp.exe" /au c:\users\ieuser\appdata\local\temp\tmp.ini</Data>
      <Data Name="CurrentDirectory">C:\Users\IEUser\Downloads\WinPwnage-master\WinPwnage-master\</Data>
      <Data Name="User">IEWIN7\IEUser</Data>
      <Data Name="LogonGuid">{365ABB72-F9CD-5CD6-0000-002065370100}</Data>
      <Data Name="LogonId">0x13765</Data>
      <Data Name="TerminalSessionId">1</Data>
      <Data Name="IntegrityLevel">Medium</Data>
      <Data Name="Hashes">SHA1=7B1FF39621D704665F392CB19171B8337E042D7D,MD5=00263CA2071DC9A6EE577EB356B0D1D9,SHA256=AE11B4CD277731BA5D218A2FDB22D19EA5F2780256BC481E86ACBD8ED4CCF1C4,IMPHASH=152AEE2AB20419D44875B94A2E5E3387</Data>
      <Data Name="ParentProcessGuid">{365ABB72-0631-5CD7-0000-0010C5862100}</Data>
      <Data Name="ParentProcessId">2460</Data>
      <Data Name="ParentImage">C:\Python27\python.exe</Data>
      <Data Name="ParentCommandLine">python  winpwnage.py -u uac -i 17 -p c:\windows\System32\cmd.exe</Data>
    </EventData>
  </Event>
  <Event xmlns="http://schemas.microsoft.com/win/2004/08/events/event">
    <System>
      <Provider Name="Microsoft-Windows-Sysmon" Guid="{5770385F-C22A-43E0-BF4C-06F5698FFBD9}" />
      <EventID>13</EventID>
      <Version>2</Version>
      <Level>4</Level>
      <Task>13</Task>
      <Opcode>0</Opcode>
      <Keywords>0x8000000000000000</Keywords>
      <TimeCreated SystemTime="2019-05-11T17:28:22.598305000Z" />
      <EventRecordID>16039</EventRecordID>
      <Correlation />
      <Execution ProcessID="2008" ThreadID="1992" />
      <Channel>Microsoft-Windows-Sysmon/Operational</Channel>
      <Computer>IEWIN7</Computer>
      <Security UserID="S-1-5-18" />
    </System>
    <EventData>
      <Data Name="RuleName">
      </Data>
      <Data Name="EventType">SetValue</Data>
      <Data Name="UtcTime">2019-05-11 17:28:22.488</Data>
      <Data Name="ProcessGuid">{365ABB72-0545-5CD7-0000-001078371F00}</Data>
      <Data Name="ProcessId">3044</Data>
      <Data Name="Image">C:\Windows\system32\DllHost.exe</Data>
      <Data Name="TargetObject">HKLM\SOFTWARE\Microsoft\Windows\CurrentVersion\App Paths\cmmgr32.exe\ProfileInstallPath</Data>
      <Data Name="Details">C:\ProgramData\Microsoft\Network\Connections\Cm</Data>
    </EventData>
  </Event>
  <Event xmlns="http://schemas.microsoft.com/win/2004/08/events/event">
    <System>
      <Provider Name="Microsoft-Windows-Sysmon" Guid="{5770385F-C22A-43E0-BF4C-06F5698FFBD9}" />
      <EventID>1</EventID>
      <Version>5</Version>
      <Level>4</Level>
      <Task>1</Task>
      <Opcode>0</Opcode>
      <Keywords>0x8000000000000000</Keywords>
      <TimeCreated SystemTime="2019-05-11T17:28:22.598305000Z" />
      <EventRecordID>16040</EventRecordID>
      <Correlation />
      <Execution ProcessID="2008" ThreadID="1992" />
      <Channel>Microsoft-Windows-Sysmon/Operational</Channel>
      <Computer>IEWIN7</Computer>
      <Security UserID="S-1-5-18" />
    </System>
    <EventData>
      <Data Name="RuleName">
      </Data>
      <Data Name="UtcTime">2019-05-11 17:28:22.488</Data>
      <Data Name="ProcessGuid">{365ABB72-0636-5CD7-0000-0010A6C72100}</Data>
      <Data Name="ProcessId">544</Data>
      <Data Name="Image">C:\Windows\System32\cmd.exe</Data>
      <Data Name="FileVersion">6.1.7601.17514 (win7sp1_rtm.101119-1850)</Data>
      <Data Name="Description">Windows Command Processor</Data>
      <Data Name="Product">Microsoft« Windows« Operating System</Data>
      <Data Name="Company">Microsoft Corporation</Data>
      <Data Name="CommandLine">c:\windows\System32\cmd.exe</Data>
      <Data Name="CurrentDirectory">C:\Windows\system32\</Data>
      <Data Name="User">IEWIN7\IEUser</Data>
      <Data Name="LogonGuid">{365ABB72-F9CD-5CD6-0000-00201B370100}</Data>
      <Data Name="LogonId">0x1371b</Data>
      <Data Name="TerminalSessionId">1</Data>
      <Data Name="IntegrityLevel">High</Data>
      <Data Name="Hashes">SHA1=EE8CBF12D87C4D388F09B4F69BED2E91682920B5,MD5=AD7B9C14083B52BC532FBA5948342B98,SHA256=17F746D82695FA9B35493B41859D39D786D32B23A9D2E00F4011DEC7A02402AE,IMPHASH=CEEFB55F764020CC5C5F8F23349AB163</Data>
      <Data Name="ParentProcessGuid">{365ABB72-0545-5CD7-0000-001078371F00}</Data>
      <Data Name="ParentProcessId">3044</Data>
      <Data Name="ParentImage">C:\Windows\System32\dllhost.exe</Data>
      <Data Name="ParentCommandLine">C:\Windows\system32\DllHost.exe /Processid:{3E5FC7F9-9A51-4367-9063-A120244FBEC7}</Data>
    </EventData>
  </Event>
</root>