<root>
  <Event xmlns="http://schemas.microsoft.com/win/2004/08/events/event">
    <System>
      <Provider Name="Microsoft-Windows-Sysmon" Guid="{5770385F-C22A-43E0-BF4C-06F5698FFBD9}" />
      <EventID>11</EventID>
      <Version>2</Version>
      <Level>4</Level>
      <Task>11</Task>
      <Opcode>0</Opcode>
      <Keywords>0x8000000000000000</Keywords>
      <TimeCreated SystemTime="2019-03-17T19:09:41.328868000Z" />
      <EventRecordID>4433</EventRecordID>
      <Correlation />
      <Execution ProcessID="344" ThreadID="2032" />
      <Channel>Microsoft-Windows-Sysmon/Operational</Channel>
      <Computer>PC04.example.corp</Computer>
      <Security UserID="S-1-5-18" />
    </System>
    <EventData>
      <Data Name="RuleName">
      </Data>
      <Data Name="UtcTime">2019-03-17 19:09:41.318</Data>
      <Data Name="ProcessGuid">{365ABB72-9B75-5C8E-0000-0010013F1200}</Data>
      <Data Name="ProcessId">1856</Data>
      <Data Name="Image">C:\Users\IEUser\Desktop\procdump.exe</Data>
      <Data Name="TargetFilename">C:\Users\IEUser\Desktop\lsass.exe_190317_120941.dmp</Data>
      <Data Name="CreationUtcTime">2019-03-17 19:09:41.318</Data>
    </EventData>
  </Event>
  <Event xmlns="http://schemas.microsoft.com/win/2004/08/events/event">
    <System>
      <Provider Name="Microsoft-Windows-Sysmon" Guid="{5770385F-C22A-43E0-BF4C-06F5698FFBD9}" />
      <EventID>10</EventID>
      <Version>3</Version>
      <Level>4</Level>
      <Task>10</Task>
      <Opcode>0</Opcode>
      <Keywords>0x8000000000000000</Keywords>
      <TimeCreated SystemTime="2019-03-17T19:09:41.328868000Z" />
      <EventRecordID>4434</EventRecordID>
      <Correlation />
      <Execution ProcessID="344" ThreadID="2032" />
      <Channel>Microsoft-Windows-Sysmon/Operational</Channel>
      <Computer>PC04.example.corp</Computer>
      <Security UserID="S-1-5-18" />
    </System>
    <EventData>
      <Data Name="RuleName">
      </Data>
      <Data Name="UtcTime">2019-03-17 19:09:41.328</Data>
      <Data Name="SourceProcessGUID">{365ABB72-9B75-5C8E-0000-0010013F1200}</Data>
      <Data Name="SourceProcessId">1856</Data>
      <Data Name="SourceThreadId">980</Data>
      <Data Name="SourceImage">C:\Users\IEUser\Desktop\procdump.exe</Data>
      <Data Name="TargetProcessGUID">{365ABB72-0886-5C8F-0000-001030560000}</Data>
      <Data Name="TargetProcessId">476</Data>
      <Data Name="TargetImage">C:\Windows\system32\lsass.exe</Data>
      <Data Name="GrantedAccess">0x1fffff</Data>
      <Data Name="CallTrace">C:\Windows\SYSTEM32\ntdll.dll+4595c|C:\Windows\SYSTEM32\ntdll.dll+1d4da|C:\Windows\system32\kernel32.dll+3cc47|C:\Windows\system32\kernel32.dll+3ff99|C:\Windows\system32\dbghelp.dll+4c791|C:\Windows\system32\dbghelp.dll+4dcab|C:\Windows\system32\dbghelp.dll+4a1b8|C:\Windows\system32\dbghelp.dll+45b81|C:\Windows\system32\dbghelp.dll+45e2a|C:\Users\IEUser\Desktop\procdump.exe+11a8d|C:\Users\IEUser\Desktop\procdump.exe+116a6|C:\Users\IEUser\Desktop\procdump.exe+11610|C:\Users\IEUser\Desktop\procdump.exe+11356|C:\Windows\system32\kernel32.dll+4ef8c|C:\Windows\SYSTEM32\ntdll.dll+6367a|C:\Windows\SYSTEM32\ntdll.dll+6364d</Data>
    </EventData>
  </Event>
  <Event xmlns="http://schemas.microsoft.com/win/2004/08/events/event">
    <System>
      <Provider Name="Microsoft-Windows-Sysmon" Guid="{5770385F-C22A-43E0-BF4C-06F5698FFBD9}" />
      <EventID>11</EventID>
      <Version>2</Version>
      <Level>4</Level>
      <Task>11</Task>
      <Opcode>0</Opcode>
      <Keywords>0x8000000000000000</Keywords>
      <TimeCreated SystemTime="2019-03-17T19:10:03.991455200Z" />
      <EventRecordID>4441</EventRecordID>
      <Correlation />
      <Execution ProcessID="344" ThreadID="2032" />
      <Channel>Microsoft-Windows-Sysmon/Operational</Channel>
      <Computer>PC04.example.corp</Computer>
      <Security UserID="S-1-5-18" />
    </System>
    <EventData>
      <Data Name="RuleName">
      </Data>
      <Data Name="UtcTime">2019-03-17 19:10:02.058</Data>
      <Data Name="ProcessGuid">{365ABB72-9B85-5C8E-0000-0010C4CC1200}</Data>
      <Data Name="ProcessId">3576</Data>
      <Data Name="Image">C:\Windows\system32\taskmgr.exe</Data>
      <Data Name="TargetFilename">C:\Users\IEUser\AppData\Local\Temp\lsass (2).DMP</Data>
      <Data Name="CreationUtcTime">2019-03-17 19:10:02.058</Data>
    </EventData>
  </Event>
  <Event xmlns="http://schemas.microsoft.com/win/2004/08/events/event">
    <System>
      <Provider Name="Microsoft-Windows-Sysmon" Guid="{5770385F-C22A-43E0-BF4C-06F5698FFBD9}" />
      <EventID>10</EventID>
      <Version>3</Version>
      <Level>4</Level>
      <Task>10</Task>
      <Opcode>0</Opcode>
      <Keywords>0x8000000000000000</Keywords>
      <TimeCreated SystemTime="2019-03-17T19:10:03.991455200Z" />
      <EventRecordID>4442</EventRecordID>
      <Correlation />
      <Execution ProcessID="344" ThreadID="2032" />
      <Channel>Microsoft-Windows-Sysmon/Operational</Channel>
      <Computer>PC04.example.corp</Computer>
      <Security UserID="S-1-5-18" />
    </System>
    <EventData>
      <Data Name="RuleName">
      </Data>
      <Data Name="UtcTime">2019-03-17 19:10:02.068</Data>
      <Data Name="SourceProcessGUID">{365ABB72-9B85-5C8E-0000-0010C4CC1200}</Data>
      <Data Name="SourceProcessId">3576</Data>
      <Data Name="SourceThreadId">3620</Data>
      <Data Name="SourceImage">C:\Windows\system32\taskmgr.exe</Data>
      <Data Name="TargetProcessGUID">{365ABB72-0886-5C8F-0000-001030560000}</Data>
      <Data Name="TargetProcessId">476</Data>
      <Data Name="TargetImage">C:\Windows\system32\lsass.exe</Data>
      <Data Name="GrantedAccess">0x1fffff</Data>
      <Data Name="CallTrace">C:\Windows\SYSTEM32\ntdll.dll+4595c|C:\Windows\SYSTEM32\ntdll.dll+1d4da|C:\Windows\system32\kernel32.dll+3cc47|C:\Windows\system32\kernel32.dll+3ff99|C:\Windows\system32\dbghelp.dll+4c791|C:\Windows\system32\dbghelp.dll+4dcab|C:\Windows\system32\dbghelp.dll+4a1b8|C:\Windows\system32\dbghelp.dll+45b81|C:\Windows\system32\dbghelp.dll+45e2a|C:\Windows\system32\taskmgr.exe+1360e|C:\Windows\system32\kernel32.dll+4ef8c|C:\Windows\SYSTEM32\ntdll.dll+6367a|C:\Windows\SYSTEM32\ntdll.dll+6364d</Data>
    </EventData>
  </Event>
</root>