<root>
  <Event xmlns="http://schemas.microsoft.com/win/2004/08/events/event">
    <System>
      <Provider Name="Microsoft-Windows-Sysmon" Guid="{5770385F-C22A-43E0-BF4C-06F5698FFBD9}" />
      <EventID>11</EventID>
      <Version>2</Version>
      <Level>4</Level>
      <Task>11</Task>
      <Opcode>0</Opcode>
      <Keywords>0x8000000000000000</Keywords>
      <TimeCreated SystemTime="2019-04-30T10:12:45.583363000Z" />
      <EventRecordID>8930</EventRecordID>
      <Correlation />
      <Execution ProcessID="1956" ThreadID="1636" />
      <Channel>Microsoft-Windows-Sysmon/Operational</Channel>
      <Computer>IEWIN7</Computer>
      <Security UserID="S-1-5-18" />
    </System>
    <EventData>
      <Data Name="RuleName">
      </Data>
      <Data Name="UtcTime">2019-04-30 10:12:45.583</Data>
      <Data Name="ProcessGuid">{365ABB72-1EFA-5CC8-0000-0010D3DE1C00}</Data>
      <Data Name="ProcessId">3292</Data>
      <Data Name="Image">C:\Windows\system32\cmd.exe</Data>
      <Data Name="TargetFilename">C:\Users\IEUser\AppData\Roaming\Microsoft\Windows\Start Menu\Programs\Startup\bs.ps1</Data>
      <Data Name="CreationUtcTime">2019-04-30 10:12:45.583</Data>
    </EventData>
  </Event>
  <Event xmlns="http://schemas.microsoft.com/win/2004/08/events/event">
    <System>
      <Provider Name="Microsoft-Windows-Sysmon" Guid="{5770385F-C22A-43E0-BF4C-06F5698FFBD9}" />
      <EventID>2</EventID>
      <Version>4</Version>
      <Level>4</Level>
      <Task>2</Task>
      <Opcode>0</Opcode>
      <Keywords>0x8000000000000000</Keywords>
      <TimeCreated SystemTime="2019-04-30T10:13:42.052113000Z" />
      <EventRecordID>8931</EventRecordID>
      <Correlation />
      <Execution ProcessID="1956" ThreadID="1636" />
      <Channel>Microsoft-Windows-Sysmon/Operational</Channel>
      <Computer>IEWIN7</Computer>
      <Security UserID="S-1-5-18" />
    </System>
    <EventData>
      <Data Name="RuleName">
      </Data>
      <Data Name="UtcTime">2019-04-30 10:13:42.052</Data>
      <Data Name="ProcessGuid">{365ABB72-16CD-5CC8-0000-0010483A0600}</Data>
      <Data Name="ProcessId">2836</Data>
      <Data Name="Image">C:\Windows\Explorer.EXE</Data>
      <Data Name="TargetFilename">C:\Users\IEUser\AppData\Roaming\Microsoft\Windows\Start Menu\Programs\Startup\bs.ps1</Data>
      <Data Name="CreationUtcTime">2016-02-02 15:30:02.000</Data>
      <Data Name="PreviousCreationUtcTime">2019-04-30 10:12:45.583</Data>
    </EventData>
  </Event>
</root>