<root>
  <Event xmlns="http://schemas.microsoft.com/win/2004/08/events/event">
    <System>
      <Provider Name="Microsoft-Windows-Sysmon" Guid="{5770385F-C22A-43E0-BF4C-06F5698FFBD9}" />
      <EventID>1</EventID>
      <Version>5</Version>
      <Level>4</Level>
      <Task>1</Task>
      <Opcode>0</Opcode>
      <Keywords>0x8000000000000000</Keywords>
      <TimeCreated SystemTime="2019-08-04T09:33:57.582769700Z" />
      <EventRecordID>5762</EventRecordID>
      <Correlation />
      <Execution ProcessID="2780" ThreadID="3676" />
      <Channel>Microsoft-Windows-Sysmon/Operational</Channel>
      <Computer>MSEDGEWIN10</Computer>
      <Security UserID="S-1-5-18" />
    </System>
    <EventData>
      <Data Name="RuleName">
      </Data>
      <Data Name="UtcTime">2019-08-04 09:33:57.561</Data>
      <Data Name="ProcessGuid">{747F3D96-A685-5D46-0000-00109B2AD703}</Data>
      <Data Name="ProcessId">3916</Data>
      <Data Name="Image">C:\Users\IEUser\Desktop\UACME.exe</Data>
      <Data Name="FileVersion">3.1.9.1905</Data>
      <Data Name="Description">UACMe main module</Data>
      <Data Name="Product">UACMe</Data>
      <Data Name="Company">Hazardous Environments</Data>
      <Data Name="CommandLine">UACME.exe  55 c:\Windows\SysWOW64\notepad.exe</Data>
      <Data Name="CurrentDirectory">C:\Users\IEUser\Desktop\</Data>
      <Data Name="User">MSEDGEWIN10\IEUser</Data>
      <Data Name="LogonGuid">{747F3D96-56A3-5D45-0000-0020FBD31800}</Data>
      <Data Name="LogonId">0x18d3fb</Data>
      <Data Name="TerminalSessionId">1</Data>
      <Data Name="IntegrityLevel">Medium</Data>
      <Data Name="Hashes">SHA1=9E57914D39FBFE785C915E225011892613C4714C,MD5=D57E778DF10F801F47119A04BE990FFD,SHA256=D76815CE3F4B9FE7A611D6F536F65AF313E2AB2F8BB52EF0998487D89A6E7378,IMPHASH=B6789EDFE23DDA911AE37C87444D3DCB</Data>
      <Data Name="ParentProcessGuid">{747F3D96-5A29-5D45-0000-0010DEB99000}</Data>
      <Data Name="ParentProcessId">5780</Data>
      <Data Name="ParentImage">C:\Windows\System32\cmd.exe</Data>
      <Data Name="ParentCommandLine">"C:\Windows\system32\cmd.exe" </Data>
    </EventData>
  </Event>
  <Event xmlns="http://schemas.microsoft.com/win/2004/08/events/event">
    <System>
      <Provider Name="Microsoft-Windows-Sysmon" Guid="{5770385F-C22A-43E0-BF4C-06F5698FFBD9}" />
      <EventID>11</EventID>
      <Version>2</Version>
      <Level>4</Level>
      <Task>11</Task>
      <Opcode>0</Opcode>
      <Keywords>0x8000000000000000</Keywords>
      <TimeCreated SystemTime="2019-08-04T09:33:57.800853200Z" />
      <EventRecordID>5763</EventRecordID>
      <Correlation />
      <Execution ProcessID="2780" ThreadID="3676" />
      <Channel>Microsoft-Windows-Sysmon/Operational</Channel>
      <Computer>MSEDGEWIN10</Computer>
      <Security UserID="S-1-5-18" />
    </System>
    <EventData>
      <Data Name="RuleName">
      </Data>
      <Data Name="UtcTime">2019-08-04 09:33:57.716</Data>
      <Data Name="ProcessGuid">{747F3D96-A685-5D46-0000-00109B2AD703}</Data>
      <Data Name="ProcessId">3916</Data>
      <Data Name="Image">C:\Windows\explorer.exe</Data>
      <Data Name="TargetFilename">C:\Users\IEUser\AppData\Local\Temp\Fubuki.exe</Data>
      <Data Name="CreationUtcTime">2019-08-04 09:33:57.716</Data>
    </EventData>
  </Event>
  <Event xmlns="http://schemas.microsoft.com/win/2004/08/events/event">
    <System>
      <Provider Name="Microsoft-Windows-Sysmon" Guid="{5770385F-C22A-43E0-BF4C-06F5698FFBD9}" />
      <EventID>1</EventID>
      <Version>5</Version>
      <Level>4</Level>
      <Task>1</Task>
      <Opcode>0</Opcode>
      <Keywords>0x8000000000000000</Keywords>
      <TimeCreated SystemTime="2019-08-04T09:33:58.087775500Z" />
      <EventRecordID>5764</EventRecordID>
      <Correlation />
      <Execution ProcessID="2780" ThreadID="3676" />
      <Channel>Microsoft-Windows-Sysmon/Operational</Channel>
      <Computer>MSEDGEWIN10</Computer>
      <Security UserID="S-1-5-18" />
    </System>
    <EventData>
      <Data Name="RuleName">
      </Data>
      <Data Name="UtcTime">2019-08-04 09:33:57.876</Data>
      <Data Name="ProcessGuid">{747F3D96-A685-5D46-0000-00100D41D703}</Data>
      <Data Name="ProcessId">3296</Data>
      <Data Name="Image">C:\Windows\System32\cmd.exe</Data>
      <Data Name="FileVersion">10.0.17763.1 (WinBuild.160101.0800)</Data>
      <Data Name="Description">Windows Command Processor</Data>
      <Data Name="Product">Microsoft« Windows« Operating System</Data>
      <Data Name="Company">Microsoft Corporation</Data>
      <Data Name="CommandLine">C:\windows\system32\cmd.exe "C:\Windows\system32\osk.exe" </Data>
      <Data Name="CurrentDirectory">C:\Users\IEUser\Desktop\</Data>
      <Data Name="User">MSEDGEWIN10\IEUser</Data>
      <Data Name="LogonGuid">{747F3D96-56A3-5D45-0000-0020FBD31800}</Data>
      <Data Name="LogonId">0x18d3fb</Data>
      <Data Name="TerminalSessionId">1</Data>
      <Data Name="IntegrityLevel">Medium</Data>
      <Data Name="Hashes">SHA1=8C5437CD76A89EC983E3B364E219944DA3DAB464,MD5=975B45B669930B0CC773EAF2B414206F,SHA256=3656F37A1C6951EC4496FABB8EE957D3A6E3C276D5A3785476B482C9C0D32EA2,IMPHASH=272245E2988E1E430500B852C4FB5E18</Data>
      <Data Name="ParentProcessGuid">{747F3D96-A685-5D46-0000-00109B2AD703}</Data>
      <Data Name="ParentProcessId">3916</Data>
      <Data Name="ParentImage">C:\Users\IEUser\Desktop\UACME.exe</Data>
      <Data Name="ParentCommandLine">UACME.exe  55 c:\Windows\SysWOW64\notepad.exe</Data>
    </EventData>
  </Event>
  <Event xmlns="http://schemas.microsoft.com/win/2004/08/events/event">
    <System>
      <Provider Name="Microsoft-Windows-Sysmon" Guid="{5770385F-C22A-43E0-BF4C-06F5698FFBD9}" />
      <EventID>1</EventID>
      <Version>5</Version>
      <Level>4</Level>
      <Task>1</Task>
      <Opcode>0</Opcode>
      <Keywords>0x8000000000000000</Keywords>
      <TimeCreated SystemTime="2019-08-04T09:33:58.127145500Z" />
      <EventRecordID>5765</EventRecordID>
      <Correlation />
      <Execution ProcessID="2780" ThreadID="3676" />
      <Channel>Microsoft-Windows-Sysmon/Operational</Channel>
      <Computer>MSEDGEWIN10</Computer>
      <Security UserID="S-1-5-18" />
    </System>
    <EventData>
      <Data Name="RuleName">
      </Data>
      <Data Name="UtcTime">2019-08-04 09:33:57.891</Data>
      <Data Name="ProcessGuid">{747F3D96-A685-5D46-0000-00106442D703}</Data>
      <Data Name="ProcessId">5860</Data>
      <Data Name="Image">C:\Users\IEUser\AppData\Local\Temp\Fubuki.exe</Data>
      <Data Name="FileVersion">3.1.9.1905</Data>
      <Data Name="Description">UACMe proxy DLL</Data>
      <Data Name="Product">UACMe</Data>
      <Data Name="Company">Hazardous Environments</Data>
      <Data Name="CommandLine">c:\Windows\SysWOW64\notepad.exe</Data>
      <Data Name="CurrentDirectory">C:\Users\IEUser\Desktop\</Data>
      <Data Name="User">MSEDGEWIN10\IEUser</Data>
      <Data Name="LogonGuid">{747F3D96-56A3-5D45-0000-0020FBD31800}</Data>
      <Data Name="LogonId">0x18d3fb</Data>
      <Data Name="TerminalSessionId">1</Data>
      <Data Name="IntegrityLevel">Medium</Data>
      <Data Name="Hashes">SHA1=C50F499E4A12FF13798CBEC913BDC22EA9A759D5,MD5=FA8D0ABFD4FB49ACBE10A9F8BDA709EE,SHA256=3118CFAE7455ABECDF19C696E7E5E64B0F238E180F28F8B3EEF983A9A43487DC,IMPHASH=069E5461D2FBAD8D4C3909C4E0340847</Data>
      <Data Name="ParentProcessGuid">{747F3D96-A685-5D46-0000-00109B2AD703}</Data>
      <Data Name="ParentProcessId">3916</Data>
      <Data Name="ParentImage">C:\Users\IEUser\Desktop\UACME.exe</Data>
      <Data Name="ParentCommandLine">UACME.exe  55 c:\Windows\SysWOW64\notepad.exe</Data>
    </EventData>
  </Event>
  <Event xmlns="http://schemas.microsoft.com/win/2004/08/events/event">
    <System>
      <Provider Name="Microsoft-Windows-Sysmon" Guid="{5770385F-C22A-43E0-BF4C-06F5698FFBD9}" />
      <EventID>1</EventID>
      <Version>5</Version>
      <Level>4</Level>
      <Task>1</Task>
      <Opcode>0</Opcode>
      <Keywords>0x8000000000000000</Keywords>
      <TimeCreated SystemTime="2019-08-04T09:33:58.713954100Z" />
      <EventRecordID>5766</EventRecordID>
      <Correlation />
      <Execution ProcessID="2780" ThreadID="3676" />
      <Channel>Microsoft-Windows-Sysmon/Operational</Channel>
      <Computer>MSEDGEWIN10</Computer>
      <Security UserID="S-1-5-18" />
    </System>
    <EventData>
      <Data Name="RuleName">
      </Data>
      <Data Name="UtcTime">2019-08-04 09:33:58.078</Data>
      <Data Name="ProcessGuid">{747F3D96-A686-5D46-0000-00108F56D703}</Data>
      <Data Name="ProcessId">3020</Data>
      <Data Name="Image">C:\Windows\System32\msconfig.exe</Data>
      <Data Name="FileVersion">10.0.17763.1 (WinBuild.160101.0800)</Data>
      <Data Name="Description">System Configuration Utility</Data>
      <Data Name="Product">Microsoft« Windows« Operating System</Data>
      <Data Name="Company">Microsoft Corporation</Data>
      <Data Name="CommandLine">"C:\Windows\system32\msconfig.exe" -5</Data>
      <Data Name="CurrentDirectory">C:\Users\IEUser\Desktop\</Data>
      <Data Name="User">MSEDGEWIN10\IEUser</Data>
      <Data Name="LogonGuid">{747F3D96-56A3-5D45-0000-0020FBD31800}</Data>
      <Data Name="LogonId">0x18d3fb</Data>
      <Data Name="TerminalSessionId">1</Data>
      <Data Name="IntegrityLevel">Medium</Data>
      <Data Name="Hashes">SHA1=E5BA6703A3F6DA5C6B80A890CD78A9F909F3A9C3,MD5=FA81544250A477790C003D6D88256078,SHA256=2782A7F6336DAF4CC25A88995456678F02AFE0F01C86D24EF75CF54996710A75,IMPHASH=1100993220365A868FFB68CDD3511FBE</Data>
      <Data Name="ParentProcessGuid">{747F3D96-A685-5D46-0000-00106442D703}</Data>
      <Data Name="ParentProcessId">5860</Data>
      <Data Name="ParentImage">C:\Users\IEUser\AppData\Local\Temp\Fubuki.exe</Data>
      <Data Name="ParentCommandLine">c:\Windows\SysWOW64\notepad.exe</Data>
    </EventData>
  </Event>
  <Event xmlns="http://schemas.microsoft.com/win/2004/08/events/event">
    <System>
      <Provider Name="Microsoft-Windows-Sysmon" Guid="{5770385F-C22A-43E0-BF4C-06F5698FFBD9}" />
      <EventID>10</EventID>
      <Version>3</Version>
      <Level>4</Level>
      <Task>10</Task>
      <Opcode>0</Opcode>
      <Keywords>0x8000000000000000</Keywords>
      <TimeCreated SystemTime="2019-08-04T09:33:58.714467600Z" />
      <EventRecordID>5767</EventRecordID>
      <Correlation />
      <Execution ProcessID="2780" ThreadID="3676" />
      <Channel>Microsoft-Windows-Sysmon/Operational</Channel>
      <Computer>MSEDGEWIN10</Computer>
      <Security UserID="S-1-5-18" />
    </System>
    <EventData>
      <Data Name="RuleName">
      </Data>
      <Data Name="UtcTime">2019-08-04 09:33:58.075</Data>
      <Data Name="SourceProcessGUID">{747F3D96-A685-5D46-0000-00106442D703}</Data>
      <Data Name="SourceProcessId">5860</Data>
      <Data Name="SourceThreadId">5988</Data>
      <Data Name="SourceImage">C:\Users\IEUser\AppData\Local\Temp\Fubuki.exe</Data>
      <Data Name="TargetProcessGUID">{747F3D96-A686-5D46-0000-00108F56D703}</Data>
      <Data Name="TargetProcessId">3020</Data>
      <Data Name="TargetImage">C:\Windows\system32\msconfig.exe</Data>
      <Data Name="GrantedAccess">0x1fffff</Data>
      <Data Name="CallTrace">C:\Windows\SYSTEM32\ntdll.dll+a0fb4|C:\Windows\System32\KERNELBASE.dll+47241|C:\Windows\System32\KERNELBASE.dll+46196|C:\Windows\System32\KERNEL32.DLL+1c2e3|C:\Windows\System32\windows.storage.dll+19f330|C:\Windows\System32\windows.storage.dll+14ce7e|C:\Windows\System32\windows.storage.dll+efad8|C:\Windows\System32\windows.storage.dll+ef8b7|C:\Windows\System32\windows.storage.dll+ef51d|C:\Windows\System32\windows.storage.dll+14b0ad|C:\Windows\System32\windows.storage.dll+145da4|C:\Windows\System32\windows.storage.dll+147c7a|C:\Windows\System32\SHELL32.dll+6ab5e|C:\Windows\System32\SHELL32.dll+505ee|C:\Windows\System32\SHELL32.dll+c2e1e|C:\Windows\System32\shcore.dll+2c315|C:\Windows\System32\KERNEL32.DLL+17974|C:\Windows\SYSTEM32\ntdll.dll+6a271</Data>
    </EventData>
  </Event>
  <Event xmlns="http://schemas.microsoft.com/win/2004/08/events/event">
    <System>
      <Provider Name="Microsoft-Windows-Sysmon" Guid="{5770385F-C22A-43E0-BF4C-06F5698FFBD9}" />
      <EventID>1</EventID>
      <Version>5</Version>
      <Level>4</Level>
      <Task>1</Task>
      <Opcode>0</Opcode>
      <Keywords>0x8000000000000000</Keywords>
      <TimeCreated SystemTime="2019-08-04T09:33:58.774476100Z" />
      <EventRecordID>5768</EventRecordID>
      <Correlation />
      <Execution ProcessID="2780" ThreadID="3676" />
      <Channel>Microsoft-Windows-Sysmon/Operational</Channel>
      <Computer>MSEDGEWIN10</Computer>
      <Security UserID="S-1-5-18" />
    </System>
    <EventData>
      <Data Name="RuleName">
      </Data>
      <Data Name="UtcTime">2019-08-04 09:33:58.090</Data>
      <Data Name="ProcessGuid">{747F3D96-A686-5D46-0000-00100958D703}</Data>
      <Data Name="ProcessId">4660</Data>
      <Data Name="Image">C:\Windows\System32\consent.exe</Data>
      <Data Name="FileVersion">10.0.17763.1 (WinBuild.160101.0800)</Data>
      <Data Name="Description">Consent UI for administrative applications</Data>
      <Data Name="Product">Microsoft« Windows« Operating System</Data>
      <Data Name="Company">Microsoft Corporation</Data>
      <Data Name="CommandLine">consent.exe 896 322 000002806447A490</Data>
      <Data Name="CurrentDirectory">C:\Windows\system32\</Data>
      <Data Name="User">NT AUTHORITY\SYSTEM</Data>
      <Data Name="LogonGuid">{747F3D96-D4E9-5D45-0000-0020E7030000}</Data>
      <Data Name="LogonId">0x3e7</Data>
      <Data Name="TerminalSessionId">1</Data>
      <Data Name="IntegrityLevel">System</Data>
      <Data Name="Hashes">SHA1=9329B2362078DE27242DD4534F588AF3264BF0BF,MD5=27992D7EBE51AEC655A088DE88BAD5C9,SHA256=8F112431143A22BAAAFB448EEFD63BF90E7691C890AC69A296574FD07BA03EC6,IMPHASH=522D83761201075834F05037F5307949</Data>
      <Data Name="ParentProcessGuid">{747F3D96-5769-5D45-0000-001044E83300}</Data>
      <Data Name="ParentProcessId">896</Data>
      <Data Name="ParentImage">C:\Windows\System32\svchost.exe</Data>
      <Data Name="ParentCommandLine">C:\Windows\system32\svchost.exe -k netsvcs -p -s Appinfo</Data>
    </EventData>
  </Event>
  <Event xmlns="http://schemas.microsoft.com/win/2004/08/events/event">
    <System>
      <Provider Name="Microsoft-Windows-Sysmon" Guid="{5770385F-C22A-43E0-BF4C-06F5698FFBD9}" />
      <EventID>1</EventID>
      <Version>5</Version>
      <Level>4</Level>
      <Task>1</Task>
      <Opcode>0</Opcode>
      <Keywords>0x8000000000000000</Keywords>
      <TimeCreated SystemTime="2019-08-04T09:33:59.225171200Z" />
      <EventRecordID>5769</EventRecordID>
      <Correlation />
      <Execution ProcessID="2780" ThreadID="3676" />
      <Channel>Microsoft-Windows-Sysmon/Operational</Channel>
      <Computer>MSEDGEWIN10</Computer>
      <Security UserID="S-1-5-18" />
    </System>
    <EventData>
      <Data Name="RuleName">
      </Data>
      <Data Name="UtcTime">2019-08-04 09:33:58.629</Data>
      <Data Name="ProcessGuid">{747F3D96-A686-5D46-0000-0010EA77D703}</Data>
      <Data Name="ProcessId">4544</Data>
      <Data Name="Image">C:\Windows\System32\msconfig.exe</Data>
      <Data Name="FileVersion">10.0.17763.1 (WinBuild.160101.0800)</Data>
      <Data Name="Description">System Configuration Utility</Data>
      <Data Name="Product">Microsoft« Windows« Operating System</Data>
      <Data Name="Company">Microsoft Corporation</Data>
      <Data Name="CommandLine">"C:\Windows\system32\msconfig.exe" -5</Data>
      <Data Name="CurrentDirectory">C:\Windows\system32\</Data>
      <Data Name="User">MSEDGEWIN10\IEUser</Data>
      <Data Name="LogonGuid">{747F3D96-56A3-5D45-0000-0020B3D31800}</Data>
      <Data Name="LogonId">0x18d3b3</Data>
      <Data Name="TerminalSessionId">1</Data>
      <Data Name="IntegrityLevel">High</Data>
      <Data Name="Hashes">SHA1=E5BA6703A3F6DA5C6B80A890CD78A9F909F3A9C3,MD5=FA81544250A477790C003D6D88256078,SHA256=2782A7F6336DAF4CC25A88995456678F02AFE0F01C86D24EF75CF54996710A75,IMPHASH=1100993220365A868FFB68CDD3511FBE</Data>
      <Data Name="ParentProcessGuid">{747F3D96-A685-5D46-0000-00106442D703}</Data>
      <Data Name="ParentProcessId">5860</Data>
      <Data Name="ParentImage">C:\Users\IEUser\AppData\Local\Temp\Fubuki.exe</Data>
      <Data Name="ParentCommandLine">c:\Windows\SysWOW64\notepad.exe</Data>
    </EventData>
  </Event>
  <Event xmlns="http://schemas.microsoft.com/win/2004/08/events/event">
    <System>
      <Provider Name="Microsoft-Windows-Sysmon" Guid="{5770385F-C22A-43E0-BF4C-06F5698FFBD9}" />
      <EventID>5</EventID>
      <Version>3</Version>
      <Level>4</Level>
      <Task>5</Task>
      <Opcode>0</Opcode>
      <Keywords>0x8000000000000000</Keywords>
      <TimeCreated SystemTime="2019-08-04T09:34:00.871325300Z" />
      <EventRecordID>5770</EventRecordID>
      <Correlation />
      <Execution ProcessID="2780" ThreadID="3676" />
      <Channel>Microsoft-Windows-Sysmon/Operational</Channel>
      <Computer>MSEDGEWIN10</Computer>
      <Security UserID="S-1-5-18" />
    </System>
    <EventData>
      <Data Name="RuleName">
      </Data>
      <Data Name="UtcTime">2019-08-04 09:34:00.731</Data>
      <Data Name="ProcessGuid">{747F3D96-A685-5D46-0000-00106442D703}</Data>
      <Data Name="ProcessId">5860</Data>
      <Data Name="Image">C:\Users\IEUser\AppData\Local\Temp\Fubuki.exe</Data>
    </EventData>
  </Event>
  <Event xmlns="http://schemas.microsoft.com/win/2004/08/events/event">
    <System>
      <Provider Name="Microsoft-Windows-Sysmon" Guid="{5770385F-C22A-43E0-BF4C-06F5698FFBD9}" />
      <EventID>5</EventID>
      <Version>3</Version>
      <Level>4</Level>
      <Task>5</Task>
      <Opcode>0</Opcode>
      <Keywords>0x8000000000000000</Keywords>
      <TimeCreated SystemTime="2019-08-04T09:34:01.014212100Z" />
      <EventRecordID>5771</EventRecordID>
      <Correlation />
      <Execution ProcessID="2780" ThreadID="3676" />
      <Channel>Microsoft-Windows-Sysmon/Operational</Channel>
      <Computer>MSEDGEWIN10</Computer>
      <Security UserID="S-1-5-18" />
    </System>
    <EventData>
      <Data Name="RuleName">
      </Data>
      <Data Name="UtcTime">2019-08-04 09:34:00.843</Data>
      <Data Name="ProcessGuid">{747F3D96-A685-5D46-0000-00109B2AD703}</Data>
      <Data Name="ProcessId">3916</Data>
      <Data Name="Image">C:\Users\IEUser\Desktop\UACME.exe</Data>
    </EventData>
  </Event>
</root>