<root>
  <Event xmlns="http://schemas.microsoft.com/win/2004/08/events/event">
    <System>
      <Provider Name="Microsoft-Windows-Sysmon" Guid="{5770385F-C22A-43E0-BF4C-06F5698FFBD9}" />
      <EventID>1</EventID>
      <Version>5</Version>
      <Level>4</Level>
      <Task>1</Task>
      <Opcode>0</Opcode>
      <Keywords>0x8000000000000000</Keywords>
      <TimeCreated SystemTime="2019-08-03T12:06:53.680435300Z" />
      <EventRecordID>5428</EventRecordID>
      <Correlation />
      <Execution ProcessID="2780" ThreadID="3676" />
      <Channel>Microsoft-Windows-Sysmon/Operational</Channel>
      <Computer>MSEDGEWIN10</Computer>
      <Security UserID="S-1-5-18" />
    </System>
    <EventData>
      <Data Name="RuleName">
      </Data>
      <Data Name="UtcTime">2019-08-03 12:06:53.665</Data>
      <Data Name="ProcessGuid">{747F3D96-78DD-5D45-0000-0010B8A50301}</Data>
      <Data Name="ProcessId">5080</Data>
      <Data Name="Image">C:\Users\IEUser\Desktop\UACME.exe</Data>
      <Data Name="FileVersion">3.1.9.1905</Data>
      <Data Name="Description">UACMe main module</Data>
      <Data Name="Product">UACMe</Data>
      <Data Name="Company">Hazardous Environments</Data>
      <Data Name="CommandLine">UACME.exe  23</Data>
      <Data Name="CurrentDirectory">C:\Users\IEUser\Desktop\</Data>
      <Data Name="User">MSEDGEWIN10\IEUser</Data>
      <Data Name="LogonGuid">{747F3D96-56A3-5D45-0000-0020FBD31800}</Data>
      <Data Name="LogonId">0x18d3fb</Data>
      <Data Name="TerminalSessionId">1</Data>
      <Data Name="IntegrityLevel">Medium</Data>
      <Data Name="Hashes">SHA1=9E57914D39FBFE785C915E225011892613C4714C,MD5=D57E778DF10F801F47119A04BE990FFD,SHA256=D76815CE3F4B9FE7A611D6F536F65AF313E2AB2F8BB52EF0998487D89A6E7378,IMPHASH=B6789EDFE23DDA911AE37C87444D3DCB</Data>
      <Data Name="ParentProcessGuid">{747F3D96-5A29-5D45-0000-0010DEB99000}</Data>
      <Data Name="ParentProcessId">5780</Data>
      <Data Name="ParentImage">C:\Windows\System32\cmd.exe</Data>
      <Data Name="ParentCommandLine">"C:\Windows\system32\cmd.exe" </Data>
    </EventData>
  </Event>
  <Event xmlns="http://schemas.microsoft.com/win/2004/08/events/event">
    <System>
      <Provider Name="Microsoft-Windows-Sysmon" Guid="{5770385F-C22A-43E0-BF4C-06F5698FFBD9}" />
      <EventID>11</EventID>
      <Version>2</Version>
      <Level>4</Level>
      <Task>11</Task>
      <Opcode>0</Opcode>
      <Keywords>0x8000000000000000</Keywords>
      <TimeCreated SystemTime="2019-08-03T12:06:53.933988500Z" />
      <EventRecordID>5429</EventRecordID>
      <Correlation />
      <Execution ProcessID="2780" ThreadID="3676" />
      <Channel>Microsoft-Windows-Sysmon/Operational</Channel>
      <Computer>MSEDGEWIN10</Computer>
      <Security UserID="S-1-5-18" />
    </System>
    <EventData>
      <Data Name="RuleName">PrivEsc - UAC Bypass UACME 23</Data>
      <Data Name="UtcTime">2019-08-03 12:06:53.846</Data>
      <Data Name="ProcessGuid">{747F3D96-78DD-5D45-0000-0010B8A50301}</Data>
      <Data Name="ProcessId">5080</Data>
      <Data Name="Image">C:\Windows\explorer.exe</Data>
      <Data Name="TargetFilename">C:\Users\IEUser\AppData\Local\Temp\dismcore.dll</Data>
      <Data Name="CreationUtcTime">2019-08-03 12:06:53.846</Data>
    </EventData>
  </Event>
  <Event xmlns="http://schemas.microsoft.com/win/2004/08/events/event">
    <System>
      <Provider Name="Microsoft-Windows-Sysmon" Guid="{5770385F-C22A-43E0-BF4C-06F5698FFBD9}" />
      <EventID>1</EventID>
      <Version>5</Version>
      <Level>4</Level>
      <Task>1</Task>
      <Opcode>0</Opcode>
      <Keywords>0x8000000000000000</Keywords>
      <TimeCreated SystemTime="2019-08-03T12:06:53.943772500Z" />
      <EventRecordID>5430</EventRecordID>
      <Correlation />
      <Execution ProcessID="2780" ThreadID="3676" />
      <Channel>Microsoft-Windows-Sysmon/Operational</Channel>
      <Computer>MSEDGEWIN10</Computer>
      <Security UserID="S-1-5-18" />
    </System>
    <EventData>
      <Data Name="RuleName">
      </Data>
      <Data Name="UtcTime">2019-08-03 12:06:53.876</Data>
      <Data Name="ProcessGuid">{747F3D96-78DD-5D45-0000-0010B7B10301}</Data>
      <Data Name="ProcessId">7560</Data>
      <Data Name="Image">C:\Windows\System32\consent.exe</Data>
      <Data Name="FileVersion">10.0.17763.1 (WinBuild.160101.0800)</Data>
      <Data Name="Description">Consent UI for administrative applications</Data>
      <Data Name="Product">Microsoft« Windows« Operating System</Data>
      <Data Name="Company">Microsoft Corporation</Data>
      <Data Name="CommandLine">consent.exe 896 272 00000280644BCAF0</Data>
      <Data Name="CurrentDirectory">C:\Windows\system32\</Data>
      <Data Name="User">NT AUTHORITY\SYSTEM</Data>
      <Data Name="LogonGuid">{747F3D96-D4E9-5D45-0000-0020E7030000}</Data>
      <Data Name="LogonId">0x3e7</Data>
      <Data Name="TerminalSessionId">1</Data>
      <Data Name="IntegrityLevel">System</Data>
      <Data Name="Hashes">SHA1=9329B2362078DE27242DD4534F588AF3264BF0BF,MD5=27992D7EBE51AEC655A088DE88BAD5C9,SHA256=8F112431143A22BAAAFB448EEFD63BF90E7691C890AC69A296574FD07BA03EC6,IMPHASH=522D83761201075834F05037F5307949</Data>
      <Data Name="ParentProcessGuid">{747F3D96-5769-5D45-0000-001044E83300}</Data>
      <Data Name="ParentProcessId">896</Data>
      <Data Name="ParentImage">C:\Windows\System32\svchost.exe</Data>
      <Data Name="ParentCommandLine">C:\Windows\system32\svchost.exe -k netsvcs -p -s Appinfo</Data>
    </EventData>
  </Event>
  <Event xmlns="http://schemas.microsoft.com/win/2004/08/events/event">
    <System>
      <Provider Name="Microsoft-Windows-Sysmon" Guid="{5770385F-C22A-43E0-BF4C-06F5698FFBD9}" />
      <EventID>1</EventID>
      <Version>5</Version>
      <Level>4</Level>
      <Task>1</Task>
      <Opcode>0</Opcode>
      <Keywords>0x8000000000000000</Keywords>
      <TimeCreated SystemTime="2019-08-03T12:06:54.900550500Z" />
      <EventRecordID>5431</EventRecordID>
      <Correlation />
      <Execution ProcessID="2780" ThreadID="3676" />
      <Channel>Microsoft-Windows-Sysmon/Operational</Channel>
      <Computer>MSEDGEWIN10</Computer>
      <Security UserID="S-1-5-18" />
    </System>
    <EventData>
      <Data Name="RuleName">
      </Data>
      <Data Name="UtcTime">2019-08-03 12:06:54.873</Data>
      <Data Name="ProcessGuid">{747F3D96-78DE-5D45-0000-0010B3F60301}</Data>
      <Data Name="ProcessId">3876</Data>
      <Data Name="Image">C:\Windows\System32\PkgMgr.exe</Data>
      <Data Name="FileVersion">10.0.17763.1 (WinBuild.160101.0800)</Data>
      <Data Name="Description">Windows Package Manager</Data>
      <Data Name="Product">Microsoft« Windows« Operating System</Data>
      <Data Name="Company">Microsoft Corporation</Data>
      <Data Name="CommandLine">"C:\Windows\system32\pkgmgr.exe" /n:C:\Users\IEUser\AppData\Local\Temp\oemsetup.xml</Data>
      <Data Name="CurrentDirectory">C:\Users\IEUser\Desktop\</Data>
      <Data Name="User">MSEDGEWIN10\IEUser</Data>
      <Data Name="LogonGuid">{747F3D96-56A3-5D45-0000-0020FBD31800}</Data>
      <Data Name="LogonId">0x18d3fb</Data>
      <Data Name="TerminalSessionId">1</Data>
      <Data Name="IntegrityLevel">Medium</Data>
      <Data Name="Hashes">SHA1=6D3027D9187F38F4B10047A6E9194FC2B409B08C,MD5=DDE0B63F2E276B969C9C1E6983990CB2,SHA256=5BED2AA29ECB2AEF1A41E8B33A0CEFD32DDEFBFA1F7767430A311C064CF13D67,IMPHASH=BEE03492F0B5EDD4B94BB7DD6E56B8A1</Data>
      <Data Name="ParentProcessGuid">{747F3D96-78DD-5D45-0000-0010B8A50301}</Data>
      <Data Name="ParentProcessId">5080</Data>
      <Data Name="ParentImage">C:\Users\IEUser\Desktop\UACME.exe</Data>
      <Data Name="ParentCommandLine">UACME.exe  23</Data>
    </EventData>
  </Event>
  <Event xmlns="http://schemas.microsoft.com/win/2004/08/events/event">
    <System>
      <Provider Name="Microsoft-Windows-Sysmon" Guid="{5770385F-C22A-43E0-BF4C-06F5698FFBD9}" />
      <EventID>1</EventID>
      <Version>5</Version>
      <Level>4</Level>
      <Task>1</Task>
      <Opcode>0</Opcode>
      <Keywords>0x8000000000000000</Keywords>
      <TimeCreated SystemTime="2019-08-03T12:06:54.972194900Z" />
      <EventRecordID>5432</EventRecordID>
      <Correlation />
      <Execution ProcessID="2780" ThreadID="3676" />
      <Channel>Microsoft-Windows-Sysmon/Operational</Channel>
      <Computer>MSEDGEWIN10</Computer>
      <Security UserID="S-1-5-18" />
    </System>
    <EventData>
      <Data Name="RuleName">
      </Data>
      <Data Name="UtcTime">2019-08-03 12:06:54.964</Data>
      <Data Name="ProcessGuid">{747F3D96-78DE-5D45-0000-0010FFFE0301}</Data>
      <Data Name="ProcessId">2040</Data>
      <Data Name="Image">C:\Windows\System32\consent.exe</Data>
      <Data Name="FileVersion">10.0.17763.1 (WinBuild.160101.0800)</Data>
      <Data Name="Description">Consent UI for administrative applications</Data>
      <Data Name="Product">Microsoft« Windows« Operating System</Data>
      <Data Name="Company">Microsoft Corporation</Data>
      <Data Name="CommandLine">consent.exe 896 406 000002806444C740</Data>
      <Data Name="CurrentDirectory">C:\Windows\system32\</Data>
      <Data Name="User">NT AUTHORITY\SYSTEM</Data>
      <Data Name="LogonGuid">{747F3D96-D4E9-5D45-0000-0020E7030000}</Data>
      <Data Name="LogonId">0x3e7</Data>
      <Data Name="TerminalSessionId">1</Data>
      <Data Name="IntegrityLevel">System</Data>
      <Data Name="Hashes">SHA1=9329B2362078DE27242DD4534F588AF3264BF0BF,MD5=27992D7EBE51AEC655A088DE88BAD5C9,SHA256=8F112431143A22BAAAFB448EEFD63BF90E7691C890AC69A296574FD07BA03EC6,IMPHASH=522D83761201075834F05037F5307949</Data>
      <Data Name="ParentProcessGuid">{747F3D96-5769-5D45-0000-001044E83300}</Data>
      <Data Name="ParentProcessId">896</Data>
      <Data Name="ParentImage">C:\Windows\System32\svchost.exe</Data>
      <Data Name="ParentCommandLine">C:\Windows\system32\svchost.exe -k netsvcs -p -s Appinfo</Data>
    </EventData>
  </Event>
  <Event xmlns="http://schemas.microsoft.com/win/2004/08/events/event">
    <System>
      <Provider Name="Microsoft-Windows-Sysmon" Guid="{5770385F-C22A-43E0-BF4C-06F5698FFBD9}" />
      <EventID>1</EventID>
      <Version>5</Version>
      <Level>4</Level>
      <Task>1</Task>
      <Opcode>0</Opcode>
      <Keywords>0x8000000000000000</Keywords>
      <TimeCreated SystemTime="2019-08-03T12:06:55.455099600Z" />
      <EventRecordID>5433</EventRecordID>
      <Correlation />
      <Execution ProcessID="2780" ThreadID="3676" />
      <Channel>Microsoft-Windows-Sysmon/Operational</Channel>
      <Computer>MSEDGEWIN10</Computer>
      <Security UserID="S-1-5-18" />
    </System>
    <EventData>
      <Data Name="RuleName">
      </Data>
      <Data Name="UtcTime">2019-08-03 12:06:55.305</Data>
      <Data Name="ProcessGuid">{747F3D96-78DF-5D45-0000-0010622F0401}</Data>
      <Data Name="ProcessId">216</Data>
      <Data Name="Image">C:\Windows\System32\PkgMgr.exe</Data>
      <Data Name="FileVersion">10.0.17763.1 (WinBuild.160101.0800)</Data>
      <Data Name="Description">Windows Package Manager</Data>
      <Data Name="Product">Microsoft« Windows« Operating System</Data>
      <Data Name="Company">Microsoft Corporation</Data>
      <Data Name="CommandLine">"C:\Windows\system32\pkgmgr.exe" /n:C:\Users\IEUser\AppData\Local\Temp\oemsetup.xml</Data>
      <Data Name="CurrentDirectory">C:\Windows\system32\</Data>
      <Data Name="User">MSEDGEWIN10\IEUser</Data>
      <Data Name="LogonGuid">{747F3D96-56A3-5D45-0000-0020B3D31800}</Data>
      <Data Name="LogonId">0x18d3b3</Data>
      <Data Name="TerminalSessionId">1</Data>
      <Data Name="IntegrityLevel">High</Data>
      <Data Name="Hashes">SHA1=6D3027D9187F38F4B10047A6E9194FC2B409B08C,MD5=DDE0B63F2E276B969C9C1E6983990CB2,SHA256=5BED2AA29ECB2AEF1A41E8B33A0CEFD32DDEFBFA1F7767430A311C064CF13D67,IMPHASH=BEE03492F0B5EDD4B94BB7DD6E56B8A1</Data>
      <Data Name="ParentProcessGuid">{747F3D96-78DD-5D45-0000-0010B8A50301}</Data>
      <Data Name="ParentProcessId">5080</Data>
      <Data Name="ParentImage">C:\Users\IEUser\Desktop\UACME.exe</Data>
      <Data Name="ParentCommandLine">UACME.exe  23</Data>
    </EventData>
  </Event>
  <Event xmlns="http://schemas.microsoft.com/win/2004/08/events/event">
    <System>
      <Provider Name="Microsoft-Windows-Sysmon" Guid="{5770385F-C22A-43E0-BF4C-06F5698FFBD9}" />
      <EventID>1</EventID>
      <Version>5</Version>
      <Level>4</Level>
      <Task>1</Task>
      <Opcode>0</Opcode>
      <Keywords>0x8000000000000000</Keywords>
      <TimeCreated SystemTime="2019-08-03T12:06:55.620600200Z" />
      <EventRecordID>5434</EventRecordID>
      <Correlation />
      <Execution ProcessID="2780" ThreadID="3676" />
      <Channel>Microsoft-Windows-Sysmon/Operational</Channel>
      <Computer>MSEDGEWIN10</Computer>
      <Security UserID="S-1-5-18" />
    </System>
    <EventData>
      <Data Name="RuleName">
      </Data>
      <Data Name="UtcTime">2019-08-03 12:06:55.343</Data>
      <Data Name="ProcessGuid">{747F3D96-78DF-5D45-0000-0010BD350401}</Data>
      <Data Name="ProcessId">5756</Data>
      <Data Name="Image">C:\Windows\System32\Dism.exe</Data>
      <Data Name="FileVersion">10.0.17763.1 (WinBuild.160101.0800)</Data>
      <Data Name="Description">Dism Image Servicing Utility</Data>
      <Data Name="Product">Microsoft« Windows« Operating System</Data>
      <Data Name="Company">Microsoft Corporation</Data>
      <Data Name="CommandLine">"C:\Windows\system32\dism.exe" /online /norestart /apply-unattend:"C:\Users\IEUser\AppData\Local\Temp\oemsetup.xml"</Data>
      <Data Name="CurrentDirectory">C:\Windows\system32\</Data>
      <Data Name="User">MSEDGEWIN10\IEUser</Data>
      <Data Name="LogonGuid">{747F3D96-56A3-5D45-0000-0020B3D31800}</Data>
      <Data Name="LogonId">0x18d3b3</Data>
      <Data Name="TerminalSessionId">1</Data>
      <Data Name="IntegrityLevel">High</Data>
      <Data Name="Hashes">SHA1=0E1605A2115AE2AF4D95CF4D613E9F4C35C2832B,MD5=5DA4BB31F15D76DBE31CE8C170A9930D,SHA256=34FEEB2ED81F9B52A03DD33A46A382883DA0B27CF1026F26C63DF8DB3814B196,IMPHASH=497B8A05ACC6B88AC41DD94255FC8AFF</Data>
      <Data Name="ParentProcessGuid">{747F3D96-78DF-5D45-0000-0010622F0401}</Data>
      <Data Name="ParentProcessId">216</Data>
      <Data Name="ParentImage">C:\Windows\System32\PkgMgr.exe</Data>
      <Data Name="ParentCommandLine">"C:\Windows\system32\pkgmgr.exe" /n:C:\Users\IEUser\AppData\Local\Temp\oemsetup.xml</Data>
    </EventData>
  </Event>
  <Event xmlns="http://schemas.microsoft.com/win/2004/08/events/event">
    <System>
      <Provider Name="Microsoft-Windows-Sysmon" Guid="{5770385F-C22A-43E0-BF4C-06F5698FFBD9}" />
      <EventID>1</EventID>
      <Version>5</Version>
      <Level>4</Level>
      <Task>1</Task>
      <Opcode>0</Opcode>
      <Keywords>0x8000000000000000</Keywords>
      <TimeCreated SystemTime="2019-08-03T12:06:55.820406900Z" />
      <EventRecordID>5435</EventRecordID>
      <Correlation />
      <Execution ProcessID="2780" ThreadID="3676" />
      <Channel>Microsoft-Windows-Sysmon/Operational</Channel>
      <Computer>MSEDGEWIN10</Computer>
      <Security UserID="S-1-5-18" />
    </System>
    <EventData>
      <Data Name="RuleName">
      </Data>
      <Data Name="UtcTime">2019-08-03 12:06:55.471</Data>
      <Data Name="ProcessGuid">{747F3D96-78DF-5D45-0000-0010EF400401}</Data>
      <Data Name="ProcessId">4320</Data>
      <Data Name="Image">C:\Windows\System32\cmd.exe</Data>
      <Data Name="FileVersion">10.0.17763.1 (WinBuild.160101.0800)</Data>
      <Data Name="Description">Windows Command Processor</Data>
      <Data Name="Product">Microsoft« Windows« Operating System</Data>
      <Data Name="Company">Microsoft Corporation</Data>
      <Data Name="CommandLine">"C:\Windows\system32\cmd.exe"</Data>
      <Data Name="CurrentDirectory">C:\Windows\system32\</Data>
      <Data Name="User">MSEDGEWIN10\IEUser</Data>
      <Data Name="LogonGuid">{747F3D96-56A3-5D45-0000-0020B3D31800}</Data>
      <Data Name="LogonId">0x18d3b3</Data>
      <Data Name="TerminalSessionId">1</Data>
      <Data Name="IntegrityLevel">High</Data>
      <Data Name="Hashes">SHA1=8C5437CD76A89EC983E3B364E219944DA3DAB464,MD5=975B45B669930B0CC773EAF2B414206F,SHA256=3656F37A1C6951EC4496FABB8EE957D3A6E3C276D5A3785476B482C9C0D32EA2,IMPHASH=272245E2988E1E430500B852C4FB5E18</Data>
      <Data Name="ParentProcessGuid">{747F3D96-78DF-5D45-0000-0010BD350401}</Data>
      <Data Name="ParentProcessId">5756</Data>
      <Data Name="ParentImage">C:\Windows\System32\Dism.exe</Data>
      <Data Name="ParentCommandLine">"C:\Windows\system32\dism.exe" /online /norestart /apply-unattend:"C:\Users\IEUser\AppData\Local\Temp\oemsetup.xml"</Data>
    </EventData>
  </Event>
</root>