<root>
  <Event xmlns="http://schemas.microsoft.com/win/2004/08/events/event">
    <System>
      <Provider Name="Microsoft-Windows-Sysmon" Guid="{5770385F-C22A-43E0-BF4C-06F5698FFBD9}" />
      <EventID>3</EventID>
      <Version>5</Version>
      <Level>4</Level>
      <Task>3</Task>
      <Opcode>0</Opcode>
      <Keywords>0x8000000000000000</Keywords>
      <TimeCreated SystemTime="2019-05-02T14:48:53.950750000Z" />
      <EventRecordID>10272</EventRecordID>
      <Correlation />
      <Execution ProcessID="1960" ThreadID="132" />
      <Channel>Microsoft-Windows-Sysmon/Operational</Channel>
      <Computer>IEWIN7</Computer>
      <Security UserID="S-1-5-18" />
    </System>
    <EventData>
      <Data Name="RuleName">
      </Data>
      <Data Name="UtcTime">2019-05-02 14:48:51.664</Data>
      <Data Name="ProcessGuid">{365ABB72-0244-5CCB-0000-00109AE70B00}</Data>
      <Data Name="ProcessId">1508</Data>
      <Data Name="Image">C:\Windows\System32\WindowsPowerShell\v1.0\powershell.exe</Data>
      <Data Name="User">IEWIN7\IEUser</Data>
      <Data Name="Protocol">tcp</Data>
      <Data Name="Initiated">true</Data>
      <Data Name="SourceIsIpv6">false</Data>
      <Data Name="SourceIp">10.0.2.15</Data>
      <Data Name="SourceHostname">IEWIN7.home</Data>
      <Data Name="SourcePort">49178</Data>
      <Data Name="SourcePortName">
      </Data>
      <Data Name="DestinationIsIpv6">false</Data>
      <Data Name="DestinationIp">151.101.36.133</Data>
      <Data Name="DestinationHostname">
      </Data>
      <Data Name="DestinationPort">443</Data>
      <Data Name="DestinationPortName">https</Data>
    </EventData>
  </Event>
  <Event xmlns="http://schemas.microsoft.com/win/2004/08/events/event">
    <System>
      <Provider Name="Microsoft-Windows-Sysmon" Guid="{5770385F-C22A-43E0-BF4C-06F5698FFBD9}" />
      <EventID>10</EventID>
      <Version>3</Version>
      <Level>4</Level>
      <Task>10</Task>
      <Opcode>0</Opcode>
      <Keywords>0x8000000000000000</Keywords>
      <TimeCreated SystemTime="2019-05-02T14:50:17.955524800Z" />
      <EventRecordID>10273</EventRecordID>
      <Correlation />
      <Execution ProcessID="1960" ThreadID="1616" />
      <Channel>Microsoft-Windows-Sysmon/Operational</Channel>
      <Computer>IEWIN7</Computer>
      <Security UserID="S-1-5-18" />
    </System>
    <EventData>
      <Data Name="RuleName">
      </Data>
      <Data Name="UtcTime">2019-05-02 14:49:37.100</Data>
      <Data Name="SourceProcessGUID">{365ABB72-0244-5CCB-0000-00109AE70B00}</Data>
      <Data Name="SourceProcessId">1508</Data>
      <Data Name="SourceThreadId">3204</Data>
      <Data Name="SourceImage">C:\Windows\System32\WindowsPowerShell\v1.0\powershell.exe</Data>
      <Data Name="TargetProcessGUID">{365ABB72-8077-5CCB-0000-0010F2590000}</Data>
      <Data Name="TargetProcessId">484</Data>
      <Data Name="TargetImage">C:\Windows\system32\lsass.exe</Data>
      <Data Name="GrantedAccess">0x143a</Data>
      <Data Name="CallTrace">C:\Windows\SYSTEM32\ntdll.dll+4595c|C:\Windows\system32\KERNELBASE.dll+8185</Data>
    </EventData>
  </Event>
</root>