<root>
  <Event xmlns="http://schemas.microsoft.com/win/2004/08/events/event">
    <System>
      <Provider Name="Microsoft-Windows-Sysmon" Guid="{5770385F-C22A-43E0-BF4C-06F5698FFBD9}" />
      <EventID>1</EventID>
      <Version>5</Version>
      <Level>4</Level>
      <Task>1</Task>
      <Opcode>0</Opcode>
      <Keywords>0x8000000000000000</Keywords>
      <TimeCreated SystemTime="2019-05-28T02:13:52.171928400Z" />
      <EventRecordID>6406</EventRecordID>
      <Correlation />
      <Execution ProcessID="548" ThreadID="2444" />
      <Channel>Microsoft-Windows-Sysmon/Operational</Channel>
      <Computer>IEWIN7</Computer>
      <Security UserID="S-1-5-18" />
    </System>
    <EventData>
      <Data Name="RuleName">
      </Data>
      <Data Name="UtcTime">2019-05-28 02:13:52.155</Data>
      <Data Name="ProcessGuid">{365ABB72-9960-5CEC-0000-0010B6981600}</Data>
      <Data Name="ProcessId">2432</Data>
      <Data Name="Image">C:\ProgramData\vshadow.exe</Data>
      <Data Name="FileVersion">?</Data>
      <Data Name="Description">?</Data>
      <Data Name="Product">?</Data>
      <Data Name="Company">?</Data>
      <Data Name="CommandLine">vshadow.exe  -nw -exec=c:\windows\System32\osk.exe c:\</Data>
      <Data Name="CurrentDirectory">c:\ProgramData\</Data>
      <Data Name="User">IEWIN7\IEUser</Data>
      <Data Name="LogonGuid">{365ABB72-82EC-5CEC-0000-0020734A0100}</Data>
      <Data Name="LogonId">0x14a73</Data>
      <Data Name="TerminalSessionId">1</Data>
      <Data Name="IntegrityLevel">High</Data>
      <Data Name="Hashes">SHA1=D2C61632741A3364487FF9B7522F1A78A9D42401,MD5=B8EF7058D546B78884D469D8B710F1DF,SHA256=1D6C38894DFC5BBF8EFF3FDB11DC91722994C5294A6F576B9449AB3444A8E952,IMPHASH=DFCA9A022C377F6802C040154483A3DC</Data>
      <Data Name="ParentProcessGuid">{365ABB72-97E9-5CEC-0000-0010095B1200}</Data>
      <Data Name="ParentProcessId">2364</Data>
      <Data Name="ParentImage">C:\Windows\System32\cmd.exe</Data>
      <Data Name="ParentCommandLine">"C:\Windows\system32\cmd.exe" </Data>
    </EventData>
  </Event>
  <Event xmlns="http://schemas.microsoft.com/win/2004/08/events/event">
    <System>
      <Provider Name="Microsoft-Windows-Sysmon" Guid="{5770385F-C22A-43E0-BF4C-06F5698FFBD9}" />
      <EventID>1</EventID>
      <Version>5</Version>
      <Level>4</Level>
      <Task>1</Task>
      <Opcode>0</Opcode>
      <Keywords>0x8000000000000000</Keywords>
      <TimeCreated SystemTime="2019-05-28T02:13:52.429310800Z" />
      <EventRecordID>6408</EventRecordID>
      <Correlation />
      <Execution ProcessID="548" ThreadID="2444" />
      <Channel>Microsoft-Windows-Sysmon/Operational</Channel>
      <Computer>IEWIN7</Computer>
      <Security UserID="S-1-5-18" />
    </System>
    <EventData>
      <Data Name="RuleName">Process Launched via DCOM</Data>
      <Data Name="UtcTime">2019-05-28 02:13:52.364</Data>
      <Data Name="ProcessGuid">{365ABB72-9960-5CEC-0000-001082AD1600}</Data>
      <Data Name="ProcessId">1968</Data>
      <Data Name="Image">C:\Windows\System32\drvinst.exe</Data>
      <Data Name="FileVersion">6.1.7600.16385 (win7_rtm.090713-1255)</Data>
      <Data Name="Description">Driver Installation Module</Data>
      <Data Name="Product">Microsoft« Windows« Operating System</Data>
      <Data Name="Company">Microsoft Corporation</Data>
      <Data Name="CommandLine">DrvInst.exe "1" "200" "STORAGE\VolumeSnapshot\HarddiskVolumeSnapshot11" "" "" "6350c17eb" "00000000" "000005AC" "00000590"</Data>
      <Data Name="CurrentDirectory">C:\Windows\system32\</Data>
      <Data Name="User">NT AUTHORITY\SYSTEM</Data>
      <Data Name="LogonGuid">{365ABB72-0177-5CED-0000-0020E7030000}</Data>
      <Data Name="LogonId">0x3e7</Data>
      <Data Name="TerminalSessionId">0</Data>
      <Data Name="IntegrityLevel">System</Data>
      <Data Name="Hashes">SHA1=2D42A8EABA2829A1641FC580DA5E337C75997A99,MD5=44DAF0A410AB80E7CAB7C12EDE5FFB34,SHA256=3493630EE740508D0DB760A7648470F2987752D9B205CCCA805A66C3524E2B58,IMPHASH=ED4425CF217058DA6BDF611263E571DD</Data>
      <Data Name="ParentProcessGuid">{365ABB72-0178-5CED-0000-0010128B0000}</Data>
      <Data Name="ParentProcessId">600</Data>
      <Data Name="ParentImage">C:\Windows\System32\svchost.exe</Data>
      <Data Name="ParentCommandLine">C:\Windows\system32\svchost.exe -k DcomLaunch</Data>
    </EventData>
  </Event>
  <Event xmlns="http://schemas.microsoft.com/win/2004/08/events/event">
    <System>
      <Provider Name="Microsoft-Windows-Sysmon" Guid="{5770385F-C22A-43E0-BF4C-06F5698FFBD9}" />
      <EventID>1</EventID>
      <Version>5</Version>
      <Level>4</Level>
      <Task>1</Task>
      <Opcode>0</Opcode>
      <Keywords>0x8000000000000000</Keywords>
      <TimeCreated SystemTime="2019-05-28T02:13:53.507099600Z" />
      <EventRecordID>6410</EventRecordID>
      <Correlation />
      <Execution ProcessID="548" ThreadID="2444" />
      <Channel>Microsoft-Windows-Sysmon/Operational</Channel>
      <Computer>IEWIN7</Computer>
      <Security UserID="S-1-5-18" />
    </System>
    <EventData>
      <Data Name="RuleName">
      </Data>
      <Data Name="UtcTime">2019-05-28 02:13:53.394</Data>
      <Data Name="ProcessGuid">{365ABB72-9961-5CEC-0000-0010E1161700}</Data>
      <Data Name="ProcessId">2600</Data>
      <Data Name="Image">C:\Windows\System32\osk.exe</Data>
      <Data Name="FileVersion">6.1.7600.16385 (win7_rtm.090713-1255)</Data>
      <Data Name="Description">Accessibility On-Screen Keyboard</Data>
      <Data Name="Product">Microsoft« Windows« Operating System</Data>
      <Data Name="Company">Microsoft Corporation</Data>
      <Data Name="CommandLine">"C:\Windows\System32\osk.exe" </Data>
      <Data Name="CurrentDirectory">C:\Windows\system32\</Data>
      <Data Name="User">IEWIN7\IEUser</Data>
      <Data Name="LogonGuid">{365ABB72-82EC-5CEC-0000-0020734A0100}</Data>
      <Data Name="LogonId">0x14a73</Data>
      <Data Name="TerminalSessionId">1</Data>
      <Data Name="IntegrityLevel">High</Data>
      <Data Name="Hashes">SHA1=79BE9282190074A8D52F78BC34C49865111D100F,MD5=C6A991D7DF17EBD8DE4739CD1F283133,SHA256=02944492F38747CE817B851F0A8638D132F9447E7395B1574954FEAD4C9840E3,IMPHASH=F9815E29854683EF4F5A668C9D2A24F9</Data>
      <Data Name="ParentProcessGuid">{365ABB72-9961-5CEC-0000-0010F3061700}</Data>
      <Data Name="ParentProcessId">2856</Data>
      <Data Name="ParentImage">C:\Windows\System32\Utilman.exe</Data>
      <Data Name="ParentCommandLine">utilman.exe /debug</Data>
    </EventData>
  </Event>
  <Event xmlns="http://schemas.microsoft.com/win/2004/08/events/event">
    <System>
      <Provider Name="Microsoft-Windows-Sysmon" Guid="{5770385F-C22A-43E0-BF4C-06F5698FFBD9}" />
      <EventID>1</EventID>
      <Version>5</Version>
      <Level>4</Level>
      <Task>1</Task>
      <Opcode>0</Opcode>
      <Keywords>0x8000000000000000</Keywords>
      <TimeCreated SystemTime="2019-05-28T02:14:48.819881800Z" />
      <EventRecordID>6411</EventRecordID>
      <Correlation />
      <Execution ProcessID="548" ThreadID="2444" />
      <Channel>Microsoft-Windows-Sysmon/Operational</Channel>
      <Computer>IEWIN7</Computer>
      <Security UserID="S-1-5-18" />
    </System>
    <EventData>
      <Data Name="RuleName">
      </Data>
      <Data Name="UtcTime">2019-05-28 02:14:48.819</Data>
      <Data Name="ProcessGuid">{365ABB72-9998-5CEC-0000-00107D501700}</Data>
      <Data Name="ProcessId">3092</Data>
      <Data Name="Image">C:\ProgramData\vshadow.exe</Data>
      <Data Name="FileVersion">?</Data>
      <Data Name="Description">?</Data>
      <Data Name="Product">?</Data>
      <Data Name="Company">?</Data>
      <Data Name="CommandLine">vshadow.exe  -nw -exec=c:\windows\System32\notepad.exe c:\</Data>
      <Data Name="CurrentDirectory">c:\ProgramData\</Data>
      <Data Name="User">IEWIN7\IEUser</Data>
      <Data Name="LogonGuid">{365ABB72-82EC-5CEC-0000-0020734A0100}</Data>
      <Data Name="LogonId">0x14a73</Data>
      <Data Name="TerminalSessionId">1</Data>
      <Data Name="IntegrityLevel">High</Data>
      <Data Name="Hashes">SHA1=D2C61632741A3364487FF9B7522F1A78A9D42401,MD5=B8EF7058D546B78884D469D8B710F1DF,SHA256=1D6C38894DFC5BBF8EFF3FDB11DC91722994C5294A6F576B9449AB3444A8E952,IMPHASH=DFCA9A022C377F6802C040154483A3DC</Data>
      <Data Name="ParentProcessGuid">{365ABB72-97E9-5CEC-0000-0010095B1200}</Data>
      <Data Name="ParentProcessId">2364</Data>
      <Data Name="ParentImage">C:\Windows\System32\cmd.exe</Data>
      <Data Name="ParentCommandLine">"C:\Windows\system32\cmd.exe" </Data>
    </EventData>
  </Event>
  <Event xmlns="http://schemas.microsoft.com/win/2004/08/events/event">
    <System>
      <Provider Name="Microsoft-Windows-Sysmon" Guid="{5770385F-C22A-43E0-BF4C-06F5698FFBD9}" />
      <EventID>1</EventID>
      <Version>5</Version>
      <Level>4</Level>
      <Task>1</Task>
      <Opcode>0</Opcode>
      <Keywords>0x8000000000000000</Keywords>
      <TimeCreated SystemTime="2019-05-28T02:14:49.194881800Z" />
      <EventRecordID>6413</EventRecordID>
      <Correlation />
      <Execution ProcessID="548" ThreadID="2444" />
      <Channel>Microsoft-Windows-Sysmon/Operational</Channel>
      <Computer>IEWIN7</Computer>
      <Security UserID="S-1-5-18" />
    </System>
    <EventData>
      <Data Name="RuleName">Process Launched via DCOM</Data>
      <Data Name="UtcTime">2019-05-28 02:14:49.077</Data>
      <Data Name="ProcessGuid">{365ABB72-9999-5CEC-0000-0010EB5A1700}</Data>
      <Data Name="ProcessId">1128</Data>
      <Data Name="Image">C:\Windows\System32\drvinst.exe</Data>
      <Data Name="FileVersion">6.1.7600.16385 (win7_rtm.090713-1255)</Data>
      <Data Name="Description">Driver Installation Module</Data>
      <Data Name="Product">Microsoft« Windows« Operating System</Data>
      <Data Name="Company">Microsoft Corporation</Data>
      <Data Name="CommandLine">DrvInst.exe "1" "200" "STORAGE\VolumeSnapshot\HarddiskVolumeSnapshot12" "" "" "6d110b0a3" "00000000" "000005B8" "000004B0"</Data>
      <Data Name="CurrentDirectory">C:\Windows\system32\</Data>
      <Data Name="User">NT AUTHORITY\SYSTEM</Data>
      <Data Name="LogonGuid">{365ABB72-0177-5CED-0000-0020E7030000}</Data>
      <Data Name="LogonId">0x3e7</Data>
      <Data Name="TerminalSessionId">0</Data>
      <Data Name="IntegrityLevel">System</Data>
      <Data Name="Hashes">SHA1=2D42A8EABA2829A1641FC580DA5E337C75997A99,MD5=44DAF0A410AB80E7CAB7C12EDE5FFB34,SHA256=3493630EE740508D0DB760A7648470F2987752D9B205CCCA805A66C3524E2B58,IMPHASH=ED4425CF217058DA6BDF611263E571DD</Data>
      <Data Name="ParentProcessGuid">{365ABB72-0178-5CED-0000-0010128B0000}</Data>
      <Data Name="ParentProcessId">600</Data>
      <Data Name="ParentImage">C:\Windows\System32\svchost.exe</Data>
      <Data Name="ParentCommandLine">C:\Windows\system32\svchost.exe -k DcomLaunch</Data>
    </EventData>
  </Event>
  <Event xmlns="http://schemas.microsoft.com/win/2004/08/events/event">
    <System>
      <Provider Name="Microsoft-Windows-Sysmon" Guid="{5770385F-C22A-43E0-BF4C-06F5698FFBD9}" />
      <EventID>1</EventID>
      <Version>5</Version>
      <Level>4</Level>
      <Task>1</Task>
      <Opcode>0</Opcode>
      <Keywords>0x8000000000000000</Keywords>
      <TimeCreated SystemTime="2019-05-28T02:14:50.413631800Z" />
      <EventRecordID>6414</EventRecordID>
      <Correlation />
      <Execution ProcessID="548" ThreadID="2444" />
      <Channel>Microsoft-Windows-Sysmon/Operational</Channel>
      <Computer>IEWIN7</Computer>
      <Security UserID="S-1-5-18" />
    </System>
    <EventData>
      <Data Name="RuleName">
      </Data>
      <Data Name="UtcTime">2019-05-28 02:14:50.390</Data>
      <Data Name="ProcessGuid">{365ABB72-999A-5CEC-0000-0010C3A11700}</Data>
      <Data Name="ProcessId">1516</Data>
      <Data Name="Image">C:\Windows\System32\notepad.exe</Data>
      <Data Name="FileVersion">6.1.7600.16385 (win7_rtm.090713-1255)</Data>
      <Data Name="Description">Notepad</Data>
      <Data Name="Product">Microsoft« Windows« Operating System</Data>
      <Data Name="Company">Microsoft Corporation</Data>
      <Data Name="CommandLine">"c:\windows\System32\notepad.exe"</Data>
      <Data Name="CurrentDirectory">c:\ProgramData\</Data>
      <Data Name="User">IEWIN7\IEUser</Data>
      <Data Name="LogonGuid">{365ABB72-82EC-5CEC-0000-0020734A0100}</Data>
      <Data Name="LogonId">0x14a73</Data>
      <Data Name="TerminalSessionId">1</Data>
      <Data Name="IntegrityLevel">High</Data>
      <Data Name="Hashes">SHA1=FC64B1EF19E7F35642B2A2EA5F5D9F4246866243,MD5=A4F6DF0E33E644E802C8798ED94D80EA,SHA256=B56AFE7165AD341A749D2D3BD925D879728A1FE4A4DF206145C1A69AA233F68B,IMPHASH=53A6715F589E88C4FD4541C81B4F57C3</Data>
      <Data Name="ParentProcessGuid">{365ABB72-9998-5CEC-0000-00107D501700}</Data>
      <Data Name="ParentProcessId">3092</Data>
      <Data Name="ParentImage">C:\ProgramData\vshadow.exe</Data>
      <Data Name="ParentCommandLine">vshadow.exe  -nw -exec=c:\windows\System32\notepad.exe c:\</Data>
    </EventData>
  </Event>
</root>