<root>
  <Event xmlns="http://schemas.microsoft.com/win/2004/08/events/event">
    <System>
      <Provider Name="Microsoft-Windows-Sysmon" Guid="{5770385F-C22A-43E0-BF4C-06F5698FFBD9}" />
      <EventID>1</EventID>
      <Version>5</Version>
      <Level>4</Level>
      <Task>1</Task>
      <Opcode>0</Opcode>
      <Keywords>0x8000000000000000</Keywords>
      <TimeCreated SystemTime="2019-08-03T12:32:34.577607300Z" />
      <EventRecordID>5493</EventRecordID>
      <Correlation />
      <Execution ProcessID="2780" ThreadID="3676" />
      <Channel>Microsoft-Windows-Sysmon/Operational</Channel>
      <Computer>MSEDGEWIN10</Computer>
      <Security UserID="S-1-5-18" />
    </System>
    <EventData>
      <Data Name="RuleName">
      </Data>
      <Data Name="UtcTime">2019-08-03 12:32:34.504</Data>
      <Data Name="ProcessGuid">{747F3D96-7EE2-5D45-0000-00104E852801}</Data>
      <Data Name="ProcessId">5284</Data>
      <Data Name="Image">C:\Users\IEUser\Desktop\UACME.exe</Data>
      <Data Name="FileVersion">3.1.9.1905</Data>
      <Data Name="Description">UACMe main module</Data>
      <Data Name="Product">UACMe</Data>
      <Data Name="Company">Hazardous Environments</Data>
      <Data Name="CommandLine">UACME.exe  36</Data>
      <Data Name="CurrentDirectory">C:\Users\IEUser\Desktop\</Data>
      <Data Name="User">MSEDGEWIN10\IEUser</Data>
      <Data Name="LogonGuid">{747F3D96-56A3-5D45-0000-0020FBD31800}</Data>
      <Data Name="LogonId">0x18d3fb</Data>
      <Data Name="TerminalSessionId">1</Data>
      <Data Name="IntegrityLevel">Medium</Data>
      <Data Name="Hashes">SHA1=9E57914D39FBFE785C915E225011892613C4714C,MD5=D57E778DF10F801F47119A04BE990FFD,SHA256=D76815CE3F4B9FE7A611D6F536F65AF313E2AB2F8BB52EF0998487D89A6E7378,IMPHASH=B6789EDFE23DDA911AE37C87444D3DCB</Data>
      <Data Name="ParentProcessGuid">{747F3D96-5A29-5D45-0000-0010DEB99000}</Data>
      <Data Name="ParentProcessId">5780</Data>
      <Data Name="ParentImage">C:\Windows\System32\cmd.exe</Data>
      <Data Name="ParentCommandLine">"C:\Windows\system32\cmd.exe" </Data>
    </EventData>
  </Event>
  <Event xmlns="http://schemas.microsoft.com/win/2004/08/events/event">
    <System>
      <Provider Name="Microsoft-Windows-Sysmon" Guid="{5770385F-C22A-43E0-BF4C-06F5698FFBD9}" />
      <EventID>11</EventID>
      <Version>2</Version>
      <Level>4</Level>
      <Task>11</Task>
      <Opcode>0</Opcode>
      <Keywords>0x8000000000000000</Keywords>
      <TimeCreated SystemTime="2019-08-03T12:32:34.875974800Z" />
      <EventRecordID>5494</EventRecordID>
      <Correlation />
      <Execution ProcessID="2780" ThreadID="3676" />
      <Channel>Microsoft-Windows-Sysmon/Operational</Channel>
      <Computer>MSEDGEWIN10</Computer>
      <Security UserID="S-1-5-18" />
    </System>
    <EventData>
      <Data Name="RuleName">
      </Data>
      <Data Name="UtcTime">2019-08-03 12:32:34.721</Data>
      <Data Name="ProcessGuid">{747F3D96-7EE2-5D45-0000-00104E852801}</Data>
      <Data Name="ProcessId">5284</Data>
      <Data Name="Image">C:\Windows\explorer.exe</Data>
      <Data Name="TargetFilename">C:\Users\IEUser\AppData\Local\Temp\MSCOREE.DLL</Data>
      <Data Name="CreationUtcTime">2019-08-03 12:32:34.721</Data>
    </EventData>
  </Event>
  <Event xmlns="http://schemas.microsoft.com/win/2004/08/events/event">
    <System>
      <Provider Name="Microsoft-Windows-Sysmon" Guid="{5770385F-C22A-43E0-BF4C-06F5698FFBD9}" />
      <EventID>1</EventID>
      <Version>5</Version>
      <Level>4</Level>
      <Task>1</Task>
      <Opcode>0</Opcode>
      <Keywords>0x8000000000000000</Keywords>
      <TimeCreated SystemTime="2019-08-03T12:32:35.085975800Z" />
      <EventRecordID>5495</EventRecordID>
      <Correlation />
      <Execution ProcessID="2780" ThreadID="3676" />
      <Channel>Microsoft-Windows-Sysmon/Operational</Channel>
      <Computer>MSEDGEWIN10</Computer>
      <Security UserID="S-1-5-18" />
    </System>
    <EventData>
      <Data Name="RuleName">
      </Data>
      <Data Name="UtcTime">2019-08-03 12:32:34.905</Data>
      <Data Name="ProcessGuid">{747F3D96-7EE2-5D45-0000-0010E49C2801}</Data>
      <Data Name="ProcessId">2740</Data>
      <Data Name="Image">C:\Windows\System32\wusa.exe</Data>
      <Data Name="FileVersion">10.0.17763.1 (WinBuild.160101.0800)</Data>
      <Data Name="Description">Windows Update Standalone Installer</Data>
      <Data Name="Product">Microsoft« Windows« Operating System</Data>
      <Data Name="Company">Microsoft Corporation</Data>
      <Data Name="CommandLine">"C:\Windows\system32\wusa.exe"  /quiet C:\Users\IEUser\AppData\Local\Temp\update.msu</Data>
      <Data Name="CurrentDirectory">C:\Users\IEUser\Desktop\</Data>
      <Data Name="User">MSEDGEWIN10\IEUser</Data>
      <Data Name="LogonGuid">{747F3D96-56A3-5D45-0000-0020FBD31800}</Data>
      <Data Name="LogonId">0x18d3fb</Data>
      <Data Name="TerminalSessionId">1</Data>
      <Data Name="IntegrityLevel">Medium</Data>
      <Data Name="Hashes">SHA1=41C0812B0BE63153F3B68EA76C8B985D69DDCFBB,MD5=59701FE9C8BA85BCEB73A9B1B3E8E1C4,SHA256=E0438C5594A4EEB8515518989EE3A773581F414273B857B885D2201F66A95B06,IMPHASH=D5E97853B4CD1F8376A7D9FDA250C21E</Data>
      <Data Name="ParentProcessGuid">{747F3D96-7EE2-5D45-0000-00104E852801}</Data>
      <Data Name="ParentProcessId">5284</Data>
      <Data Name="ParentImage">C:\Users\IEUser\Desktop\UACME.exe</Data>
      <Data Name="ParentCommandLine">UACME.exe  36</Data>
    </EventData>
  </Event>
  <Event xmlns="http://schemas.microsoft.com/win/2004/08/events/event">
    <System>
      <Provider Name="Microsoft-Windows-Sysmon" Guid="{5770385F-C22A-43E0-BF4C-06F5698FFBD9}" />
      <EventID>1</EventID>
      <Version>5</Version>
      <Level>4</Level>
      <Task>1</Task>
      <Opcode>0</Opcode>
      <Keywords>0x8000000000000000</Keywords>
      <TimeCreated SystemTime="2019-08-03T12:32:35.137612600Z" />
      <EventRecordID>5496</EventRecordID>
      <Correlation />
      <Execution ProcessID="2780" ThreadID="3676" />
      <Channel>Microsoft-Windows-Sysmon/Operational</Channel>
      <Computer>MSEDGEWIN10</Computer>
      <Security UserID="S-1-5-18" />
    </System>
    <EventData>
      <Data Name="RuleName">
      </Data>
      <Data Name="UtcTime">2019-08-03 12:32:34.924</Data>
      <Data Name="ProcessGuid">{747F3D96-7EE2-5D45-0000-0010F19E2801}</Data>
      <Data Name="ProcessId">3652</Data>
      <Data Name="Image">C:\Windows\System32\consent.exe</Data>
      <Data Name="FileVersion">10.0.17763.1 (WinBuild.160101.0800)</Data>
      <Data Name="Description">Consent UI for administrative applications</Data>
      <Data Name="Product">Microsoft« Windows« Operating System</Data>
      <Data Name="Company">Microsoft Corporation</Data>
      <Data Name="CommandLine">consent.exe 896 400 00000280644220C0</Data>
      <Data Name="CurrentDirectory">C:\Windows\system32\</Data>
      <Data Name="User">NT AUTHORITY\SYSTEM</Data>
      <Data Name="LogonGuid">{747F3D96-D4E9-5D45-0000-0020E7030000}</Data>
      <Data Name="LogonId">0x3e7</Data>
      <Data Name="TerminalSessionId">1</Data>
      <Data Name="IntegrityLevel">System</Data>
      <Data Name="Hashes">SHA1=9329B2362078DE27242DD4534F588AF3264BF0BF,MD5=27992D7EBE51AEC655A088DE88BAD5C9,SHA256=8F112431143A22BAAAFB448EEFD63BF90E7691C890AC69A296574FD07BA03EC6,IMPHASH=522D83761201075834F05037F5307949</Data>
      <Data Name="ParentProcessGuid">{747F3D96-5769-5D45-0000-001044E83300}</Data>
      <Data Name="ParentProcessId">896</Data>
      <Data Name="ParentImage">C:\Windows\System32\svchost.exe</Data>
      <Data Name="ParentCommandLine">C:\Windows\system32\svchost.exe -k netsvcs -p -s Appinfo</Data>
    </EventData>
  </Event>
  <Event xmlns="http://schemas.microsoft.com/win/2004/08/events/event">
    <System>
      <Provider Name="Microsoft-Windows-Sysmon" Guid="{5770385F-C22A-43E0-BF4C-06F5698FFBD9}" />
      <EventID>1</EventID>
      <Version>5</Version>
      <Level>4</Level>
      <Task>1</Task>
      <Opcode>0</Opcode>
      <Keywords>0x8000000000000000</Keywords>
      <TimeCreated SystemTime="2019-08-03T12:32:35.531644800Z" />
      <EventRecordID>5497</EventRecordID>
      <Correlation />
      <Execution ProcessID="2780" ThreadID="3676" />
      <Channel>Microsoft-Windows-Sysmon/Operational</Channel>
      <Computer>MSEDGEWIN10</Computer>
      <Security UserID="S-1-5-18" />
    </System>
    <EventData>
      <Data Name="RuleName">
      </Data>
      <Data Name="UtcTime">2019-08-03 12:32:35.218</Data>
      <Data Name="ProcessGuid">{747F3D96-7EE3-5D45-0000-0010AFC12801}</Data>
      <Data Name="ProcessId">2348</Data>
      <Data Name="Image">C:\Windows\System32\wusa.exe</Data>
      <Data Name="FileVersion">10.0.17763.1 (WinBuild.160101.0800)</Data>
      <Data Name="Description">Windows Update Standalone Installer</Data>
      <Data Name="Product">Microsoft« Windows« Operating System</Data>
      <Data Name="Company">Microsoft Corporation</Data>
      <Data Name="CommandLine">"C:\Windows\system32\wusa.exe"  /quiet C:\Users\IEUser\AppData\Local\Temp\update.msu</Data>
      <Data Name="CurrentDirectory">C:\Windows\system32\</Data>
      <Data Name="User">MSEDGEWIN10\IEUser</Data>
      <Data Name="LogonGuid">{747F3D96-56A3-5D45-0000-0020B3D31800}</Data>
      <Data Name="LogonId">0x18d3b3</Data>
      <Data Name="TerminalSessionId">1</Data>
      <Data Name="IntegrityLevel">High</Data>
      <Data Name="Hashes">SHA1=41C0812B0BE63153F3B68EA76C8B985D69DDCFBB,MD5=59701FE9C8BA85BCEB73A9B1B3E8E1C4,SHA256=E0438C5594A4EEB8515518989EE3A773581F414273B857B885D2201F66A95B06,IMPHASH=D5E97853B4CD1F8376A7D9FDA250C21E</Data>
      <Data Name="ParentProcessGuid">{747F3D96-7EE2-5D45-0000-00104E852801}</Data>
      <Data Name="ParentProcessId">5284</Data>
      <Data Name="ParentImage">C:\Users\IEUser\Desktop\UACME.exe</Data>
      <Data Name="ParentCommandLine">UACME.exe  36</Data>
    </EventData>
  </Event>
  <Event xmlns="http://schemas.microsoft.com/win/2004/08/events/event">
    <System>
      <Provider Name="Microsoft-Windows-Sysmon" Guid="{5770385F-C22A-43E0-BF4C-06F5698FFBD9}" />
      <EventID>1</EventID>
      <Version>5</Version>
      <Level>4</Level>
      <Task>1</Task>
      <Opcode>0</Opcode>
      <Keywords>0x8000000000000000</Keywords>
      <TimeCreated SystemTime="2019-08-03T12:32:36.794793700Z" />
      <EventRecordID>5498</EventRecordID>
      <Correlation />
      <Execution ProcessID="2780" ThreadID="3676" />
      <Channel>Microsoft-Windows-Sysmon/Operational</Channel>
      <Computer>MSEDGEWIN10</Computer>
      <Security UserID="S-1-5-18" />
    </System>
    <EventData>
      <Data Name="RuleName">
      </Data>
      <Data Name="UtcTime">2019-08-03 12:32:36.766</Data>
      <Data Name="ProcessGuid">{747F3D96-7EE4-5D45-0000-001015F72801}</Data>
      <Data Name="ProcessId">7180</Data>
      <Data Name="Image">C:\Windows\System32\dcomcnfg.exe</Data>
      <Data Name="FileVersion">2001.12.10941.16384 (WinBuild.160101.0800)</Data>
      <Data Name="Description">COM+</Data>
      <Data Name="Product">Microsoft« Windows« Operating System</Data>
      <Data Name="Company">Microsoft Corporation</Data>
      <Data Name="CommandLine">"C:\Windows\system32\dcomcnfg.exe" </Data>
      <Data Name="CurrentDirectory">C:\Users\IEUser\Desktop\</Data>
      <Data Name="User">MSEDGEWIN10\IEUser</Data>
      <Data Name="LogonGuid">{747F3D96-56A3-5D45-0000-0020FBD31800}</Data>
      <Data Name="LogonId">0x18d3fb</Data>
      <Data Name="TerminalSessionId">1</Data>
      <Data Name="IntegrityLevel">Medium</Data>
      <Data Name="Hashes">SHA1=3A43D052EAB26653625DE7165759DB5B562391B9,MD5=2230E122EB447CBC9EAAE68AF853F3B7,SHA256=3D81ACA24167405433617B364C23C51393C31597DA36A48476FD59549A2D0A99,IMPHASH=4C7F165DA8DA80935D61C0512A3469C1</Data>
      <Data Name="ParentProcessGuid">{747F3D96-7EE2-5D45-0000-00104E852801}</Data>
      <Data Name="ParentProcessId">5284</Data>
      <Data Name="ParentImage">C:\Users\IEUser\Desktop\UACME.exe</Data>
      <Data Name="ParentCommandLine">UACME.exe  36</Data>
    </EventData>
  </Event>
  <Event xmlns="http://schemas.microsoft.com/win/2004/08/events/event">
    <System>
      <Provider Name="Microsoft-Windows-Sysmon" Guid="{5770385F-C22A-43E0-BF4C-06F5698FFBD9}" />
      <EventID>1</EventID>
      <Version>5</Version>
      <Level>4</Level>
      <Task>1</Task>
      <Opcode>0</Opcode>
      <Keywords>0x8000000000000000</Keywords>
      <TimeCreated SystemTime="2019-08-03T12:32:36.812510400Z" />
      <EventRecordID>5499</EventRecordID>
      <Correlation />
      <Execution ProcessID="2780" ThreadID="3676" />
      <Channel>Microsoft-Windows-Sysmon/Operational</Channel>
      <Computer>MSEDGEWIN10</Computer>
      <Security UserID="S-1-5-18" />
    </System>
    <EventData>
      <Data Name="RuleName">
      </Data>
      <Data Name="UtcTime">2019-08-03 12:32:36.809</Data>
      <Data Name="ProcessGuid">{747F3D96-7EE4-5D45-0000-001029F92801}</Data>
      <Data Name="ProcessId">1708</Data>
      <Data Name="Image">C:\Windows\System32\consent.exe</Data>
      <Data Name="FileVersion">10.0.17763.1 (WinBuild.160101.0800)</Data>
      <Data Name="Description">Consent UI for administrative applications</Data>
      <Data Name="Product">Microsoft« Windows« Operating System</Data>
      <Data Name="Company">Microsoft Corporation</Data>
      <Data Name="CommandLine">consent.exe 896 318 0000028064471E00</Data>
      <Data Name="CurrentDirectory">C:\Windows\system32\</Data>
      <Data Name="User">NT AUTHORITY\SYSTEM</Data>
      <Data Name="LogonGuid">{747F3D96-D4E9-5D45-0000-0020E7030000}</Data>
      <Data Name="LogonId">0x3e7</Data>
      <Data Name="TerminalSessionId">1</Data>
      <Data Name="IntegrityLevel">System</Data>
      <Data Name="Hashes">SHA1=9329B2362078DE27242DD4534F588AF3264BF0BF,MD5=27992D7EBE51AEC655A088DE88BAD5C9,SHA256=8F112431143A22BAAAFB448EEFD63BF90E7691C890AC69A296574FD07BA03EC6,IMPHASH=522D83761201075834F05037F5307949</Data>
      <Data Name="ParentProcessGuid">{747F3D96-5769-5D45-0000-001044E83300}</Data>
      <Data Name="ParentProcessId">896</Data>
      <Data Name="ParentImage">C:\Windows\System32\svchost.exe</Data>
      <Data Name="ParentCommandLine">C:\Windows\system32\svchost.exe -k netsvcs -p -s Appinfo</Data>
    </EventData>
  </Event>
  <Event xmlns="http://schemas.microsoft.com/win/2004/08/events/event">
    <System>
      <Provider Name="Microsoft-Windows-Sysmon" Guid="{5770385F-C22A-43E0-BF4C-06F5698FFBD9}" />
      <EventID>1</EventID>
      <Version>5</Version>
      <Level>4</Level>
      <Task>1</Task>
      <Opcode>0</Opcode>
      <Keywords>0x8000000000000000</Keywords>
      <TimeCreated SystemTime="2019-08-03T12:32:37.160948700Z" />
      <EventRecordID>5500</EventRecordID>
      <Correlation />
      <Execution ProcessID="2780" ThreadID="3676" />
      <Channel>Microsoft-Windows-Sysmon/Operational</Channel>
      <Computer>MSEDGEWIN10</Computer>
      <Security UserID="S-1-5-18" />
    </System>
    <EventData>
      <Data Name="RuleName">
      </Data>
      <Data Name="UtcTime">2019-08-03 12:32:36.996</Data>
      <Data Name="ProcessGuid">{747F3D96-7EE4-5D45-0000-001091122901}</Data>
      <Data Name="ProcessId">1240</Data>
      <Data Name="Image">C:\Windows\System32\dcomcnfg.exe</Data>
      <Data Name="FileVersion">2001.12.10941.16384 (WinBuild.160101.0800)</Data>
      <Data Name="Description">COM+</Data>
      <Data Name="Product">Microsoft« Windows« Operating System</Data>
      <Data Name="Company">Microsoft Corporation</Data>
      <Data Name="CommandLine">"C:\Windows\system32\dcomcnfg.exe" </Data>
      <Data Name="CurrentDirectory">C:\Windows\system32\</Data>
      <Data Name="User">MSEDGEWIN10\IEUser</Data>
      <Data Name="LogonGuid">{747F3D96-56A3-5D45-0000-0020B3D31800}</Data>
      <Data Name="LogonId">0x18d3b3</Data>
      <Data Name="TerminalSessionId">1</Data>
      <Data Name="IntegrityLevel">High</Data>
      <Data Name="Hashes">SHA1=3A43D052EAB26653625DE7165759DB5B562391B9,MD5=2230E122EB447CBC9EAAE68AF853F3B7,SHA256=3D81ACA24167405433617B364C23C51393C31597DA36A48476FD59549A2D0A99,IMPHASH=4C7F165DA8DA80935D61C0512A3469C1</Data>
      <Data Name="ParentProcessGuid">{747F3D96-7EE2-5D45-0000-00104E852801}</Data>
      <Data Name="ParentProcessId">5284</Data>
      <Data Name="ParentImage">C:\Users\IEUser\Desktop\UACME.exe</Data>
      <Data Name="ParentCommandLine">UACME.exe  36</Data>
    </EventData>
  </Event>
  <Event xmlns="http://schemas.microsoft.com/win/2004/08/events/event">
    <System>
      <Provider Name="Microsoft-Windows-Sysmon" Guid="{5770385F-C22A-43E0-BF4C-06F5698FFBD9}" />
      <EventID>1</EventID>
      <Version>5</Version>
      <Level>4</Level>
      <Task>1</Task>
      <Opcode>0</Opcode>
      <Keywords>0x8000000000000000</Keywords>
      <TimeCreated SystemTime="2019-08-03T12:32:37.184555500Z" />
      <EventRecordID>5501</EventRecordID>
      <Correlation />
      <Execution ProcessID="2780" ThreadID="3676" />
      <Channel>Microsoft-Windows-Sysmon/Operational</Channel>
      <Computer>MSEDGEWIN10</Computer>
      <Security UserID="S-1-5-18" />
    </System>
    <EventData>
      <Data Name="RuleName">
      </Data>
      <Data Name="UtcTime">2019-08-03 12:32:37.026</Data>
      <Data Name="ProcessGuid">{747F3D96-7EE5-5D45-0000-001076162901}</Data>
      <Data Name="ProcessId">7636</Data>
      <Data Name="Image">C:\Windows\System32\mmc.exe</Data>
      <Data Name="FileVersion">10.0.17763.1 (WinBuild.160101.0800)</Data>
      <Data Name="Description">Microsoft Management Console</Data>
      <Data Name="Product">Microsoft« Windows« Operating System</Data>
      <Data Name="Company">Microsoft Corporation</Data>
      <Data Name="CommandLine">C:\Windows\system32\mmc.exe C:\Windows\system32\comexp.msc</Data>
      <Data Name="CurrentDirectory">C:\Windows\system32\</Data>
      <Data Name="User">MSEDGEWIN10\IEUser</Data>
      <Data Name="LogonGuid">{747F3D96-56A3-5D45-0000-0020B3D31800}</Data>
      <Data Name="LogonId">0x18d3b3</Data>
      <Data Name="TerminalSessionId">1</Data>
      <Data Name="IntegrityLevel">High</Data>
      <Data Name="Hashes">SHA1=7150AD53ECDA6DA136F56A41A97F4442F4C3A195,MD5=0ED2577AA82A30B1C1C55843F23B7C69,SHA256=5DC0EFC7CF971F9DA9BD183F4BC5707176F7F829133B3EF90FFBB603516AF921,IMPHASH=B8EE2D6252332A68B70B22E3D6E377D2</Data>
      <Data Name="ParentProcessGuid">{747F3D96-7EE4-5D45-0000-001091122901}</Data>
      <Data Name="ParentProcessId">1240</Data>
      <Data Name="ParentImage">C:\Windows\System32\dcomcnfg.exe</Data>
      <Data Name="ParentCommandLine">"C:\Windows\system32\dcomcnfg.exe" </Data>
    </EventData>
  </Event>
  <Event xmlns="http://schemas.microsoft.com/win/2004/08/events/event">
    <System>
      <Provider Name="Microsoft-Windows-Sysmon" Guid="{5770385F-C22A-43E0-BF4C-06F5698FFBD9}" />
      <EventID>1</EventID>
      <Version>5</Version>
      <Level>4</Level>
      <Task>1</Task>
      <Opcode>0</Opcode>
      <Keywords>0x8000000000000000</Keywords>
      <TimeCreated SystemTime="2019-08-03T12:32:37.261043100Z" />
      <EventRecordID>5502</EventRecordID>
      <Correlation />
      <Execution ProcessID="2780" ThreadID="3676" />
      <Channel>Microsoft-Windows-Sysmon/Operational</Channel>
      <Computer>MSEDGEWIN10</Computer>
      <Security UserID="S-1-5-18" />
    </System>
    <EventData>
      <Data Name="RuleName">
      </Data>
      <Data Name="UtcTime">2019-08-03 12:32:37.072</Data>
      <Data Name="ProcessGuid">{747F3D96-7EE5-5D45-0000-0010B71B2901}</Data>
      <Data Name="ProcessId">344</Data>
      <Data Name="Image">C:\Windows\System32\consent.exe</Data>
      <Data Name="FileVersion">10.0.17763.1 (WinBuild.160101.0800)</Data>
      <Data Name="Description">Consent UI for administrative applications</Data>
      <Data Name="Product">Microsoft« Windows« Operating System</Data>
      <Data Name="Company">Microsoft Corporation</Data>
      <Data Name="CommandLine">consent.exe 896 272 00000280644BCAF0</Data>
      <Data Name="CurrentDirectory">C:\Windows\system32\</Data>
      <Data Name="User">NT AUTHORITY\SYSTEM</Data>
      <Data Name="LogonGuid">{747F3D96-D4E9-5D45-0000-0020E7030000}</Data>
      <Data Name="LogonId">0x3e7</Data>
      <Data Name="TerminalSessionId">1</Data>
      <Data Name="IntegrityLevel">System</Data>
      <Data Name="Hashes">SHA1=9329B2362078DE27242DD4534F588AF3264BF0BF,MD5=27992D7EBE51AEC655A088DE88BAD5C9,SHA256=8F112431143A22BAAAFB448EEFD63BF90E7691C890AC69A296574FD07BA03EC6,IMPHASH=522D83761201075834F05037F5307949</Data>
      <Data Name="ParentProcessGuid">{747F3D96-5769-5D45-0000-001044E83300}</Data>
      <Data Name="ParentProcessId">896</Data>
      <Data Name="ParentImage">C:\Windows\System32\svchost.exe</Data>
      <Data Name="ParentCommandLine">C:\Windows\system32\svchost.exe -k netsvcs -p -s Appinfo</Data>
    </EventData>
  </Event>
  <Event xmlns="http://schemas.microsoft.com/win/2004/08/events/event">
    <System>
      <Provider Name="Microsoft-Windows-Sysmon" Guid="{5770385F-C22A-43E0-BF4C-06F5698FFBD9}" />
      <EventID>5</EventID>
      <Version>3</Version>
      <Level>4</Level>
      <Task>5</Task>
      <Opcode>0</Opcode>
      <Keywords>0x8000000000000000</Keywords>
      <TimeCreated SystemTime="2019-08-03T12:32:38.640201100Z" />
      <EventRecordID>5503</EventRecordID>
      <Correlation />
      <Execution ProcessID="2780" ThreadID="3676" />
      <Channel>Microsoft-Windows-Sysmon/Operational</Channel>
      <Computer>MSEDGEWIN10</Computer>
      <Security UserID="S-1-5-18" />
    </System>
    <EventData>
      <Data Name="RuleName">
      </Data>
      <Data Name="UtcTime">2019-08-03 12:32:37.893</Data>
      <Data Name="ProcessGuid">{747F3D96-7EE2-5D45-0000-00104E852801}</Data>
      <Data Name="ProcessId">5284</Data>
      <Data Name="Image">C:\Users\IEUser\Desktop\UACME.exe</Data>
    </EventData>
  </Event>
  <Event xmlns="http://schemas.microsoft.com/win/2004/08/events/event">
    <System>
      <Provider Name="Microsoft-Windows-Sysmon" Guid="{5770385F-C22A-43E0-BF4C-06F5698FFBD9}" />
      <EventID>1</EventID>
      <Version>5</Version>
      <Level>4</Level>
      <Task>1</Task>
      <Opcode>0</Opcode>
      <Keywords>0x8000000000000000</Keywords>
      <TimeCreated SystemTime="2019-08-03T12:32:49.013517700Z" />
      <EventRecordID>5504</EventRecordID>
      <Correlation />
      <Execution ProcessID="2780" ThreadID="3676" />
      <Channel>Microsoft-Windows-Sysmon/Operational</Channel>
      <Computer>MSEDGEWIN10</Computer>
      <Security UserID="S-1-5-18" />
    </System>
    <EventData>
      <Data Name="RuleName">
      </Data>
      <Data Name="UtcTime">2019-08-03 12:32:49.006</Data>
      <Data Name="ProcessGuid">{747F3D96-7EF1-5D45-0000-0010DDBF2901}</Data>
      <Data Name="ProcessId">796</Data>
      <Data Name="Image">C:\Windows\System32\consent.exe</Data>
      <Data Name="FileVersion">10.0.17763.1 (WinBuild.160101.0800)</Data>
      <Data Name="Description">Consent UI for administrative applications</Data>
      <Data Name="Product">Microsoft« Windows« Operating System</Data>
      <Data Name="Company">Microsoft Corporation</Data>
      <Data Name="CommandLine">consent.exe 896 272 00000280644BC3D0</Data>
      <Data Name="CurrentDirectory">C:\Windows\system32\</Data>
      <Data Name="User">NT AUTHORITY\SYSTEM</Data>
      <Data Name="LogonGuid">{747F3D96-D4E9-5D45-0000-0020E7030000}</Data>
      <Data Name="LogonId">0x3e7</Data>
      <Data Name="TerminalSessionId">1</Data>
      <Data Name="IntegrityLevel">System</Data>
      <Data Name="Hashes">SHA1=9329B2362078DE27242DD4534F588AF3264BF0BF,MD5=27992D7EBE51AEC655A088DE88BAD5C9,SHA256=8F112431143A22BAAAFB448EEFD63BF90E7691C890AC69A296574FD07BA03EC6,IMPHASH=522D83761201075834F05037F5307949</Data>
      <Data Name="ParentProcessGuid">{747F3D96-5769-5D45-0000-001044E83300}</Data>
      <Data Name="ParentProcessId">896</Data>
      <Data Name="ParentImage">C:\Windows\System32\svchost.exe</Data>
      <Data Name="ParentCommandLine">C:\Windows\system32\svchost.exe -k netsvcs -p -s Appinfo</Data>
    </EventData>
  </Event>
  <Event xmlns="http://schemas.microsoft.com/win/2004/08/events/event">
    <System>
      <Provider Name="Microsoft-Windows-Sysmon" Guid="{5770385F-C22A-43E0-BF4C-06F5698FFBD9}" />
      <EventID>5</EventID>
      <Version>3</Version>
      <Level>4</Level>
      <Task>5</Task>
      <Opcode>0</Opcode>
      <Keywords>0x8000000000000000</Keywords>
      <TimeCreated SystemTime="2019-08-03T12:32:49.525844000Z" />
      <EventRecordID>5505</EventRecordID>
      <Correlation />
      <Execution ProcessID="2780" ThreadID="3676" />
      <Channel>Microsoft-Windows-Sysmon/Operational</Channel>
      <Computer>MSEDGEWIN10</Computer>
      <Security UserID="S-1-5-18" />
    </System>
    <EventData>
      <Data Name="RuleName">
      </Data>
      <Data Name="UtcTime">2019-08-03 12:32:49.520</Data>
      <Data Name="ProcessGuid">{747F3D96-7E25-5D45-0000-0010D0AF2301}</Data>
      <Data Name="ProcessId">7400</Data>
      <Data Name="Image">C:\Users\IEUser\Desktop\UACME.exe</Data>
    </EventData>
  </Event>
</root>