<root>
  <Event xmlns="http://schemas.microsoft.com/win/2004/08/events/event">
    <System>
      <Provider Name="Microsoft-Windows-Sysmon" Guid="{5770385F-C22A-43E0-BF4C-06F5698FFBD9}" />
      <EventID>10</EventID>
      <Version>3</Version>
      <Level>4</Level>
      <Task>10</Task>
      <Opcode>0</Opcode>
      <Keywords>0x8000000000000000</Keywords>
      <TimeCreated SystemTime="2019-03-17T19:37:11.661930400Z" />
      <EventRecordID>4807</EventRecordID>
      <Correlation />
      <Execution ProcessID="344" ThreadID="2032" />
      <Channel>Microsoft-Windows-Sysmon/Operational</Channel>
      <Computer>PC04.example.corp</Computer>
      <Security UserID="S-1-5-18" />
    </System>
    <EventData>
      <Data Name="RuleName">
      </Data>
      <Data Name="UtcTime">2019-03-17 19:37:11.641</Data>
      <Data Name="SourceProcessGUID">{365ABB72-A1E3-5C8E-0000-0010CEF72200}</Data>
      <Data Name="SourceProcessId">3588</Data>
      <Data Name="SourceThreadId">2272</Data>
      <Data Name="SourceImage">C:\Users\IEUser\Desktop\mimikatz_trunk\Win32\mimikatz.exe</Data>
      <Data Name="TargetProcessGUID">{365ABB72-0886-5C8F-0000-001030560000}</Data>
      <Data Name="TargetProcessId">476</Data>
      <Data Name="TargetImage">C:\Windows\system32\lsass.exe</Data>
      <Data Name="GrantedAccess">0x1010</Data>
      <Data Name="CallTrace">C:\Windows\SYSTEM32\ntdll.dll+4595c|C:\Windows\system32\KERNELBASE.dll+8185|C:\Users\IEUser\Desktop\mimikatz_trunk\Win32\mimikatz.exe+5c5a9|C:\Users\IEUser\Desktop\mimikatz_trunk\Win32\mimikatz.exe+5c86c|C:\Users\IEUser\Desktop\mimikatz_trunk\Win32\mimikatz.exe+5cbd2|C:\Users\IEUser\Desktop\mimikatz_trunk\Win32\mimikatz.exe+5c4ff|C:\Users\IEUser\Desktop\mimikatz_trunk\Win32\mimikatz.exe+3b3d3</Data>
    </EventData>
  </Event>
</root>