<root>
  <Event xmlns="http://schemas.microsoft.com/win/2004/08/events/event">
    <System>
      <Provider Name="Microsoft-Windows-Sysmon" Guid="{5770385F-C22A-43E0-BF4C-06F5698FFBD9}" />
      <EventID>1</EventID>
      <Version>5</Version>
      <Level>4</Level>
      <Task>1</Task>
      <Opcode>0</Opcode>
      <Keywords>0x8000000000000000</Keywords>
      <TimeCreated SystemTime="2019-05-12T00:32:24.461387400Z" />
      <EventRecordID>16242</EventRecordID>
      <Correlation />
      <Execution ProcessID="1996" ThreadID="1832" />
      <Channel>Microsoft-Windows-Sysmon/Operational</Channel>
      <Computer>IEWIN7</Computer>
      <Security UserID="S-1-5-18" />
    </System>
    <EventData>
      <Data Name="RuleName">
      </Data>
      <Data Name="UtcTime">2019-05-12 00:32:24.461</Data>
      <Data Name="ProcessGuid">{365ABB72-6998-5CD7-0000-00104E422200}</Data>
      <Data Name="ProcessId">2740</Data>
      <Data Name="Image">C:\Python27\python.exe</Data>
      <Data Name="FileVersion">?</Data>
      <Data Name="Description">?</Data>
      <Data Name="Product">?</Data>
      <Data Name="Company">?</Data>
      <Data Name="CommandLine">python  winpwnage.py -u elevate -i 4 -p c:\Windows\System32\cmd.exe</Data>
      <Data Name="CurrentDirectory">c:\Users\IEUser\Downloads\WinPwnage-master\WinPwnage-master\</Data>
      <Data Name="User">IEWIN7\IEUser</Data>
      <Data Name="LogonGuid">{365ABB72-5DEC-5CD7-0000-00204A380100}</Data>
      <Data Name="LogonId">0x1384a</Data>
      <Data Name="TerminalSessionId">1</Data>
      <Data Name="IntegrityLevel">High</Data>
      <Data Name="Hashes">SHA1=ECA93AAAA5039E12D2F0CC3F0C8F5AF8FDB15C71,MD5=E11683E4A1E88666DD5E0331F969E0C6,SHA256=B6B4BD10303797C209C4F3C3FCC863A925A77AE2C38090FB8B3FF1BF9C4DDE84,IMPHASH=F3F3DE6C332CF6049756A5B794EBD0C5</Data>
      <Data Name="ParentProcessGuid">{365ABB72-694A-5CD7-0000-0010BCFA2100}</Data>
      <Data Name="ParentProcessId">3672</Data>
      <Data Name="ParentImage">C:\Windows\System32\cmd.exe</Data>
      <Data Name="ParentCommandLine">"C:\Windows\System32\cmd.exe" </Data>
    </EventData>
  </Event>
  <Event xmlns="http://schemas.microsoft.com/win/2004/08/events/event">
    <System>
      <Provider Name="Microsoft-Windows-Sysmon" Guid="{5770385F-C22A-43E0-BF4C-06F5698FFBD9}" />
      <EventID>1</EventID>
      <Version>5</Version>
      <Level>4</Level>
      <Task>1</Task>
      <Opcode>0</Opcode>
      <Keywords>0x8000000000000000</Keywords>
      <TimeCreated SystemTime="2019-05-12T00:32:30.211387400Z" />
      <EventRecordID>16243</EventRecordID>
      <Correlation />
      <Execution ProcessID="1996" ThreadID="1832" />
      <Channel>Microsoft-Windows-Sysmon/Operational</Channel>
      <Computer>IEWIN7</Computer>
      <Security UserID="S-1-5-18" />
    </System>
    <EventData>
      <Data Name="RuleName">
      </Data>
      <Data Name="UtcTime">2019-05-12 00:32:30.023</Data>
      <Data Name="ProcessGuid">{365ABB72-699E-5CD7-0000-001073582200}</Data>
      <Data Name="ProcessId">3876</Data>
      <Data Name="Image">C:\Windows\System32\schtasks.exe</Data>
      <Data Name="FileVersion">6.1.7600.16385 (win7_rtm.090713-1255)</Data>
      <Data Name="Description">Manages scheduled tasks</Data>
      <Data Name="Product">Microsoft« Windows« Operating System</Data>
      <Data Name="Company">Microsoft Corporation</Data>
      <Data Name="CommandLine">"C:\Windows\System32\schtasks.exe" /create /xml c:\users\ieuser\appdata\local\temp\elevator.xml /tn elevator</Data>
      <Data Name="CurrentDirectory">c:\Users\IEUser\Downloads\WinPwnage-master\WinPwnage-master\</Data>
      <Data Name="User">IEWIN7\IEUser</Data>
      <Data Name="LogonGuid">{365ABB72-5DEC-5CD7-0000-00204A380100}</Data>
      <Data Name="LogonId">0x1384a</Data>
      <Data Name="TerminalSessionId">1</Data>
      <Data Name="IntegrityLevel">High</Data>
      <Data Name="Hashes">SHA1=8A7E8B05A122B768AB85466B2A3DAF7A358F90F4,MD5=2003E9B15E1C502B146DAD2E383AC1E3,SHA256=15018D0093BEFABBA8B927743191030D1F8C17BB97FDB48C2FC3EAB20E2D4B3D,IMPHASH=D92C80D49382091310FB8DB089F856A9</Data>
      <Data Name="ParentProcessGuid">{365ABB72-6998-5CD7-0000-00104E422200}</Data>
      <Data Name="ParentProcessId">2740</Data>
      <Data Name="ParentImage">C:\Python27\python.exe</Data>
      <Data Name="ParentCommandLine">python  winpwnage.py -u elevate -i 4 -p c:\Windows\System32\cmd.exe</Data>
    </EventData>
  </Event>
  <Event xmlns="http://schemas.microsoft.com/win/2004/08/events/event">
    <System>
      <Provider Name="Microsoft-Windows-Sysmon" Guid="{5770385F-C22A-43E0-BF4C-06F5698FFBD9}" />
      <EventID>11</EventID>
      <Version>2</Version>
      <Level>4</Level>
      <Task>11</Task>
      <Opcode>0</Opcode>
      <Keywords>0x8000000000000000</Keywords>
      <TimeCreated SystemTime="2019-05-12T00:32:30.227012400Z" />
      <EventRecordID>16244</EventRecordID>
      <Correlation />
      <Execution ProcessID="1996" ThreadID="1832" />
      <Channel>Microsoft-Windows-Sysmon/Operational</Channel>
      <Computer>IEWIN7</Computer>
      <Security UserID="S-1-5-18" />
    </System>
    <EventData>
      <Data Name="RuleName">
      </Data>
      <Data Name="UtcTime">2019-05-12 00:32:30.086</Data>
      <Data Name="ProcessGuid">{365ABB72-5DEA-5CD7-0000-001077D20000}</Data>
      <Data Name="ProcessId">972</Data>
      <Data Name="Image">C:\Windows\system32\svchost.exe</Data>
      <Data Name="TargetFilename">C:\Windows\System32\Tasks\elevator</Data>
      <Data Name="CreationUtcTime">2019-05-12 00:32:30.086</Data>
    </EventData>
  </Event>
  <Event xmlns="http://schemas.microsoft.com/win/2004/08/events/event">
    <System>
      <Provider Name="Microsoft-Windows-Sysmon" Guid="{5770385F-C22A-43E0-BF4C-06F5698FFBD9}" />
      <EventID>1</EventID>
      <Version>5</Version>
      <Level>4</Level>
      <Task>1</Task>
      <Opcode>0</Opcode>
      <Keywords>0x8000000000000000</Keywords>
      <TimeCreated SystemTime="2019-05-12T00:32:35.258262400Z" />
      <EventRecordID>16245</EventRecordID>
      <Correlation />
      <Execution ProcessID="1996" ThreadID="1832" />
      <Channel>Microsoft-Windows-Sysmon/Operational</Channel>
      <Computer>IEWIN7</Computer>
      <Security UserID="S-1-5-18" />
    </System>
    <EventData>
      <Data Name="RuleName">
      </Data>
      <Data Name="UtcTime">2019-05-12 00:32:35.070</Data>
      <Data Name="ProcessGuid">{365ABB72-69A3-5CD7-0000-0010306F2200}</Data>
      <Data Name="ProcessId">3752</Data>
      <Data Name="Image">C:\Windows\System32\schtasks.exe</Data>
      <Data Name="FileVersion">6.1.7600.16385 (win7_rtm.090713-1255)</Data>
      <Data Name="Description">Manages scheduled tasks</Data>
      <Data Name="Product">Microsoft« Windows« Operating System</Data>
      <Data Name="Company">Microsoft Corporation</Data>
      <Data Name="CommandLine">"C:\Windows\System32\schtasks.exe" /run /tn elevator</Data>
      <Data Name="CurrentDirectory">c:\Users\IEUser\Downloads\WinPwnage-master\WinPwnage-master\</Data>
      <Data Name="User">IEWIN7\IEUser</Data>
      <Data Name="LogonGuid">{365ABB72-5DEC-5CD7-0000-00204A380100}</Data>
      <Data Name="LogonId">0x1384a</Data>
      <Data Name="TerminalSessionId">1</Data>
      <Data Name="IntegrityLevel">High</Data>
      <Data Name="Hashes">SHA1=8A7E8B05A122B768AB85466B2A3DAF7A358F90F4,MD5=2003E9B15E1C502B146DAD2E383AC1E3,SHA256=15018D0093BEFABBA8B927743191030D1F8C17BB97FDB48C2FC3EAB20E2D4B3D,IMPHASH=D92C80D49382091310FB8DB089F856A9</Data>
      <Data Name="ParentProcessGuid">{365ABB72-6998-5CD7-0000-00104E422200}</Data>
      <Data Name="ParentProcessId">2740</Data>
      <Data Name="ParentImage">C:\Python27\python.exe</Data>
      <Data Name="ParentCommandLine">python  winpwnage.py -u elevate -i 4 -p c:\Windows\System32\cmd.exe</Data>
    </EventData>
  </Event>
  <Event xmlns="http://schemas.microsoft.com/win/2004/08/events/event">
    <System>
      <Provider Name="Microsoft-Windows-Sysmon" Guid="{5770385F-C22A-43E0-BF4C-06F5698FFBD9}" />
      <EventID>1</EventID>
      <Version>5</Version>
      <Level>4</Level>
      <Task>1</Task>
      <Opcode>0</Opcode>
      <Keywords>0x8000000000000000</Keywords>
      <TimeCreated SystemTime="2019-05-12T00:32:35.352012400Z" />
      <EventRecordID>16248</EventRecordID>
      <Correlation />
      <Execution ProcessID="1996" ThreadID="1832" />
      <Channel>Microsoft-Windows-Sysmon/Operational</Channel>
      <Computer>IEWIN7</Computer>
      <Security UserID="S-1-5-18" />
    </System>
    <EventData>
      <Data Name="RuleName">
      </Data>
      <Data Name="UtcTime">2019-05-12 00:32:35.289</Data>
      <Data Name="ProcessGuid">{365ABB72-69A3-5CD7-0000-00109D7F2200}</Data>
      <Data Name="ProcessId">1860</Data>
      <Data Name="Image">C:\Windows\System32\cmd.exe</Data>
      <Data Name="FileVersion">6.1.7601.17514 (win7sp1_rtm.101119-1850)</Data>
      <Data Name="Description">Windows Command Processor</Data>
      <Data Name="Product">Microsoft« Windows« Operating System</Data>
      <Data Name="Company">Microsoft Corporation</Data>
      <Data Name="CommandLine">c:\Windows\System32\cmd.exe </Data>
      <Data Name="CurrentDirectory">C:\Windows\system32\</Data>
      <Data Name="User">NT AUTHORITY\SYSTEM</Data>
      <Data Name="LogonGuid">{365ABB72-DC77-5CD7-0000-0020E7030000}</Data>
      <Data Name="LogonId">0x3e7</Data>
      <Data Name="TerminalSessionId">0</Data>
      <Data Name="IntegrityLevel">System</Data>
      <Data Name="Hashes">SHA1=EE8CBF12D87C4D388F09B4F69BED2E91682920B5,MD5=AD7B9C14083B52BC532FBA5948342B98,SHA256=17F746D82695FA9B35493B41859D39D786D32B23A9D2E00F4011DEC7A02402AE,IMPHASH=CEEFB55F764020CC5C5F8F23349AB163</Data>
      <Data Name="ParentProcessGuid">{365ABB72-69A3-5CD7-0000-001064792200}</Data>
      <Data Name="ParentProcessId">3432</Data>
      <Data Name="ParentImage">C:\Windows\System32\taskeng.exe</Data>
      <Data Name="ParentCommandLine">taskeng.exe {9C7BC894-6658-423B-9B58-61636DBB1451} S-1-5-18:NT AUTHORITY\System:Service:</Data>
    </EventData>
  </Event>
  <Event xmlns="http://schemas.microsoft.com/win/2004/08/events/event">
    <System>
      <Provider Name="Microsoft-Windows-Sysmon" Guid="{5770385F-C22A-43E0-BF4C-06F5698FFBD9}" />
      <EventID>1</EventID>
      <Version>5</Version>
      <Level>4</Level>
      <Task>1</Task>
      <Opcode>0</Opcode>
      <Keywords>0x8000000000000000</Keywords>
      <TimeCreated SystemTime="2019-05-12T00:32:40.342246700Z" />
      <EventRecordID>16249</EventRecordID>
      <Correlation />
      <Execution ProcessID="1996" ThreadID="1832" />
      <Channel>Microsoft-Windows-Sysmon/Operational</Channel>
      <Computer>IEWIN7</Computer>
      <Security UserID="S-1-5-18" />
    </System>
    <EventData>
      <Data Name="RuleName">
      </Data>
      <Data Name="UtcTime">2019-05-12 00:32:40.164</Data>
      <Data Name="ProcessGuid">{365ABB72-69A8-5CD7-0000-0010C0982200}</Data>
      <Data Name="ProcessId">3792</Data>
      <Data Name="Image">C:\Windows\System32\schtasks.exe</Data>
      <Data Name="FileVersion">6.1.7600.16385 (win7_rtm.090713-1255)</Data>
      <Data Name="Description">Manages scheduled tasks</Data>
      <Data Name="Product">Microsoft« Windows« Operating System</Data>
      <Data Name="Company">Microsoft Corporation</Data>
      <Data Name="CommandLine">"C:\Windows\System32\schtasks.exe" /delete /tn elevator</Data>
      <Data Name="CurrentDirectory">c:\Users\IEUser\Downloads\WinPwnage-master\WinPwnage-master\</Data>
      <Data Name="User">IEWIN7\IEUser</Data>
      <Data Name="LogonGuid">{365ABB72-5DEC-5CD7-0000-00204A380100}</Data>
      <Data Name="LogonId">0x1384a</Data>
      <Data Name="TerminalSessionId">1</Data>
      <Data Name="IntegrityLevel">High</Data>
      <Data Name="Hashes">SHA1=8A7E8B05A122B768AB85466B2A3DAF7A358F90F4,MD5=2003E9B15E1C502B146DAD2E383AC1E3,SHA256=15018D0093BEFABBA8B927743191030D1F8C17BB97FDB48C2FC3EAB20E2D4B3D,IMPHASH=D92C80D49382091310FB8DB089F856A9</Data>
      <Data Name="ParentProcessGuid">{365ABB72-6998-5CD7-0000-00104E422200}</Data>
      <Data Name="ParentProcessId">2740</Data>
      <Data Name="ParentImage">C:\Python27\python.exe</Data>
      <Data Name="ParentCommandLine">python  winpwnage.py -u elevate -i 4 -p c:\Windows\System32\cmd.exe</Data>
    </EventData>
  </Event>
</root>