<root>
  <Event xmlns="http://schemas.microsoft.com/win/2004/08/events/event">
    <System>
      <Provider Name="Microsoft-Windows-Security-Auditing" Guid="{54849625-5478-4994-A5BA-3E3B0328C30D}" />
      <EventID>4698</EventID>
      <Version>0</Version>
      <Level>0</Level>
      <Task>12804</Task>
      <Opcode>0</Opcode>
      <Keywords>0x8020000000000000</Keywords>
      <TimeCreated SystemTime="2019-03-19T00:02:04.319945200Z" />
      <EventRecordID>566836</EventRecordID>
      <Correlation />
      <Execution ProcessID="452" ThreadID="2836" />
      <Channel>Security</Channel>
      <Computer>WIN-77LTAPHIQ1R.example.corp</Computer>
      <Security />
    </System>
    <EventData>
      <Data Name="SubjectUserSid">S-1-5-21-1587066498-1489273250-1035260531-500</Data>
      <Data Name="SubjectUserName">Administrator</Data>
      <Data Name="SubjectDomainName">EXAMPLE</Data>
      <Data Name="SubjectLogonId">0x17e2d2</Data>
      <Data Name="TaskName">\CYAlyNSS</Data>
      <Data Name="TaskContent">&lt;?xml version="1.0" encoding="UTF-16"?&gt;
&lt;Task version="1.2" xmlns="http://schemas.microsoft.com/windows/2004/02/mit/task"&gt;
  &lt;Triggers&gt;
    &lt;CalendarTrigger&gt;
      &lt;StartBoundary&gt;2015-07-15T20:35:13.2757294&lt;/StartBoundary&gt;
      &lt;Enabled&gt;true&lt;/Enabled&gt;
      &lt;ScheduleByDay&gt;
        &lt;DaysInterval&gt;1&lt;/DaysInterval&gt;
      &lt;/ScheduleByDay&gt;
    &lt;/CalendarTrigger&gt;
  &lt;/Triggers&gt;
  &lt;Principals&gt;
    &lt;Principal id="LocalSystem"&gt;
      &lt;UserId&gt;S-1-5-18&lt;/UserId&gt;
      &lt;RunLevel&gt;HighestAvailable&lt;/RunLevel&gt;
      &lt;LogonType&gt;InteractiveToken&lt;/LogonType&gt;
    &lt;/Principal&gt;
  &lt;/Principals&gt;
  &lt;Settings&gt;
    &lt;MultipleInstancesPolicy&gt;IgnoreNew&lt;/MultipleInstancesPolicy&gt;
    &lt;DisallowStartIfOnBatteries&gt;false&lt;/DisallowStartIfOnBatteries&gt;
    &lt;StopIfGoingOnBatteries&gt;false&lt;/StopIfGoingOnBatteries&gt;
    &lt;AllowHardTerminate&gt;true&lt;/AllowHardTerminate&gt;
    &lt;RunOnlyIfNetworkAvailable&gt;false&lt;/RunOnlyIfNetworkAvailable&gt;
    &lt;IdleSettings&gt;
      &lt;StopOnIdleEnd&gt;true&lt;/StopOnIdleEnd&gt;
      &lt;RestartOnIdle&gt;false&lt;/RestartOnIdle&gt;
    &lt;/IdleSettings&gt;
    &lt;AllowStartOnDemand&gt;true&lt;/AllowStartOnDemand&gt;
    &lt;Enabled&gt;true&lt;/Enabled&gt;
    &lt;Hidden&gt;true&lt;/Hidden&gt;
    &lt;RunOnlyIfIdle&gt;false&lt;/RunOnlyIfIdle&gt;
    &lt;WakeToRun&gt;false&lt;/WakeToRun&gt;
    &lt;ExecutionTimeLimit&gt;P3D&lt;/ExecutionTimeLimit&gt;
    &lt;Priority&gt;7&lt;/Priority&gt;
  &lt;/Settings&gt;
  &lt;Actions Context="LocalSystem"&gt;
    &lt;Exec&gt;
      &lt;Command&gt;cmd.exe&lt;/Command&gt;
      &lt;Arguments&gt;/C tasklist &amp;gt; %windir%\Temp\CYAlyNSS.tmp 2&amp;gt;&amp;amp;1&lt;/Arguments&gt;
    &lt;/Exec&gt;
  &lt;/Actions&gt;
&lt;/Task&gt;</Data>
    </EventData>
  </Event>
  <Event xmlns="http://schemas.microsoft.com/win/2004/08/events/event">
    <System>
      <Provider Name="Microsoft-Windows-Security-Auditing" Guid="{54849625-5478-4994-A5BA-3E3B0328C30D}" />
      <EventID>4699</EventID>
      <Version>0</Version>
      <Level>0</Level>
      <Task>12804</Task>
      <Opcode>0</Opcode>
      <Keywords>0x8020000000000000</Keywords>
      <TimeCreated SystemTime="2019-03-19T00:02:04.351252700Z" />
      <EventRecordID>566840</EventRecordID>
      <Correlation />
      <Execution ProcessID="452" ThreadID="2836" />
      <Channel>Security</Channel>
      <Computer>WIN-77LTAPHIQ1R.example.corp</Computer>
      <Security />
    </System>
    <EventData>
      <Data Name="SubjectUserSid">S-1-5-21-1587066498-1489273250-1035260531-500</Data>
      <Data Name="SubjectUserName">Administrator</Data>
      <Data Name="SubjectDomainName">EXAMPLE</Data>
      <Data Name="SubjectLogonId">0x17e2d2</Data>
      <Data Name="TaskName">\CYAlyNSS</Data>
      <Data Name="TaskContent">&lt;?xml version="1.0" encoding="UTF-16"?&gt;
&lt;Task version="1.2" xmlns="http://schemas.microsoft.com/windows/2004/02/mit/task"&gt;
  &lt;Triggers&gt;
    &lt;CalendarTrigger&gt;
      &lt;StartBoundary&gt;2015-07-15T20:35:13.2757294&lt;/StartBoundary&gt;
      &lt;Enabled&gt;true&lt;/Enabled&gt;
      &lt;ScheduleByDay&gt;
        &lt;DaysInterval&gt;1&lt;/DaysInterval&gt;
      &lt;/ScheduleByDay&gt;
    &lt;/CalendarTrigger&gt;
  &lt;/Triggers&gt;
  &lt;Principals&gt;
    &lt;Principal id="LocalSystem"&gt;
      &lt;UserId&gt;S-1-5-18&lt;/UserId&gt;
      &lt;RunLevel&gt;HighestAvailable&lt;/RunLevel&gt;
      &lt;LogonType&gt;InteractiveToken&lt;/LogonType&gt;
    &lt;/Principal&gt;
  &lt;/Principals&gt;
  &lt;Settings&gt;
    &lt;MultipleInstancesPolicy&gt;IgnoreNew&lt;/MultipleInstancesPolicy&gt;
    &lt;DisallowStartIfOnBatteries&gt;false&lt;/DisallowStartIfOnBatteries&gt;
    &lt;StopIfGoingOnBatteries&gt;false&lt;/StopIfGoingOnBatteries&gt;
    &lt;AllowHardTerminate&gt;true&lt;/AllowHardTerminate&gt;
    &lt;RunOnlyIfNetworkAvailable&gt;false&lt;/RunOnlyIfNetworkAvailable&gt;
    &lt;IdleSettings&gt;
      &lt;StopOnIdleEnd&gt;true&lt;/StopOnIdleEnd&gt;
      &lt;RestartOnIdle&gt;false&lt;/RestartOnIdle&gt;
    &lt;/IdleSettings&gt;
    &lt;AllowStartOnDemand&gt;true&lt;/AllowStartOnDemand&gt;
    &lt;Enabled&gt;true&lt;/Enabled&gt;
    &lt;Hidden&gt;true&lt;/Hidden&gt;
    &lt;RunOnlyIfIdle&gt;false&lt;/RunOnlyIfIdle&gt;
    &lt;WakeToRun&gt;false&lt;/WakeToRun&gt;
    &lt;ExecutionTimeLimit&gt;P3D&lt;/ExecutionTimeLimit&gt;
    &lt;Priority&gt;7&lt;/Priority&gt;
  &lt;/Settings&gt;
  &lt;Actions Context="LocalSystem"&gt;
    &lt;Exec&gt;
      &lt;Command&gt;cmd.exe&lt;/Command&gt;
      &lt;Arguments&gt;/C tasklist &amp;gt; %windir%\Temp\CYAlyNSS.tmp 2&amp;gt;&amp;amp;1&lt;/Arguments&gt;
    &lt;/Exec&gt;
  &lt;/Actions&gt;
&lt;/Task&gt;</Data>
    </EventData>
  </Event>
</root>